16:30:07.472   ENGINE       : FileSystem: Adding relative directory 'C:\Users\jaco5\Documents\My Games\ArmaReforgerWorkbench\profile' to filesystem under name profile
16:30:07.473   ENGINE       : FileSystem: Current working directory: 'C:\Users\jaco5\Documents\My Games\ArmaReforgerWorkbench\addons\Oaschloch\RAMI_AdvancedMedicalInterface\'
16:30:07.474  PROFILING    : Workbench Create Engine took: 5.822000 ms
16:30:08.491   INIT         : INIT         : Workbench Init Engine
16:30:08.492   DEFAULT      : Change in Qt version detected (unknown -> 6.8.3). Clearing layouts registry.
16:30:08.494   ENGINE       : Initializing engine, version 191843
16:30:08.494   ENGINE       : CLI Params: -gproj C:\Users\jaco5\Documents\My Games\ArmaReforgerWorkbench\addons\Oaschloch\RAMI_AdvancedMedicalInterface\RAMI_AdvancedMedicalInterface.gproj -addonsDir C:\Program Files (x86)\Steam\steamapps\common\Arma Reforger\addons,C:\Users\jaco5\Documents\My Games\ArmaReforger\addons,C:\Users\jaco5\Documents\My Games\ArmaReforgerWorkbench\addons 
16:30:08.540   ENGINE       : Addon dirs:
16:30:08.540    ENGINE       : dir: 'C:/Users/jaco5/Documents/My Games/ArmaReforgerWorkbench/addons/Oaschloch/RAMI_AdvancedMedicalInterface/'
16:30:08.540    ENGINE       : dir: 'C:/Program Files (x86)/Steam/steamapps/common/Arma Reforger/addons'
16:30:08.540    ENGINE       : dir: 'C:/Users/jaco5/Documents/My Games/ArmaReforger/addons'
16:30:08.540    ENGINE       : dir: './addons'
16:30:08.540    ENGINE       : dir: 'C:/Users/jaco5/Documents/My Games/ArmaReforgerWorkbench/addons'
16:30:08.540   ENGINE       : Available addons:
16:30:08.541    ENGINE       : gproj: 'C:/Users/jaco5/Documents/My Games/ArmaReforgerWorkbench/addons/Oaschloch/RAMI_AdvancedMedicalInterface/RAMI_AdvancedMedicalInterface.gproj' guid: 'D36C5B996922FFDE'
16:30:08.541    ENGINE       : gproj: 'C:/Program Files (x86)/Steam/steamapps/common/Arma Reforger/addons/core/core.gproj' guid: '5614BBCCBB55ED1C' (packed)
16:30:08.541    ENGINE       : gproj: 'C:/Program Files (x86)/Steam/steamapps/common/Arma Reforger/addons/data/ArmaReforger.gproj' guid: '58D0FB3206B6F859' (packed)
16:30:08.541    ENGINE       : gproj: 'C:/Users/jaco5/Documents/My Games/ArmaReforger/addons/15thMEUTeleporter_6858E3C74D3CB594/addon.gproj' guid: '6858E3C74D3CB594' (packed)
16:30:08.541    ENGINE       : gproj: 'C:/Users/jaco5/Documents/My Games/ArmaReforger/addons/506IRRU-EnhancedRadio_672B0395726428B6/addon.gproj' guid: '672B0395726428B6' (packed)
16:30:08.541    ENGINE       : gproj: 'C:/Users/jaco5/Documents/My Games/ArmaReforger/addons/506IRRU-GMContactView_684E4A9994D415E5/addon.gproj' guid: '684E4A9994D415E5' (packed)
16:30:08.541    ENGINE       : gproj: 'C:/Users/jaco5/Documents/My Games/ArmaReforger/addons/AccurateMapMarkers_670C26EAB7B57C77/addon.gproj' guid: '670C26EAB7B57C77' (packed)
16:30:08.541    ENGINE       : gproj: 'C:/Users/jaco5/Documents/My Games/ArmaReforger/addons/ACEAllinOneDev_65AD7BE594439A52/dev.gproj' guid: '65AD7BE594439A52' (packed)
16:30:08.541    ENGINE       : gproj: 'C:/Users/jaco5/Documents/My Games/ArmaReforger/addons/ACEBackblastDev_65AD7C139EB4C1A1/dev.gproj' guid: '65AD7C139EB4C1A1' (packed)
16:30:08.542    ENGINE       : gproj: 'C:/Users/jaco5/Documents/My Games/ArmaReforger/addons/ACEBallisticsDev_68F77A54920B80AF/dev.gproj' guid: '68F77A54920B80AF' (packed)
16:30:08.542    ENGINE       : gproj: 'C:/Users/jaco5/Documents/My Games/ArmaReforger/addons/ACECaptivesDev_65AD7C249E4ECDFB/dev.gproj' guid: '65AD7C249E4ECDFB' (packed)
16:30:08.542    ENGINE       : gproj: 'C:/Users/jaco5/Documents/My Games/ArmaReforger/addons/ACECarryingDev_65AD7C379CBD394D/dev.gproj' guid: '65AD7C379CBD394D' (packed)
16:30:08.542    ENGINE       : gproj: 'C:/Users/jaco5/Documents/My Games/ArmaReforger/addons/ACEChoppingDev_65AD7BCC9F6B3B4E/dev.gproj' guid: '65AD7BCC9F6B3B4E' (packed)
16:30:08.542    ENGINE       : gproj: 'C:/Users/jaco5/Documents/My Games/ArmaReforger/addons/ACECompassDev_65AD7CF69FAF1FDD/dev.gproj' guid: '65AD7CF69FAF1FDD' (packed)
16:30:08.542    ENGINE       : gproj: 'C:/Users/jaco5/Documents/My Games/ArmaReforger/addons/ACECook-OffDev_664AFDC993C9CE1A/dev.gproj' guid: '664AFDC993C9CE1A' (packed)
16:30:08.542    ENGINE       : gproj: 'C:/Users/jaco5/Documents/My Games/ArmaReforger/addons/ACECoreDev_65AD7D0D9941A380/dev.gproj' guid: '65AD7D0D9941A380' (packed)
16:30:08.542    ENGINE       : gproj: 'C:/Users/jaco5/Documents/My Games/ArmaReforger/addons/ACEExplosivesDev_65AD7D1E9EEAFA53/dev.gproj' guid: '65AD7D1E9EEAFA53' (packed)
16:30:08.543    ENGINE       : gproj: 'C:/Users/jaco5/Documents/My Games/ArmaReforger/addons/ACEFacepaintDev_68EAA4B96976D557/dev.gproj' guid: '68EAA4B96976D557' (packed)
16:30:08.543    ENGINE       : gproj: 'C:/Users/jaco5/Documents/My Games/ArmaReforger/addons/ACEFingerDev_65AD7D2E9866FA6E/dev.gproj' guid: '65AD7D2E9866FA6E' (packed)
16:30:08.543    ENGINE       : gproj: 'C:/Users/jaco5/Documents/My Games/ArmaReforger/addons/ACEMagazineRepackDev_65AD7D4099944EBD/dev.gproj' guid: '65AD7D4099944EBD' (packed)
16:30:08.543    ENGINE       : gproj: 'C:/Users/jaco5/Documents/My Games/ArmaReforger/addons/ACEMedicalBreathingDev_671F73D99978B4F2/dev.gproj' guid: '671F73D99978B4F2' (packed)
16:30:08.543    ENGINE       : gproj: 'C:/Users/jaco5/Documents/My Games/ArmaReforger/addons/ACEMedicalCirculationDev_65AD7D4F994EA327/dev.gproj' guid: '65AD7D4F994EA327' (packed)
16:30:08.543    ENGINE       : gproj: 'C:/Users/jaco5/Documents/My Games/ArmaReforger/addons/ACEMedicalCoreDev_6586079789278413/dev.gproj' guid: '6586079789278413' (packed)
16:30:08.543    ENGINE       : gproj: 'C:/Users/jaco5/Documents/My Games/ArmaReforger/addons/ACEMedicalHitzonesDev_65B343F799FB521B/dev.gproj' guid: '65B343F799FB521B' (packed)
16:30:08.543    ENGINE       : gproj: 'C:/Users/jaco5/Documents/My Games/ArmaReforger/addons/ACEOverheatingDev_65B8EA178A3E94E3/dev.gproj' guid: '65B8EA178A3E94E3' (packed)
16:30:08.544    ENGINE       : gproj: 'C:/Users/jaco5/Documents/My Games/ArmaReforger/addons/ACERadioDev_65AD7C75826B46C6/dev.gproj' guid: '65AD7C75826B46C6' (packed)
16:30:08.544    ENGINE       : gproj: 'C:/Users/jaco5/Documents/My Games/ArmaReforger/addons/ACEScopesDev_68FC0EDE9F677A3C/dev.gproj' guid: '68FC0EDE9F677A3C' (packed)
16:30:08.544    ENGINE       : gproj: 'C:/Users/jaco5/Documents/My Games/ArmaReforger/addons/ACETacticalLadderDev_65AD7CB89F219E38/dev.gproj' guid: '65AD7CB89F219E38' (packed)
16:30:08.544    ENGINE       : gproj: 'C:/Users/jaco5/Documents/My Games/ArmaReforger/addons/ACETacticalPeriscopeDev_65AD7CD09CAEC4E2/dev.gproj' guid: '65AD7CD09CAEC4E2' (packed)
16:30:08.544    ENGINE       : gproj: 'C:/Users/jaco5/Documents/My Games/ArmaReforger/addons/ACETrenchesDev_65AD7CE59E8DB349/dev.gproj' guid: '65AD7CE59E8DB349' (packed)
16:30:08.544    ENGINE       : gproj: 'C:/Users/jaco5/Documents/My Games/ArmaReforger/addons/ACEWeatherDev_667B230F9505C8BA/dev.gproj' guid: '667B230F9505C8BA' (packed)
16:30:08.544    ENGINE       : gproj: 'C:/Users/jaco5/Documents/My Games/ArmaReforger/addons/AIHornyMute_6877455D094BA18C/addon.gproj' guid: '6877455D094BA18C' (packed)
16:30:08.544    ENGINE       : gproj: 'C:/Users/jaco5/Documents/My Games/ArmaReforger/addons/AKI_Core_62CCD69DD17E4F2F/addon.gproj' guid: '62CCD69DD17E4F2F' (packed)
16:30:08.544    ENGINE       : gproj: 'C:/Users/jaco5/Documents/My Games/ArmaReforger/addons/AnarchyMarkersxGRS-ATAKDEV_69DA0119707F0354/addon.gproj' guid: '69DA0119707F0354' (packed)
16:30:08.544    ENGINE       : gproj: 'C:/Users/jaco5/Documents/My Games/ArmaReforger/addons/AnarchyMarkers_69A510CE600D1126/addon.gproj' guid: '69A510CE600D1126' (packed)
16:30:08.544    ENGINE       : gproj: 'C:/Users/jaco5/Documents/My Games/ArmaReforger/addons/ArmaTerrainCore_60B524F7A5AE96A8/addon.gproj' guid: '60B524F7A5AE96A8' (packed)
16:30:08.544    ENGINE       : gproj: 'C:/Users/jaco5/Documents/My Games/ArmaReforger/addons/BaconLoadoutEditor_606B100247F5C709/addon.gproj' guid: '606B100247F5C709' (packed)
16:30:08.544    ENGINE       : gproj: 'C:/Users/jaco5/Documents/My Games/ArmaReforger/addons/BMP-1IFV_5E524E4FEECCA92B/addon.gproj' guid: '5E524E4FEECCA92B' (packed)
16:30:08.545    ENGINE       : gproj: 'C:/Users/jaco5/Documents/My Games/ArmaReforger/addons/bonz_Core_671B4DD7897732BC/addon.gproj' guid: '671B4DD7897732BC' (packed)
16:30:08.545    ENGINE       : gproj: 'C:/Users/jaco5/Documents/My Games/ArmaReforger/addons/bonz_UnitLoadout_671B4B88A1397B9D/addon.gproj' guid: '671B4B88A1397B9D' (packed)
16:30:08.545    ENGINE       : gproj: 'C:/Users/jaco5/Documents/My Games/ArmaReforger/addons/BundeswehrMod_59673B087BFF710C/addon.gproj' guid: '59673B087BFF710C' (packed)
16:30:08.545    ENGINE       : gproj: 'C:/Users/jaco5/Documents/My Games/ArmaReforger/addons/COALITIONSquadInterface_5B0D1E4380971EBD/addon.gproj' guid: '5B0D1E4380971EBD' (packed)
16:30:08.545    ENGINE       : gproj: 'C:/Users/jaco5/Documents/My Games/ArmaReforger/addons/CRXEnfusionA.I._5F268647F8A1A1F4/addon.gproj' guid: '5F268647F8A1A1F4' (packed)
16:30:08.545    ENGINE       : gproj: 'C:/Users/jaco5/Documents/My Games/ArmaReforger/addons/Deathsoundeffect_69D4B8A05C764676/addon.gproj' guid: '69D4B8A05C764676' (packed)
16:30:08.545    ENGINE       : gproj: 'C:/Users/jaco5/Documents/My Games/ArmaReforger/addons/DisableAIVoice_65254226BB9B318C/addon.gproj' guid: '65254226BB9B318C' (packed)
16:30:08.545    ENGINE       : gproj: 'C:/Users/jaco5/Documents/My Games/ArmaReforger/addons/DisableGameMasterBudgets_5F2944B7474F043F/addon.gproj' guid: '5F2944B7474F043F' (packed)
16:30:08.546    ENGINE       : gproj: 'C:/Users/jaco5/Documents/My Games/ArmaReforger/addons/DisableVONunconscious_5EF8AADD3B3C81F2/addon.gproj' guid: '5EF8AADD3B3C81F2' (packed)
16:30:08.546    ENGINE       : gproj: 'C:/Users/jaco5/Documents/My Games/ArmaReforger/addons/EchoesofHellCombatUniform_6938932990A07E9A/addon.gproj' guid: '6938932990A07E9A' (packed)
16:30:08.546    ENGINE       : gproj: 'C:/Users/jaco5/Documents/My Games/ArmaReforger/addons/EnfusionDatabaseFramework_5D6EA74A94173EDF/EnfusionDatabaseFramework.gproj' guid: '5D6EA74A94173EDF' (packed)
16:30:08.546    ENGINE       : gproj: 'C:/Users/jaco5/Documents/My Games/ArmaReforger/addons/ExpandedSalineBags_6A05287AF042071B/addon.gproj' guid: '6A05287AF042071B' (packed)
16:30:08.546    ENGINE       : gproj: 'C:/Users/jaco5/Documents/My Games/ArmaReforger/addons/FMTV_65B60A48AEC31157/addon.gproj' guid: '65B60A48AEC31157' (packed)
16:30:08.546    ENGINE       : gproj: 'C:/Users/jaco5/Documents/My Games/ArmaReforger/addons/GameMasterCopyPaste_60CC94C046837439/addon.gproj' guid: '60CC94C046837439' (packed)
16:30:08.546    ENGINE       : gproj: 'C:/Users/jaco5/Documents/My Games/ArmaReforger/addons/GCSuppression_684CE8AA3B1D6573/addon.gproj' guid: '684CE8AA3B1D6573' (packed)
16:30:08.546    ENGINE       : gproj: 'C:/Users/jaco5/Documents/My Games/ArmaReforger/addons/GMTools_64F10E068D5880A6/addon.gproj' guid: '64F10E068D5880A6' (packed)
16:30:08.546    ENGINE       : gproj: 'C:/Users/jaco5/Documents/My Games/ArmaReforger/addons/GMVONFIXES_6954C37737DD56C8/addon.gproj' guid: '6954C37737DD56C8' (packed)
16:30:08.547    ENGINE       : gproj: 'C:/Users/jaco5/Documents/My Games/ArmaReforger/addons/GRS-Apparel_65157D09F042428A/addon.gproj' guid: '65157D09F042428A' (packed)
16:30:08.547    ENGINE       : gproj: 'C:/Users/jaco5/Documents/My Games/ArmaReforger/addons/GRS-ATAKDEV_69397BEDF03981C8/addon.gproj' guid: '69397BEDF03981C8' (packed)
16:30:08.547    ENGINE       : gproj: 'C:/Users/jaco5/Documents/My Games/ArmaReforger/addons/GRS-ATAKPluginCore_69F76987DB9F2214/addon.gproj' guid: '69F76987DB9F2214' (packed)
16:30:08.547    ENGINE       : gproj: 'C:/Users/jaco5/Documents/My Games/ArmaReforger/addons/GRS-BeltsAMPBagsAMPDroplegs_65183608D6DA5728/addon.gproj' guid: '65183608D6DA5728' (packed)
16:30:08.547    ENGINE       : gproj: 'C:/Users/jaco5/Documents/My Games/ArmaReforger/addons/GRS-DevFramework_65DACC64CE785B6C/addon.gproj' guid: '65DACC64CE785B6C' (packed)
16:30:08.547    ENGINE       : gproj: 'C:/Users/jaco5/Documents/My Games/ArmaReforger/addons/GRS-Essentials_6515672F96701110/addon.gproj' guid: '6515672F96701110' (packed)
16:30:08.547    ENGINE       : gproj: 'C:/Users/jaco5/Documents/My Games/ArmaReforger/addons/GRS-ModularVestsAMPRigs_651834C8D77BF86B/addon.gproj' guid: '651834C8D77BF86B' (packed)
16:30:08.547    ENGINE       : gproj: 'C:/Users/jaco5/Documents/My Games/ArmaReforger/addons/GRS-Patches_657B064AE0E231DF/addon.gproj' guid: '657B064AE0E231DF' (packed)
16:30:08.548    ENGINE       : gproj: 'C:/Users/jaco5/Documents/My Games/ArmaReforger/addons/GRS-ShadowsCore_68821D86AF3AE823/addon.gproj' guid: '68821D86AF3AE823' (packed)
16:30:08.548    ENGINE       : gproj: 'C:/Users/jaco5/Documents/My Games/ArmaReforger/addons/GRS-ShadowsPistolPack_66D45442A2D79E40/addon.gproj' guid: '66D45442A2D79E40' (packed)
16:30:08.548    ENGINE       : gproj: 'C:/Users/jaco5/Documents/My Games/ArmaReforger/addons/GRSATAK-RiptideMQ9Plugin_6A206D52FF406968/addon.gproj' guid: '6A206D52FF406968' (packed)
16:30:08.548    ENGINE       : gproj: 'C:/Users/jaco5/Documents/My Games/ArmaReforger/addons/GRSLoadoutsbyRelaxo_6884A83BA6946CFD/addon.gproj' guid: '6884A83BA6946CFD' (packed)
16:30:08.548    ENGINE       : gproj: 'C:/Users/jaco5/Documents/My Games/ArmaReforger/addons/GRSNVGS_6A2A460F6FE4B59A/addon.gproj' guid: '6A2A460F6FE4B59A' (packed)
16:30:08.548    ENGINE       : gproj: 'C:/Users/jaco5/Documents/My Games/ArmaReforger/addons/HmmwvVariants_69F415A5B15EC350/addon.gproj' guid: '69F415A5B15EC350' (packed)
16:30:08.548    ENGINE       : gproj: 'C:/Users/jaco5/Documents/My Games/ArmaReforger/addons/INFNoMapAssists_68C8814DB8F259A7/addon.gproj' guid: '68C8814DB8F259A7' (packed)
16:30:08.548    ENGINE       : gproj: 'C:/Users/jaco5/Documents/My Games/ArmaReforger/addons/InventoryBoxes_A1E6470C8DBF3952/addon.gproj' guid: 'A1E6470C8DBF3952' (packed)
16:30:08.548    ENGINE       : gproj: 'C:/Users/jaco5/Documents/My Games/ArmaReforger/addons/KeepGunWhenUncon_6088A3044B7ECBFD/addon.gproj' guid: '6088A3044B7ECBFD' (packed)
16:30:08.549    ENGINE       : gproj: 'C:/Users/jaco5/Documents/My Games/ArmaReforger/addons/LunacyAudio_64DE57C0A1601D14/addon.gproj' guid: '64DE57C0A1601D14' (packed)
16:30:08.549    ENGINE       : gproj: 'C:/Users/jaco5/Documents/My Games/ArmaReforger/addons/M1Abrams_5D1880C4AD410C14/addon.gproj' guid: '5D1880C4AD410C14' (packed)
16:30:08.549    ENGINE       : gproj: 'C:/Users/jaco5/Documents/My Games/ArmaReforger/addons/M2BradleyFightingVehicle_63120AE07E6C0966/addon.gproj' guid: '63120AE07E6C0966' (packed)
16:30:08.549    ENGINE       : gproj: 'C:/Users/jaco5/Documents/My Games/ArmaReforger/addons/MapDrawing_656AC01634459D8D/addon.gproj' guid: '656AC01634459D8D' (packed)
16:30:08.549    ENGINE       : gproj: 'C:/Users/jaco5/Documents/My Games/ArmaReforger/addons/MiddleEastInsurgents_64CEC8E005828E5D/addon.gproj' guid: '64CEC8E005828E5D' (packed)
16:30:08.549    ENGINE       : gproj: 'C:/Users/jaco5/Documents/My Games/ArmaReforger/addons/MikesUI_B3F91C6A4E275D08/addon.gproj' guid: 'B3F91C6A4E275D08' (packed)
16:30:08.549    ENGINE       : gproj: 'C:/Users/jaco5/Documents/My Games/ArmaReforger/addons/ModularVoiceRange_648297C0F03CE43A/addon.gproj' guid: '648297C0F03CE43A' (packed)
16:30:08.549    ENGINE       : gproj: 'C:/Users/jaco5/Documents/My Games/ArmaReforger/addons/NoWeaponDropUnconscious_60612C225328522E/addon.gproj' guid: '60612C225328522E' (packed)
16:30:08.549    ENGINE       : gproj: 'C:/Users/jaco5/Documents/My Games/ArmaReforger/addons/NTFBasic_65A104ABB3A3AA92/addon.gproj' guid: '65A104ABB3A3AA92' (packed)
16:30:08.550    ENGINE       : gproj: 'C:/Users/jaco5/Documents/My Games/ArmaReforger/addons/NTFServerTracker-New_69AEB37757AE2239/NTF_ServerTracker.gproj' guid: '69AEB37757AE2239' (packed)
16:30:08.550    ENGINE       : gproj: 'C:/Users/jaco5/Documents/My Games/ArmaReforger/addons/NTFVoice_689D68CAD25BC03D/addon.gproj' guid: '689D68CAD25BC03D' (packed)
16:30:08.550    ENGINE       : gproj: 'C:/Users/jaco5/Documents/My Games/ArmaReforger/addons/OpsTrack_6660ABEECE887CC5/addon.gproj' guid: '6660ABEECE887CC5' (packed)
16:30:08.550    ENGINE       : gproj: 'C:/Users/jaco5/Documents/My Games/ArmaReforger/addons/OPZargabadRaid_6A126ADCB39EECB3/addon.gproj' guid: '6A126ADCB39EECB3' (packed)
16:30:08.550    ENGINE       : gproj: 'C:/Users/jaco5/Documents/My Games/ArmaReforger/addons/OutsideTerrainCore_61F0D506562D9BC9/addon.gproj' guid: '61F0D506562D9BC9' (packed)
16:30:08.550    ENGINE       : gproj: 'C:/Users/jaco5/Documents/My Games/ArmaReforger/addons/PlayerMapMarkers_5E92F5A4A1B75A75/addon.gproj' guid: '5E92F5A4A1B75A75' (packed)
16:30:08.550    ENGINE       : gproj: 'C:/Users/jaco5/Documents/My Games/ArmaReforger/addons/RHS-ContentPack01_1337C0DE5DABBEEF/addon.gproj' guid: '1337C0DE5DABBEEF' (packed)
16:30:08.550    ENGINE       : gproj: 'C:/Users/jaco5/Documents/My Games/ArmaReforger/addons/RHS-ContentPack02_BADC0DEDABBEDA5E/addon.gproj' guid: 'BADC0DEDABBEDA5E' (packed)
16:30:08.551    ENGINE       : gproj: 'C:/Users/jaco5/Documents/My Games/ArmaReforger/addons/RHS-StatusQuo_595F2BF2F44836FB/addon.gproj' guid: '595F2BF2F44836FB' (packed)
16:30:08.551    ENGINE       : gproj: 'C:/Users/jaco5/Documents/My Games/ArmaReforger/addons/RiptideMQ9_6A06151E0B217C93/addon.gproj' guid: '6A06151E0B217C93' (packed)
16:30:08.551    ENGINE       : gproj: 'C:/Users/jaco5/Documents/My Games/ArmaReforger/addons/SagesFramework_8CBB11B3B769A055/SagesFramework.gproj' guid: '8CBB11B3B769A055' (packed)
16:30:08.551    ENGINE       : gproj: 'C:/Users/jaco5/Documents/My Games/ArmaReforger/addons/ServerAdminTools_5AAAC70D754245DD/addon.gproj' guid: '5AAAC70D754245DD' (packed)
16:30:08.551    ENGINE       : gproj: 'C:/Users/jaco5/Documents/My Games/ArmaReforger/addons/ServerRulesQuiz_5C3B9E8A7D1F4C2B/addon.gproj' guid: '5C3B9E8A7D1F4C2B' (packed)
16:30:08.551    ENGINE       : gproj: 'C:/Users/jaco5/Documents/My Games/ArmaReforger/addons/SHEnhancedCombatEffects_69C34933FD556CEF/addon.gproj' guid: '69C34933FD556CEF' (packed)
16:30:08.551    ENGINE       : gproj: 'C:/Users/jaco5/Documents/My Games/ArmaReforger/addons/SpaceCore_5E389BB9F58B79A6/addon.gproj' guid: '5E389BB9F58B79A6' (packed)
16:30:08.551    ENGINE       : gproj: 'C:/Users/jaco5/Documents/My Games/ArmaReforger/addons/T-72MainBattleTank_5E0AB16BEB16D6A4/addon.gproj' guid: '5E0AB16BEB16D6A4' (packed)
16:30:08.551    ENGINE       : gproj: 'C:/Users/jaco5/Documents/My Games/ArmaReforger/addons/Takistan_615EEBD9BDFEEE9B/addon.gproj' guid: '615EEBD9BDFEEE9B' (packed)
16:30:08.552    ENGINE       : gproj: 'C:/Users/jaco5/Documents/My Games/ArmaReforger/addons/TFUDisableGMBudgets_657E2435156A097F/addon.gproj' guid: '657E2435156A097F' (packed)
16:30:08.552    ENGINE       : gproj: 'C:/Users/jaco5/Documents/My Games/ArmaReforger/addons/TraceVehCore_632F64CB7D65D1FC/addon.gproj' guid: '632F64CB7D65D1FC' (packed)
16:30:08.552    ENGINE       : gproj: 'C:/Users/jaco5/Documents/My Games/ArmaReforger/addons/WalkingSpeedIndicator_6A1E9F43B2C74D18/addon.gproj' guid: '6A1E9F43B2C74D18' (packed)
16:30:08.552    ENGINE       : gproj: 'C:/Users/jaco5/Documents/My Games/ArmaReforger/addons/WCS_AH-6M_6273146ADFE8241D/addon.gproj' guid: '6273146ADFE8241D' (packed)
16:30:08.552    ENGINE       : gproj: 'C:/Users/jaco5/Documents/My Games/ArmaReforger/addons/WCS_Armaments_629B2BA37EFFD577/addon.gproj' guid: '629B2BA37EFFD577' (packed)
16:30:08.552    ENGINE       : gproj: 'C:/Users/jaco5/Documents/My Games/ArmaReforger/addons/WCS_Attachments_61C74A8B647617DA/addon.gproj' guid: '61C74A8B647617DA' (packed)
16:30:08.552    ENGINE       : gproj: 'C:/Users/jaco5/Documents/My Games/ArmaReforger/addons/WCS_Earplugs_612F512CD4CB21D5/addon.gproj' guid: '612F512CD4CB21D5' (packed)
16:30:08.552    ENGINE       : gproj: 'C:/Users/jaco5/Documents/My Games/ArmaReforger/addons/WCS_NATO_615806DC6C57AF02/addon.gproj' guid: '615806DC6C57AF02' (packed)
16:30:08.552    ENGINE       : gproj: 'C:/Users/jaco5/Documents/My Games/ArmaReforger/addons/WCS_RU_615818DA7C0343FD/addon.gproj' guid: '615818DA7C0343FD' (packed)
16:30:08.552    ENGINE       : gproj: 'C:/Users/jaco5/Documents/My Games/ArmaReforger/addons/WCS_Scopes_62A668F513428630/addon.gproj' guid: '62A668F513428630' (packed)
16:30:08.552    ENGINE       : gproj: 'C:/Users/jaco5/Documents/My Games/ArmaReforger/addons/WCS_Sounds_631C3C1AEE9C90BC/addon.gproj' guid: '631C3C1AEE9C90BC' (packed)
16:30:08.552    ENGINE       : gproj: 'C:/Users/jaco5/Documents/My Games/ArmaReforger/addons/WCS_VehicleLock_61BA4EB5C886D396/addon.gproj' guid: '61BA4EB5C886D396' (packed)
16:30:08.552    ENGINE       : gproj: 'C:/Users/jaco5/Documents/My Games/ArmaReforger/addons/WCS_Weapons_65CF7AE8574E06D2/addon.gproj' guid: '65CF7AE8574E06D2' (packed)
16:30:08.554    ENGINE       : gproj: 'C:/Users/jaco5/Documents/My Games/ArmaReforger/addons/WCS_Weapon_Scripts_68F006D910E7546F/addon.gproj' guid: '68F006D910E7546F' (packed)
16:30:08.554    ENGINE       : gproj: 'C:/Users/jaco5/Documents/My Games/ArmaReforger/addons/XimsInsurgents_69A6E371DAA7BCFC/addon.gproj' guid: '69A6E371DAA7BCFC' (packed)
16:30:08.554    ENGINE       : gproj: 'C:/Users/jaco5/Documents/My Games/ArmaReforger/addons/XimsLoadoutEditor_68909A97C613D81C/addon.gproj' guid: '68909A97C613D81C' (packed)
16:30:08.554    ENGINE       : gproj: 'C:/Users/jaco5/Documents/My Games/ArmaReforger/addons/Zargabad_662B602B3F823F27/addon.gproj' guid: '662B602B3F823F27' (packed)
16:30:08.554    ENGINE       : gproj: 'C:/Users/jaco5/Documents/My Games/ArmaReforger/addons/ZSU-23-4Shilka_62D15D0025AE021B/addon.gproj' guid: '62D15D0025AE021B' (packed)
16:30:08.554    ENGINE       : gproj: 'C:/Users/jaco5/Documents/My Games/ArmaReforgerWorkbench/addons/Expanded Saline Bags - AMF/addon.gproj' guid: '6A0D301D193ECB25'
16:30:08.554    ENGINE       : gproj: 'C:/Users/jaco5/Documents/My Games/ArmaReforgerWorkbench/addons/Expanded Saline Bags - RHS/addon.gproj' guid: '6A0D35D2B4808E62'
16:30:08.554    ENGINE       : gproj: 'C:/Users/jaco5/Documents/My Games/ArmaReforgerWorkbench/addons/Expanded Saline Bags - UK/addon.gproj' guid: '6A0D3D1BA4CE288F'
16:30:08.555    ENGINE       : gproj: 'C:/Users/jaco5/Documents/My Games/ArmaReforgerWorkbench/addons/France Loadouts by Relaxo/addon.gproj' guid: '687B06328B577A98'
16:30:08.555    ENGINE       : gproj: 'C:/Users/jaco5/Documents/My Games/ArmaReforgerWorkbench/addons/GMVehicleLock/addon.gproj' guid: 'A83D91C74F2E6B50'
16:30:08.555    ENGINE       : gproj: 'C:/Users/jaco5/Documents/My Games/ArmaReforgerWorkbench/addons/In God We Trust/addon.gproj' guid: '69770C017B580714'
16:30:08.555    ENGINE       : gproj: 'C:/Users/jaco5/Documents/My Games/ArmaReforgerWorkbench/addons/OperationKitKat/addon.gproj' guid: '6A231C34A4CF289E'
16:30:08.555   ENGINE       : FileSystem: Adding relative directory 'C:\Users\jaco5\Documents\My Games\ArmaReforgerWorkbench\addons\Oaschloch\RAMI_AdvancedMedicalInterface' to filesystem under name RAMI_AdvancedMedicalInterface
16:30:08.556   ENGINE       : FileSystem: Adding package 'C:/Users/jaco5/Documents/My Games/ArmaReforger/addons/ExpandedSalineBags_6A05287AF042071B/' (pak count: 1) to filesystem under name ExpandedSalineBags
16:30:08.557   ENGINE       : FileSystem: Adding package 'C:/Users/jaco5/Documents/My Games/ArmaReforger/addons/ACECarryingDev_65AD7C379CBD394D/' (pak count: 1) to filesystem under name ACE_Carrying_Dev
16:30:08.557   ENGINE       : FileSystem: Adding package 'C:/Users/jaco5/Documents/My Games/ArmaReforger/addons/ACEMedicalHitzonesDev_65B343F799FB521B/' (pak count: 1) to filesystem under name ACE_Medical_Hitzones_Dev
16:30:08.559   ENGINE       : FileSystem: Adding package 'C:/Users/jaco5/Documents/My Games/ArmaReforger/addons/ACEMedicalCirculationDev_65AD7D4F994EA327/' (pak count: 1) to filesystem under name ACE_Medical_Circulation_Dev
16:30:08.561   ENGINE       : FileSystem: Adding package 'C:/Users/jaco5/Documents/My Games/ArmaReforger/addons/ACEMedicalCoreDev_6586079789278413/' (pak count: 1) to filesystem under name ACE_Medical_Core_Dev
16:30:08.563   ENGINE       : FileSystem: Adding package 'C:/Users/jaco5/Documents/My Games/ArmaReforger/addons/ACECoreDev_65AD7D0D9941A380/' (pak count: 1) to filesystem under name ACE_Core_Dev
16:30:08.706   ENGINE       : FileSystem: Adding package 'C:/Program Files (x86)/Steam/steamapps/common/Arma Reforger/addons/data/' (pak count: 14) to filesystem under name ArmaReforger
16:30:08.712   ENGINE       : FileSystem: Adding package 'C:/Program Files (x86)/Steam/steamapps/common/Arma Reforger/addons/core/' (pak count: 2) to filesystem under name core
16:30:08.712   ENGINE       : CPU vendor         : GenuineIntel
16:30:08.712   ENGINE       : CPU type           : 1
16:30:08.712   ENGINE       : CPU name           : Intel(R) Core(TM) i7-9750H CPU @ 2.60GHz
16:30:08.712   ENGINE       : CPU cache info     : L1 [Inst 32KB, Data 32KB], L2 [Unif 256KB], L3 [Unif 12288KB]
16:30:08.712   ENGINE       : CPU count logical  : 12
16:30:08.712   ENGINE       : CPU count physical : 6
16:30:08.712   ENGINE       : CPU features       : mmx sse sse2 sse3 ssse3 sse4_1 sse4_2 popcnt aesni pclmulqdq osxsave avx avx2
16:30:08.712   RESOURCES    : ResourceDB: loading cache (id=0 name=RAMI_AdvancedMedicalInterface path=C:\Users\jaco5\Documents\My Games\ArmaReforgerWorkbench\addons\Oaschloch\RAMI_AdvancedMedicalInterface/resourceDatabase.rdb)
16:30:08.712   RESOURCES    : ResourceDB: loading cache (id=1 name=ExpandedSalineBags path=C:/Users/jaco5/Documents/My Games/ArmaReforger/addons/ExpandedSalineBags_6A05287AF042071B/resourceDatabase.rdb)
16:30:08.714   RESOURCES    : ResourceDB: loading cache (id=2 name=ACE_Carrying_Dev path=C:/Users/jaco5/Documents/My Games/ArmaReforger/addons/ACECarryingDev_65AD7C379CBD394D/resourceDatabase.rdb)
16:30:08.714   RESOURCES    : ResourceDB: loading cache (id=3 name=ACE_Medical_Hitzones_Dev path=C:/Users/jaco5/Documents/My Games/ArmaReforger/addons/ACEMedicalHitzonesDev_65B343F799FB521B/resourceDatabase.rdb)
16:30:08.715   RESOURCES    : ResourceDB: loading cache (id=4 name=ACE_Medical_Circulation_Dev path=C:/Users/jaco5/Documents/My Games/ArmaReforger/addons/ACEMedicalCirculationDev_65AD7D4F994EA327/resourceDatabase.rdb)
16:30:08.715   RESOURCES    : ResourceDB: loading cache (id=5 name=ACE_Medical_Core_Dev path=C:/Users/jaco5/Documents/My Games/ArmaReforger/addons/ACEMedicalCoreDev_6586079789278413/resourceDatabase.rdb)
16:30:08.716   RESOURCES    : ResourceDB: loading cache (id=6 name=ACE_Core_Dev path=C:/Users/jaco5/Documents/My Games/ArmaReforger/addons/ACECoreDev_65AD7D0D9941A380/resourceDatabase.rdb)
16:30:08.717   RESOURCES    : ResourceDB: loading cache (id=7 name=ArmaReforger path=C:/Program Files (x86)/Steam/steamapps/common/Arma Reforger/addons/data/resourceDatabase.rdb)
16:30:08.855   RESOURCES    : ResourceDB: loading cache (id=8 name=core path=C:/Program Files (x86)/Steam/steamapps/common/Arma Reforger/addons/core/resourceDatabase.rdb)
16:30:08.857   RESOURCES    : ResourceDB: loading cache (id=9 name=profile path=C:\Users\jaco5\Documents\My Games\ArmaReforgerWorkbench\profile/resourceDatabase.rdb)
16:30:09.014    RESOURCES    : RESOURCES    : ResourceDB: full scan
16:30:09.020     RESOURCES    : RESOURCES    : scanning...
16:30:09.020      RESOURCES    : RESOURCES    : scanning @"RAMI_AdvancedMedicalInterface"
16:30:09.021      RESOURCES    : RESOURCES    : scanning @"ExpandedSalineBags"
16:30:09.024      RESOURCES    : RESOURCES    : scanning @"ACE_Carrying_Dev"
16:30:09.025      RESOURCES    : RESOURCES    : scanning @"ACE_Medical_Hitzones_Dev"
16:30:09.027      RESOURCES    : RESOURCES    : scanning @"ACE_Medical_Circulation_Dev"
16:30:09.028      RESOURCES    : RESOURCES    : scanning @"ACE_Medical_Core_Dev"
16:30:09.031      RESOURCES    : RESOURCES    : scanning @"ACE_Core_Dev"
16:30:09.032      RESOURCES    : RESOURCES    : scanning @"ArmaReforger"
16:30:09.157      RESOURCES    : RESOURCES    : scanning @"core"
16:30:09.160      RESOURCES    : RESOURCES    : scanning @"profile"
16:30:09.162     RESOURCES    : RESOURCES    : processing meta-files...
16:30:09.162 INIT         : Workbench startup
16:30:09.162  INIT         : Workbench Init Engine
16:30:09.162   RESOURCES    : ResourceDB: full scan
16:30:09.164    RESOURCES    : processing meta-files...
16:30:09.164     RESOURCES (E): metafile without corresponding resource: '$RAMI_AdvancedMedicalInterface:UI/Textures/RAMI_BodyZones/RAMI_Tourniquet.edds.meta'
16:30:09.219     RESOURCES    : RESOURCES    : processing files...
16:30:09.226    RESOURCES    : processing files...
16:30:09.226     RESOURCES (W): resource not registered: @"$profile:AmbientSpawnConfig/config.json". Setting null GUID
16:30:09.228     RESOURCES (W): resource not registered: @"$profile:AmbientSpawnConfig/Templates/conflict_pve_ravage.json". Setting null GUID
16:30:09.234     RESOURCES (W): resource not registered: @"$profile:AmbientSpawnConfig/Templates/conflict_pve_robots.json". Setting null GUID
16:30:09.234     RESOURCES (W): resource not registered: @"$profile:AmbientSpawnConfig/Templates/conflict_ravage_as_fia.json". Setting null GUID
16:30:09.234     RESOURCES (W): resource not registered: @"$profile:AmbientSpawnConfig/Templates/default.json". Setting null GUID
16:30:09.234     RESOURCES (W): resource not registered: @"$profile:AmbientSpawnConfig/Templates/default_pve.json". Setting null GUID
16:30:09.234     RESOURCES (W): resource not registered: @"$profile:ArmaStatsBot/config.json". Setting null GUID
16:30:09.235     RESOURCES (W): resource not registered: @"$profile:ArmaStatsBot/global_2026_02.json". Setting null GUID
16:30:09.235     RESOURCES (W): resource not registered: @"$profile:ArmaStatsBot/global_2026_03.json". Setting null GUID
16:30:09.235     RESOURCES (W): resource not registered: @"$profile:ArmaStatsBot/global_2026_04.json". Setting null GUID
16:30:09.235     RESOURCES (W): resource not registered: @"$profile:ArmaStatsBot/playerstats.json". Setting null GUID
16:30:09.236     RESOURCES (W): resource not registered: @"$profile:CMPlayerStatsHUD/16e0b884-a2f2-49c5-a722-3b44148f8b26_playerstats.json". Setting null GUID
16:30:09.236     RESOURCES (W): resource not registered: @"$profile:CMPlayerStatsHUD/AdminServerSettings/AdminCanPromoteDemote.json". Setting null GUID
16:30:09.236     RESOURCES (W): resource not registered: @"$profile:CMPlayerStatsHUD/AdminServerSettings/AdminCanPromoteDemoteExemptions.json". Setting null GUID
16:30:09.236     RESOURCES (W): resource not registered: @"$profile:CMPlayerStatsHUD/AdminServerSettings/AdminCanPromoteDemoteExemptionsList.json". Setting null GUID
16:30:09.237     RESOURCES (W): resource not registered: @"$profile:CMPlayerStatsHUD/AdminServerSettings/OneTimeWipeAllPlayerXP.json". Setting null GUID
16:30:09.237     RESOURCES (W): resource not registered: @"$profile:CMPlayerStatsHUD/AdminServerSettings/PersistentRanks.json". Setting null GUID
16:30:09.237     RESOURCES (W): resource not registered: @"$profile:CMPlayerStatsHUD/AdminServerSettings/PlayerStatsSubMenuVisibility.json". Setting null GUID
16:30:09.237     RESOURCES (W): resource not registered: @"$profile:CMPlayerStatsHUD/AdminServerSettings/PunishAdminsForTeamKills.json". Setting null GUID
16:30:09.238     RESOURCES (W): resource not registered: @"$profile:CMPlayerStatsHUD/AdminServerSettings/RemoveVehicleKillsFromKDRatio.json". Setting null GUID
16:30:09.238     RESOURCES (W): resource not registered: @"$profile:CMPlayerStatsHUD/AdminServerSettings/SavingMethod.json". Setting null GUID
16:30:09.238     RESOURCES (W): resource not registered: @"$profile:CMPlayerStatsHUD/AdminServerSettings/ScenarioEndWipePlayerStats.json". Setting null GUID
16:30:09.238     RESOURCES (W): resource not registered: @"$profile:CMPlayerStatsHUD/AdminServerSettings/ScenarioEndWipePlayerXP.json". Setting null GUID
16:30:09.238     RESOURCES (W): resource not registered: @"$profile:CMPlayerStatsHUD/AdminServerSettings/ServerStartWipePlayerXP.json". Setting null GUID
16:30:09.239     RESOURCES (W): resource not registered: @"$profile:CMPlayerStatsHUD/AdminServerSettings/StatsAreOnlyVisibleInOwnHQ.json". Setting null GUID
16:30:09.239     RESOURCES (W): resource not registered: @"$profile:CMPlayerStatsHUD/AdminServerSettings/WipePlayerStatsExemptions.json". Setting null GUID
16:30:09.239     RESOURCES (W): resource not registered: @"$profile:CMPlayerStatsHUD/AdminServerSettings/WipeXPExemptions.json". Setting null GUID
16:30:09.239     RESOURCES (W): resource not registered: @"$profile:CMSquadRadioSound/player_ui_settings.json". Setting null GUID
16:30:09.240     RESOURCES (W): resource not registered: @"$profile:DEH_RealTimeSyncConfig.json". Setting null GUID
16:30:09.240     RESOURCES (W): resource not registered: @"$profile:GM_Tools/gm_tools_config.json". Setting null GUID
16:30:09.240     RESOURCES (W): resource not registered: @"$profile:GRS_ATAK/grs_atak.json". Setting null GUID
16:30:09.240     RESOURCES (W): resource not registered: @"$profile:GRS_ATAK/players/16e0b884-a2f2-49c5-a722-3b44148f8b26.json". Setting null GUID
16:30:09.241     RESOURCES (W): resource not registered: @"$profile:GRS_ATAK/profile.json". Setting null GUID
16:30:09.241     RESOURCES (W): resource not registered: @"$profile:GRS_ATAK/server_config.json". Setting null GUID
16:30:09.241     RESOURCES (W): resource not registered: @"$profile:IRRU_RFPropagation.json". Setting null GUID
16:30:09.241     RESOURCES (W): resource not registered: @"$profile:LAG_server_restarter_config.json". Setting null GUID
16:30:09.242     RESOURCES (W): resource not registered: @"$profile:LinearConflictPVEConfig/LCPConfig.json". Setting null GUID
16:30:09.242     RESOURCES (W): resource not registered: @"$profile:LinearConflictPVEConfig/LCPProgress.json". Setting null GUID
16:30:09.242     RESOURCES (W): resource not registered: @"$profile:OpsTrackSettings.json". Setting null GUID
16:30:09.242     RESOURCES (W): resource not registered: @"$profile:PlayerStatsList/PlayerStats.json". Setting null GUID
16:30:09.242     RESOURCES (W): resource not registered: @"$profile:PlayerStatsList/WebHook_config.json". Setting null GUID
16:30:09.242     RESOURCES (W): resource not registered: @"$profile:PlayerStatsList/WH_killFeed.json". Setting null GUID
16:30:09.244     RESOURCES (W): resource not registered: @"$profile:PlayerStatsList/WH_livestats.json". Setting null GUID
16:30:09.244     RESOURCES (W): resource not registered: @"$profile:PlayerStatsList/WH_status&chat.json". Setting null GUID
16:30:09.244     RESOURCES (W): resource not registered: @"$profile:RadioData.json". Setting null GUID
16:30:09.244     RESOURCES (W): resource not registered: @"$profile:SavingMarkers/SM_Drawings_default.json". Setting null GUID
16:30:09.244     RESOURCES (W): resource not registered: @"$profile:SavingMarkers/SM_Markers2_default.json". Setting null GUID
16:30:09.245     RESOURCES (W): resource not registered: @"$profile:ServerAdminTools_Config.json". Setting null GUID
16:30:09.245     RESOURCES (W): resource not registered: @"$profile:ServerAdminTools_Stats.json". Setting null GUID
16:30:09.245     RESOURCES (W): resource not registered: @"$profile:ServerRulesQuiz/ServerRulesConfig.json". Setting null GUID
16:30:09.245     RESOURCES (W): resource not registered: @"$profile:VONData.json". Setting null GUID
16:30:09.246     RESOURCES (W): resource not registered: @"$profile:VONServerData.json". Setting null GUID
16:30:09.246     RESOURCES (W): resource not registered: @"$profile:vPad/Settings.json". Setting null GUID
16:30:09.246     RESOURCES (W): resource not registered: @"$profile:WalkingSpeedIndicator/WalkingSpeedIndicatorConfig.json". Setting null GUID
16:30:09.246     RESOURCES    : RESOURCES    : processing folders...
16:30:09.253     RESOURCES    : RESOURCES    : creating GUID-item mapping...
16:30:09.267     RESOURCES    : RESOURCES    : building tree...
16:30:09.315   PROFILING    : ResourceDB: full scan took: 299.866200 ms
16:30:09.317   RESOURCES    : ResourceDB: saving cache (id=0 name=RAMI_AdvancedMedicalInterface path=C:\Users\jaco5\Documents\My Games\ArmaReforgerWorkbench\addons\Oaschloch\RAMI_AdvancedMedicalInterface/resourceDatabase.rdb)
16:30:09.319   RESOURCES    : ResourceDB: written 6220/6220 bytes
16:30:09.319   RESOURCES    : ResourceDB: cache successfully saved
16:30:09.319   RESOURCES    : ResourceDB: saving cache (id=9 name=profile path=C:\Users\jaco5\Documents\My Games\ArmaReforgerWorkbench\profile/resourceDatabase.rdb)
16:30:09.321   RESOURCES (E): ResourceDB: could not open cache file
16:30:09.321   ENGINE       : GameProject load
16:30:09.321    ENGINE       : Loaded addons:
16:30:09.321     ENGINE       : gproj: 'C:/Program Files (x86)/Steam/steamapps/common/Arma Reforger/addons/core/core.gproj' guid: '5614BBCCBB55ED1C'
16:30:09.321     ENGINE       : gproj: 'C:/Program Files (x86)/Steam/steamapps/common/Arma Reforger/addons/data/ArmaReforger.gproj' guid: '58D0FB3206B6F859'
16:30:09.321     ENGINE       : gproj: 'C:/Users/jaco5/Documents/My Games/ArmaReforger/addons/ACECoreDev_65AD7D0D9941A380/dev.gproj' guid: '65AD7D0D9941A380'
16:30:09.321     ENGINE       : gproj: 'C:/Users/jaco5/Documents/My Games/ArmaReforger/addons/ACEMedicalCoreDev_6586079789278413/dev.gproj' guid: '6586079789278413'
16:30:09.321     ENGINE       : gproj: 'C:/Users/jaco5/Documents/My Games/ArmaReforger/addons/ACEMedicalCirculationDev_65AD7D4F994EA327/dev.gproj' guid: '65AD7D4F994EA327'
16:30:09.321     ENGINE       : gproj: 'C:/Users/jaco5/Documents/My Games/ArmaReforger/addons/ACEMedicalHitzonesDev_65B343F799FB521B/dev.gproj' guid: '65B343F799FB521B'
16:30:09.321     ENGINE       : gproj: 'C:/Users/jaco5/Documents/My Games/ArmaReforger/addons/ACECarryingDev_65AD7C379CBD394D/dev.gproj' guid: '65AD7C379CBD394D'
16:30:09.321     ENGINE       : gproj: 'C:/Users/jaco5/Documents/My Games/ArmaReforger/addons/ExpandedSalineBags_6A05287AF042071B/addon.gproj' guid: '6A05287AF042071B'
16:30:09.321     ENGINE       : gproj: 'C:/Users/jaco5/Documents/My Games/ArmaReforgerWorkbench/addons/Oaschloch/RAMI_AdvancedMedicalInterface/RAMI_AdvancedMedicalInterface.gproj' guid: 'D36C5B996922FFDE'
16:30:09.324   ENGINE       : GameProject load
16:30:09.324    INIT         : GameProject load project data @"C:/Users/jaco5/Documents/My Games/ArmaReforger/addons/ACECoreDev_65AD7D0D9941A380/dev.gproj"
16:30:09.324     RESOURCES (E): Wrong GUID/name for resource @"{DE0B68C7B4B0E89C}Language/ACE_localization.st" in property "StringTableSource"
16:30:09.325    INIT         : GameProject load project data @"C:/Users/jaco5/Documents/My Games/ArmaReforger/addons/ACEMedicalCoreDev_6586079789278413/dev.gproj"
16:30:09.325     RESOURCES (E): Wrong GUID/name for resource @"{D393C26C894B1404}Language/ACE_Medical_Core_localization.st" in property "StringTableSource"
16:30:09.326    INIT         : GameProject load project data @"C:/Users/jaco5/Documents/My Games/ArmaReforger/addons/ACEMedicalCirculationDev_65AD7D4F994EA327/dev.gproj"
16:30:09.326     RESOURCES (E): Wrong GUID/name for resource @"{0780D43A82968920}Language/ACE_Medical_Circulation_localization.st" in property "StringTableSource"
16:30:09.327    INIT         : GameProject load project data @"C:/Users/jaco5/Documents/My Games/ArmaReforger/addons/ACECarryingDev_65AD7C379CBD394D/dev.gproj"
16:30:09.327     RESOURCES (E): Wrong GUID/name for resource @"{2E272B1D21C4446A}Language/ACE_Carrying_localization.st" in property "StringTableSource"
16:30:09.327   ENGINE       : No Enfusion settings file loaded. Continuing with defaults
16:30:09.507   RENDER       : (OK) Adapter 'NVIDIA GeForce RTX 2060' supports feature level 12_0
16:30:09.520   RENDER       : (OK) Adapter 'Intel(R) UHD Graphics 630' supports feature level 12_0
16:30:09.521   RENDER       : Adapter 1 (Intel(R) UHD Graphics 630) failed to provide some output
16:30:09.522   RENDER       : Basic screen setup:
16:30:09.522   RENDER       :   Back buffer format	       : TEXFMT_R8G8B8A8_SRGB (29)
16:30:09.522   RENDER       :   MSAA                      : none
16:30:09.529   RENDER       : Driver for NVIDIA GeForce RTX 2060 is from 22.7.2026 (1 month, 2 days old)
16:30:09.529   RENDER       : GPU_NVIDIA (0x10DE) (NVIDIA GeForce RTX 2060) with 1 GPU detected, VRAM 5955MB (fast 0MB), shared 8116MB, driver version 610.88
16:30:09.529   RENDER       : Detected output devices:
16:30:09.529   RENDER       :  * 1 device/s connected to NVIDIA GeForce RTX 2060:
16:30:09.529   RENDER       :    Generic PnP Monitor (\\.\DISPLAY1), 1920x1080 (offset 0x0), 144Hz
16:30:09.529   RENDER       :  * no output device connected to Intel(R) UHD Graphics 630
16:30:09.529   RENDER       :   Concurrent frames limit 2
16:30:12.418   RENDER       : Graphics device features
16:30:12.418   RENDER       :  Needed:
16:30:12.418   RENDER       :  * Highest supported shader model: 6.8 (6.0 needed)
16:30:12.418   RENDER       :  Optional:
16:30:12.418   RENDER       :  * Allow tearing (VSYNC) : 1
16:30:12.418   RENDER       :  * 16 bits : 1
16:30:12.418   RENDER       :  * Resource heap tier : 3
16:30:12.418   RENDER       :  * Persistent heaps (DRED) : 1
16:30:12.419   RENDER       :  * DRED 1.2 is supported by compiler
16:30:12.504   RENDER       : Main RT format setup.
16:30:12.504   RENDER       :   Main RT format for quality 0	: TEXFMT_R11G11B10_FLOAT (26)
16:30:12.505   RENDER       :   Main RT format for quality 1	: TEXFMT_R16G16B16A16_FLOAT (10)
16:30:12.523   ENGINE       : Job system settings: coreCount=12, shortJobContextCount=12, shortJobThreadCount=11, longJobThreadCount=12
16:30:12.548   PROFILING    : Settings changed took: 0.025900 ms
16:30:12.573 AUDIO        : Endpoint: Kopfhörer (Sound Blaster G3)
16:30:12.573 AUDIO        :  Format: Channels: 2, Sample rate: 48kHz, Avg. bytes: 384kB, Sample bits: 32, Block align: 8B
16:30:12.579 AUDIO        : Audio client:
16:30:12.580 AUDIO        :  Format: Channels: 2, Sample rate: 48kHz, Buffer size: 1536B, Frame: 512
16:30:12.585    RENDER       : RENDER       : Reload shaders
16:30:12.586    RENDER       : Enfusion shader version 10
16:30:12.586     INIT         : INIT         : ShaderListReload
16:30:12.587    PROFILING    : ShaderListReload took: 0.004000 ms
16:30:12.698 AUDIO        : Endpoint: Kopfhörer (Sound Blaster G3)
16:30:12.699 AUDIO        :  Format: Channels: 2, Sample rate: 48kHz, Avg. bytes: 384kB, Sample bits: 32, Block align: 8B
16:30:12.706 AUDIO        : Audio client:
16:30:12.706 AUDIO        :  Format: Channels: 2, Sample rate: 48kHz, Buffer size: 1536B, Frame: 512
16:30:12.834    RENDER       : Loaded 3746 newer shader binaries
16:30:12.834   PROFILING    : Reload shaders took: 249.020600 ms
16:30:12.835   ENGINE       : Initializing inputs.
16:30:12.864   NETWORK      : Initializing networking.
16:30:12.864   NETWORK      : Using new GameRplScheduler.
16:30:12.864    SCRIPT       : SCRIPT       : Initializing scripts
16:30:12.865     SCRIPT       : SCRIPT       : ScriptProjectManager init
16:30:13.130    PROFILING    : ScriptProjectManager init took: 265.257000 ms
16:30:13.154   PROFILING    : Initializing scripts took: 288.809200 ms
16:30:13.170   ENGINE       : Enfusion engine successfully created.
16:30:13.170  PROFILING    : Workbench Init Engine took: 4677.607100 ms
16:30:13.170   INIT         : INIT         : Workbench Create Game
16:30:13.188   GUI          : Using default language (en_us)
16:30:13.188   GUI          : Loading 'en_us' localization file.
16:30:13.188    INIT         : INIT         : Loading StringTable
16:30:13.217   PROFILING    : Loading StringTable took: 27.858300 ms
16:30:13.217    SCRIPT       : SCRIPT       : Compiling GameLib scripts
16:30:13.269    SCRIPT       : Module: Workbench; loaded 18x files; 36x classes; used 125K of static memory; defines: "ENF_WB,WORKBENCH,PLATFORM_WINDOWS,ENABLE_DIAG,ENF_ENABLE_VHC_OVERRIDE,ENF_ENABLE_RPLCOMPONENT_IN_GAMECODE"; CRC32: 90ce0460
16:30:13.269    SCRIPT       : Module: GameLib; loaded 465x files; 648x classes; used 828K of static memory; defines: "ENF_WB,WORKBENCH,PLATFORM_WINDOWS,ENABLE_DIAG,ENF_ENABLE_VHC_OVERRIDE,ENF_ENABLE_RPLCOMPONENT_IN_GAMECODE"; CRC32: 4507af04
16:30:13.270   PROFILING    : Compiling GameLib scripts took: 52.793800 ms
16:30:13.270    SCRIPT       : SCRIPT       : Compiling Game scripts
16:30:14.001  INIT         : Workbench Create Game
16:30:14.002   SCRIPT       : Compiling Game scripts
16:30:14.002    SCRIPT    (W): @"Scripts/Game/ACE_Core/FSM/ACE_FSM_Machine.c,187": Implicit conversion of 'ACE_FSM_IState<ACE_Medical_CharacterContext>' to 'int' yields a conditional expression result of either 0 or 1.
16:30:14.221    SCRIPT    (W): @"Scripts/Game/Editor/Components/EditableEntity/SCR_EditableEntityComponent.c,785": 'GetPlayerPlatformKind' is obsolete
16:30:14.221    SCRIPT    (W): @"Scripts/Game/Editor/Components/EditableEntity/SCR_EditableEntityComponent.c,786": 'GetPlayerPlatformId' is obsolete
16:30:14.461    SCRIPT    (W): @"Scripts/Game/Workshop/SCR_AddonManager.c,876": 'GetRefCount' is obsolete: Will be removed
16:30:14.491    SCRIPT    (W): @"Scripts/Game/Campaign/SCR_PlayerProfileManagerComponent.c,142": 'PlayerData' is obsolete
16:30:14.579    SCRIPT    (W): @"Scripts/Game/UI/Backend/CareerBackend.c,159": 'GetDSSession' is obsolete
16:30:14.579    SCRIPT    (W): @"Scripts/Game/UI/Backend/CareerBackend.c,162": 'RoomID' is obsolete
16:30:14.579    SCRIPT    (W): @"Scripts/Game/UI/Backend/CareerBackend.c,197": 'GetDSSession' is obsolete
16:30:14.579    SCRIPT    (W): @"Scripts/Game/UI/Backend/CareerBackend.c,201": 'RoomID' is obsolete
16:30:14.669    SCRIPT    (W): @"Scripts/Game/DataCollection/SCR_DataCollectorComponent.c,481": 'GetStorage' is obsolete
16:30:14.669    SCRIPT    (W): @"Scripts/Game/DataCollection/SCR_DataCollectorComponent.c,483": 'GetOnlineWritePrivilege' is obsolete
16:30:14.671    SCRIPT    (W): @"Scripts/Game/Utilities/SCR_PlayerIdentityUtils.c,20": 'GetPlayerIdentityId' is obsolete
16:30:14.710    SCRIPT    (W): @"Scripts/Game/UI/Menu/MainMenuUI.c,643": 'GetNotifyCount' is obsolete: Will be substitued by Notification Api.
16:30:14.712    SCRIPT    (W): @"Scripts/Game/UI/Menu/MainMenuUI.c,645": 'GetNotifyItem' is obsolete: Will be substitued by Notification Api.
16:30:14.762    SCRIPT    (W): @"Scripts/Game/DataCollection/PlayerData/SCR_PlayerData.c,210": 'PlayerData' is obsolete
16:30:14.782    RESOURCES    : GetResourceObject @"{37578B1666981FCE}Prefabs/Characters/Core/Character_Base.et"
16:30:14.782     WORLD        : Entity prefab load @"{37578B1666981FCE}Prefabs/Characters/Core/Character_Base.et"
16:30:14.782      WORLD     (E): Unknown class 'SCR_ChimeraCharacter' at offset 21(0x15)
16:30:14.782      ENGINE    (W): Can't load prefab Prefabs/Characters/Core/Character_Base.et
16:30:14.783     RESOURCES (E): Failed to load
16:30:15.013    SCRIPT       : Module: WorkbenchGame; loaded 170x files; 615x classes; used 2477K of static memory; defines: "ENF_WB,WORKBENCH,PLATFORM_WINDOWS,ENABLE_DIAG,ENF_ENABLE_VHC_OVERRIDE,ENF_ENABLE_RPLCOMPONENT_IN_GAMECODE"; CRC32: 8db9d524
16:30:15.020    SCRIPT       : Module: Game; loaded 5951x files; 11486x classes; used 33050K of static memory; defines: "ENF_WB,WORKBENCH,PLATFORM_WINDOWS,ENABLE_DIAG,ENF_ENABLE_VHC_OVERRIDE,ENF_ENABLE_RPLCOMPONENT_IN_GAMECODE,ENABLE_BASE_DESTRUCTION,BUDGET_OPTIMIZATION_CHECKS,SHOW_DISCLAIMER,DEBUG,RESPAWN_TIMER_COMPONENT_DEBUG,GAME_MODE_DEBUG,DEBUG_CONFIGURABLE_DIALOGS,DISABLE_WEAPON_SWITCHING,SCRIPTED_AIM_MODIFIER_DEBUG"; CRC32: 17f91a1e
16:30:15.073   PROFILING    : Compiling Game scripts took: 1802.686800 ms
16:30:15.079   INIT         : Creating game instance(ArmaReforgerScripted), version 1.8.0.10 built 2026-07-31 15:18:14 UTC.
16:30:15.095   ENGINE    (E): BackendDebug:: cannot create directory ($logs:.backend/)
16:30:15.152   ENGINE       : Game successfully created.
16:30:15.152   PLATFORM  (E): Steamworks: SteamAPI_Init failed. Is Steam running?
16:30:15.152   PLATFORM  (E): Could not initialize platform services.
16:30:15.152  PROFILING    : Workbench Create Game took: 1983.333000 ms
16:31:46.680   ENGINE       : FileSystem: Adding relative directory 'C:\Users\jaco5\Documents\My Games\ArmaReforgerWorkbench\profile' to filesystem under name profile
16:31:46.680   ENGINE       : FileSystem: Current working directory: 'C:\Users\jaco5\Documents\My Games\ArmaReforgerWorkbench\addons\Oaschloch\RAMI_AdvancedMedicalInterface\'
16:31:46.682  PROFILING    : Workbench Create Engine took: 5.516200 ms
16:31:47.700   INIT         : INIT         : Workbench Init Engine
16:31:47.700   DEFAULT      : Change in Qt version detected (unknown -> 6.8.3). Clearing layouts registry.
16:31:47.701   ENGINE       : Initializing engine, version 191843
16:31:47.701   ENGINE       : CLI Params: -gproj C:\Users\jaco5\Documents\My Games\ArmaReforgerWorkbench\addons\Oaschloch\RAMI_AdvancedMedicalInterface\RAMI_AdvancedMedicalInterface.gproj -addonsDir C:\Program Files (x86)\Steam\steamapps\common\Arma Reforger\addons,C:\Users\jaco5\Documents\My Games\ArmaReforger\addons,C:\Users\jaco5\Documents\My Games\ArmaReforgerWorkbench\addons 
16:31:47.748   ENGINE       : Addon dirs:
16:31:47.748    ENGINE       : dir: 'C:/Users/jaco5/Documents/My Games/ArmaReforgerWorkbench/addons/Oaschloch/RAMI_AdvancedMedicalInterface/'
16:31:47.748    ENGINE       : dir: 'C:/Program Files (x86)/Steam/steamapps/common/Arma Reforger/addons'
16:31:47.748    ENGINE       : dir: 'C:/Users/jaco5/Documents/My Games/ArmaReforger/addons'
16:31:47.748    ENGINE       : dir: './addons'
16:31:47.748    ENGINE       : dir: 'C:/Users/jaco5/Documents/My Games/ArmaReforgerWorkbench/addons'
16:31:47.749   ENGINE       : Available addons:
16:31:47.749    ENGINE       : gproj: 'C:/Users/jaco5/Documents/My Games/ArmaReforgerWorkbench/addons/Oaschloch/RAMI_AdvancedMedicalInterface/RAMI_AdvancedMedicalInterface.gproj' guid: 'D36C5B996922FFDE'
16:31:47.749    ENGINE       : gproj: 'C:/Program Files (x86)/Steam/steamapps/common/Arma Reforger/addons/core/core.gproj' guid: '5614BBCCBB55ED1C' (packed)
16:31:47.749    ENGINE       : gproj: 'C:/Program Files (x86)/Steam/steamapps/common/Arma Reforger/addons/data/ArmaReforger.gproj' guid: '58D0FB3206B6F859' (packed)
16:31:47.749    ENGINE       : gproj: 'C:/Users/jaco5/Documents/My Games/ArmaReforger/addons/15thMEUTeleporter_6858E3C74D3CB594/addon.gproj' guid: '6858E3C74D3CB594' (packed)
16:31:47.749    ENGINE       : gproj: 'C:/Users/jaco5/Documents/My Games/ArmaReforger/addons/506IRRU-EnhancedRadio_672B0395726428B6/addon.gproj' guid: '672B0395726428B6' (packed)
16:31:47.749    ENGINE       : gproj: 'C:/Users/jaco5/Documents/My Games/ArmaReforger/addons/506IRRU-GMContactView_684E4A9994D415E5/addon.gproj' guid: '684E4A9994D415E5' (packed)
16:31:47.749    ENGINE       : gproj: 'C:/Users/jaco5/Documents/My Games/ArmaReforger/addons/AccurateMapMarkers_670C26EAB7B57C77/addon.gproj' guid: '670C26EAB7B57C77' (packed)
16:31:47.749    ENGINE       : gproj: 'C:/Users/jaco5/Documents/My Games/ArmaReforger/addons/ACEAllinOneDev_65AD7BE594439A52/dev.gproj' guid: '65AD7BE594439A52' (packed)
16:31:47.750    ENGINE       : gproj: 'C:/Users/jaco5/Documents/My Games/ArmaReforger/addons/ACEBackblastDev_65AD7C139EB4C1A1/dev.gproj' guid: '65AD7C139EB4C1A1' (packed)
16:31:47.750    ENGINE       : gproj: 'C:/Users/jaco5/Documents/My Games/ArmaReforger/addons/ACEBallisticsDev_68F77A54920B80AF/dev.gproj' guid: '68F77A54920B80AF' (packed)
16:31:47.750    ENGINE       : gproj: 'C:/Users/jaco5/Documents/My Games/ArmaReforger/addons/ACECaptivesDev_65AD7C249E4ECDFB/dev.gproj' guid: '65AD7C249E4ECDFB' (packed)
16:31:47.750    ENGINE       : gproj: 'C:/Users/jaco5/Documents/My Games/ArmaReforger/addons/ACECarryingDev_65AD7C379CBD394D/dev.gproj' guid: '65AD7C379CBD394D' (packed)
16:31:47.750    ENGINE       : gproj: 'C:/Users/jaco5/Documents/My Games/ArmaReforger/addons/ACEChoppingDev_65AD7BCC9F6B3B4E/dev.gproj' guid: '65AD7BCC9F6B3B4E' (packed)
16:31:47.750    ENGINE       : gproj: 'C:/Users/jaco5/Documents/My Games/ArmaReforger/addons/ACECompassDev_65AD7CF69FAF1FDD/dev.gproj' guid: '65AD7CF69FAF1FDD' (packed)
16:31:47.750    ENGINE       : gproj: 'C:/Users/jaco5/Documents/My Games/ArmaReforger/addons/ACECook-OffDev_664AFDC993C9CE1A/dev.gproj' guid: '664AFDC993C9CE1A' (packed)
16:31:47.750    ENGINE       : gproj: 'C:/Users/jaco5/Documents/My Games/ArmaReforger/addons/ACECoreDev_65AD7D0D9941A380/dev.gproj' guid: '65AD7D0D9941A380' (packed)
16:31:47.751    ENGINE       : gproj: 'C:/Users/jaco5/Documents/My Games/ArmaReforger/addons/ACEExplosivesDev_65AD7D1E9EEAFA53/dev.gproj' guid: '65AD7D1E9EEAFA53' (packed)
16:31:47.751    ENGINE       : gproj: 'C:/Users/jaco5/Documents/My Games/ArmaReforger/addons/ACEFacepaintDev_68EAA4B96976D557/dev.gproj' guid: '68EAA4B96976D557' (packed)
16:31:47.751    ENGINE       : gproj: 'C:/Users/jaco5/Documents/My Games/ArmaReforger/addons/ACEFingerDev_65AD7D2E9866FA6E/dev.gproj' guid: '65AD7D2E9866FA6E' (packed)
16:31:47.751    ENGINE       : gproj: 'C:/Users/jaco5/Documents/My Games/ArmaReforger/addons/ACEMagazineRepackDev_65AD7D4099944EBD/dev.gproj' guid: '65AD7D4099944EBD' (packed)
16:31:47.751    ENGINE       : gproj: 'C:/Users/jaco5/Documents/My Games/ArmaReforger/addons/ACEMedicalBreathingDev_671F73D99978B4F2/dev.gproj' guid: '671F73D99978B4F2' (packed)
16:31:47.751    ENGINE       : gproj: 'C:/Users/jaco5/Documents/My Games/ArmaReforger/addons/ACEMedicalCirculationDev_65AD7D4F994EA327/dev.gproj' guid: '65AD7D4F994EA327' (packed)
16:31:47.751    ENGINE       : gproj: 'C:/Users/jaco5/Documents/My Games/ArmaReforger/addons/ACEMedicalCoreDev_6586079789278413/dev.gproj' guid: '6586079789278413' (packed)
16:31:47.751    ENGINE       : gproj: 'C:/Users/jaco5/Documents/My Games/ArmaReforger/addons/ACEMedicalHitzonesDev_65B343F799FB521B/dev.gproj' guid: '65B343F799FB521B' (packed)
16:31:47.752    ENGINE       : gproj: 'C:/Users/jaco5/Documents/My Games/ArmaReforger/addons/ACEOverheatingDev_65B8EA178A3E94E3/dev.gproj' guid: '65B8EA178A3E94E3' (packed)
16:31:47.752    ENGINE       : gproj: 'C:/Users/jaco5/Documents/My Games/ArmaReforger/addons/ACERadioDev_65AD7C75826B46C6/dev.gproj' guid: '65AD7C75826B46C6' (packed)
16:31:47.752    ENGINE       : gproj: 'C:/Users/jaco5/Documents/My Games/ArmaReforger/addons/ACEScopesDev_68FC0EDE9F677A3C/dev.gproj' guid: '68FC0EDE9F677A3C' (packed)
16:31:47.752    ENGINE       : gproj: 'C:/Users/jaco5/Documents/My Games/ArmaReforger/addons/ACETacticalLadderDev_65AD7CB89F219E38/dev.gproj' guid: '65AD7CB89F219E38' (packed)
16:31:47.752    ENGINE       : gproj: 'C:/Users/jaco5/Documents/My Games/ArmaReforger/addons/ACETacticalPeriscopeDev_65AD7CD09CAEC4E2/dev.gproj' guid: '65AD7CD09CAEC4E2' (packed)
16:31:47.752    ENGINE       : gproj: 'C:/Users/jaco5/Documents/My Games/ArmaReforger/addons/ACETrenchesDev_65AD7CE59E8DB349/dev.gproj' guid: '65AD7CE59E8DB349' (packed)
16:31:47.752    ENGINE       : gproj: 'C:/Users/jaco5/Documents/My Games/ArmaReforger/addons/ACEWeatherDev_667B230F9505C8BA/dev.gproj' guid: '667B230F9505C8BA' (packed)
16:31:47.752    ENGINE       : gproj: 'C:/Users/jaco5/Documents/My Games/ArmaReforger/addons/AIHornyMute_6877455D094BA18C/addon.gproj' guid: '6877455D094BA18C' (packed)
16:31:47.752    ENGINE       : gproj: 'C:/Users/jaco5/Documents/My Games/ArmaReforger/addons/AKI_Core_62CCD69DD17E4F2F/addon.gproj' guid: '62CCD69DD17E4F2F' (packed)
16:31:47.752    ENGINE       : gproj: 'C:/Users/jaco5/Documents/My Games/ArmaReforger/addons/AnarchyMarkersxGRS-ATAKDEV_69DA0119707F0354/addon.gproj' guid: '69DA0119707F0354' (packed)
16:31:47.752    ENGINE       : gproj: 'C:/Users/jaco5/Documents/My Games/ArmaReforger/addons/AnarchyMarkers_69A510CE600D1126/addon.gproj' guid: '69A510CE600D1126' (packed)
16:31:47.754    ENGINE       : gproj: 'C:/Users/jaco5/Documents/My Games/ArmaReforger/addons/ArmaTerrainCore_60B524F7A5AE96A8/addon.gproj' guid: '60B524F7A5AE96A8' (packed)
16:31:47.754    ENGINE       : gproj: 'C:/Users/jaco5/Documents/My Games/ArmaReforger/addons/BaconLoadoutEditor_606B100247F5C709/addon.gproj' guid: '606B100247F5C709' (packed)
16:31:47.754    ENGINE       : gproj: 'C:/Users/jaco5/Documents/My Games/ArmaReforger/addons/BMP-1IFV_5E524E4FEECCA92B/addon.gproj' guid: '5E524E4FEECCA92B' (packed)
16:31:47.754    ENGINE       : gproj: 'C:/Users/jaco5/Documents/My Games/ArmaReforger/addons/bonz_Core_671B4DD7897732BC/addon.gproj' guid: '671B4DD7897732BC' (packed)
16:31:47.754    ENGINE       : gproj: 'C:/Users/jaco5/Documents/My Games/ArmaReforger/addons/bonz_UnitLoadout_671B4B88A1397B9D/addon.gproj' guid: '671B4B88A1397B9D' (packed)
16:31:47.754    ENGINE       : gproj: 'C:/Users/jaco5/Documents/My Games/ArmaReforger/addons/BundeswehrMod_59673B087BFF710C/addon.gproj' guid: '59673B087BFF710C' (packed)
16:31:47.754    ENGINE       : gproj: 'C:/Users/jaco5/Documents/My Games/ArmaReforger/addons/COALITIONSquadInterface_5B0D1E4380971EBD/addon.gproj' guid: '5B0D1E4380971EBD' (packed)
16:31:47.754    ENGINE       : gproj: 'C:/Users/jaco5/Documents/My Games/ArmaReforger/addons/CRXEnfusionA.I._5F268647F8A1A1F4/addon.gproj' guid: '5F268647F8A1A1F4' (packed)
16:31:47.755    ENGINE       : gproj: 'C:/Users/jaco5/Documents/My Games/ArmaReforger/addons/Deathsoundeffect_69D4B8A05C764676/addon.gproj' guid: '69D4B8A05C764676' (packed)
16:31:47.755    ENGINE       : gproj: 'C:/Users/jaco5/Documents/My Games/ArmaReforger/addons/DisableAIVoice_65254226BB9B318C/addon.gproj' guid: '65254226BB9B318C' (packed)
16:31:47.755    ENGINE       : gproj: 'C:/Users/jaco5/Documents/My Games/ArmaReforger/addons/DisableGameMasterBudgets_5F2944B7474F043F/addon.gproj' guid: '5F2944B7474F043F' (packed)
16:31:47.755    ENGINE       : gproj: 'C:/Users/jaco5/Documents/My Games/ArmaReforger/addons/DisableVONunconscious_5EF8AADD3B3C81F2/addon.gproj' guid: '5EF8AADD3B3C81F2' (packed)
16:31:47.755    ENGINE       : gproj: 'C:/Users/jaco5/Documents/My Games/ArmaReforger/addons/EchoesofHellCombatUniform_6938932990A07E9A/addon.gproj' guid: '6938932990A07E9A' (packed)
16:31:47.755    ENGINE       : gproj: 'C:/Users/jaco5/Documents/My Games/ArmaReforger/addons/EnfusionDatabaseFramework_5D6EA74A94173EDF/EnfusionDatabaseFramework.gproj' guid: '5D6EA74A94173EDF' (packed)
16:31:47.755    ENGINE       : gproj: 'C:/Users/jaco5/Documents/My Games/ArmaReforger/addons/ExpandedSalineBags_6A05287AF042071B/addon.gproj' guid: '6A05287AF042071B' (packed)
16:31:47.755    ENGINE       : gproj: 'C:/Users/jaco5/Documents/My Games/ArmaReforger/addons/FMTV_65B60A48AEC31157/addon.gproj' guid: '65B60A48AEC31157' (packed)
16:31:47.756    ENGINE       : gproj: 'C:/Users/jaco5/Documents/My Games/ArmaReforger/addons/GameMasterCopyPaste_60CC94C046837439/addon.gproj' guid: '60CC94C046837439' (packed)
16:31:47.756    ENGINE       : gproj: 'C:/Users/jaco5/Documents/My Games/ArmaReforger/addons/GCSuppression_684CE8AA3B1D6573/addon.gproj' guid: '684CE8AA3B1D6573' (packed)
16:31:47.756    ENGINE       : gproj: 'C:/Users/jaco5/Documents/My Games/ArmaReforger/addons/GMTools_64F10E068D5880A6/addon.gproj' guid: '64F10E068D5880A6' (packed)
16:31:47.756    ENGINE       : gproj: 'C:/Users/jaco5/Documents/My Games/ArmaReforger/addons/GMVONFIXES_6954C37737DD56C8/addon.gproj' guid: '6954C37737DD56C8' (packed)
16:31:47.756    ENGINE       : gproj: 'C:/Users/jaco5/Documents/My Games/ArmaReforger/addons/GRS-Apparel_65157D09F042428A/addon.gproj' guid: '65157D09F042428A' (packed)
16:31:47.756    ENGINE       : gproj: 'C:/Users/jaco5/Documents/My Games/ArmaReforger/addons/GRS-ATAKDEV_69397BEDF03981C8/addon.gproj' guid: '69397BEDF03981C8' (packed)
16:31:47.756    ENGINE       : gproj: 'C:/Users/jaco5/Documents/My Games/ArmaReforger/addons/GRS-ATAKPluginCore_69F76987DB9F2214/addon.gproj' guid: '69F76987DB9F2214' (packed)
16:31:47.756    ENGINE       : gproj: 'C:/Users/jaco5/Documents/My Games/ArmaReforger/addons/GRS-BeltsAMPBagsAMPDroplegs_65183608D6DA5728/addon.gproj' guid: '65183608D6DA5728' (packed)
16:31:47.756    ENGINE       : gproj: 'C:/Users/jaco5/Documents/My Games/ArmaReforger/addons/GRS-DevFramework_65DACC64CE785B6C/addon.gproj' guid: '65DACC64CE785B6C' (packed)
16:31:47.756    ENGINE       : gproj: 'C:/Users/jaco5/Documents/My Games/ArmaReforger/addons/GRS-Essentials_6515672F96701110/addon.gproj' guid: '6515672F96701110' (packed)
16:31:47.756    ENGINE       : gproj: 'C:/Users/jaco5/Documents/My Games/ArmaReforger/addons/GRS-ModularVestsAMPRigs_651834C8D77BF86B/addon.gproj' guid: '651834C8D77BF86B' (packed)
16:31:47.756    ENGINE       : gproj: 'C:/Users/jaco5/Documents/My Games/ArmaReforger/addons/GRS-Patches_657B064AE0E231DF/addon.gproj' guid: '657B064AE0E231DF' (packed)
16:31:47.756    ENGINE       : gproj: 'C:/Users/jaco5/Documents/My Games/ArmaReforger/addons/GRS-ShadowsCore_68821D86AF3AE823/addon.gproj' guid: '68821D86AF3AE823' (packed)
16:31:47.756    ENGINE       : gproj: 'C:/Users/jaco5/Documents/My Games/ArmaReforger/addons/GRS-ShadowsPistolPack_66D45442A2D79E40/addon.gproj' guid: '66D45442A2D79E40' (packed)
16:31:47.756    ENGINE       : gproj: 'C:/Users/jaco5/Documents/My Games/ArmaReforger/addons/GRSATAK-RiptideMQ9Plugin_6A206D52FF406968/addon.gproj' guid: '6A206D52FF406968' (packed)
16:31:47.758    ENGINE       : gproj: 'C:/Users/jaco5/Documents/My Games/ArmaReforger/addons/GRSLoadoutsbyRelaxo_6884A83BA6946CFD/addon.gproj' guid: '6884A83BA6946CFD' (packed)
16:31:47.758    ENGINE       : gproj: 'C:/Users/jaco5/Documents/My Games/ArmaReforger/addons/GRSNVGS_6A2A460F6FE4B59A/addon.gproj' guid: '6A2A460F6FE4B59A' (packed)
16:31:47.758    ENGINE       : gproj: 'C:/Users/jaco5/Documents/My Games/ArmaReforger/addons/HmmwvVariants_69F415A5B15EC350/addon.gproj' guid: '69F415A5B15EC350' (packed)
16:31:47.758    ENGINE       : gproj: 'C:/Users/jaco5/Documents/My Games/ArmaReforger/addons/INFNoMapAssists_68C8814DB8F259A7/addon.gproj' guid: '68C8814DB8F259A7' (packed)
16:31:47.758    ENGINE       : gproj: 'C:/Users/jaco5/Documents/My Games/ArmaReforger/addons/InventoryBoxes_A1E6470C8DBF3952/addon.gproj' guid: 'A1E6470C8DBF3952' (packed)
16:31:47.758    ENGINE       : gproj: 'C:/Users/jaco5/Documents/My Games/ArmaReforger/addons/KeepGunWhenUncon_6088A3044B7ECBFD/addon.gproj' guid: '6088A3044B7ECBFD' (packed)
16:31:47.758    ENGINE       : gproj: 'C:/Users/jaco5/Documents/My Games/ArmaReforger/addons/LunacyAudio_64DE57C0A1601D14/addon.gproj' guid: '64DE57C0A1601D14' (packed)
16:31:47.758    ENGINE       : gproj: 'C:/Users/jaco5/Documents/My Games/ArmaReforger/addons/M1Abrams_5D1880C4AD410C14/addon.gproj' guid: '5D1880C4AD410C14' (packed)
16:31:47.758    ENGINE       : gproj: 'C:/Users/jaco5/Documents/My Games/ArmaReforger/addons/M2BradleyFightingVehicle_63120AE07E6C0966/addon.gproj' guid: '63120AE07E6C0966' (packed)
16:31:47.759    ENGINE       : gproj: 'C:/Users/jaco5/Documents/My Games/ArmaReforger/addons/MapDrawing_656AC01634459D8D/addon.gproj' guid: '656AC01634459D8D' (packed)
16:31:47.759    ENGINE       : gproj: 'C:/Users/jaco5/Documents/My Games/ArmaReforger/addons/MiddleEastInsurgents_64CEC8E005828E5D/addon.gproj' guid: '64CEC8E005828E5D' (packed)
16:31:47.759    ENGINE       : gproj: 'C:/Users/jaco5/Documents/My Games/ArmaReforger/addons/MikesUI_B3F91C6A4E275D08/addon.gproj' guid: 'B3F91C6A4E275D08' (packed)
16:31:47.759    ENGINE       : gproj: 'C:/Users/jaco5/Documents/My Games/ArmaReforger/addons/ModularVoiceRange_648297C0F03CE43A/addon.gproj' guid: '648297C0F03CE43A' (packed)
16:31:47.759    ENGINE       : gproj: 'C:/Users/jaco5/Documents/My Games/ArmaReforger/addons/NoWeaponDropUnconscious_60612C225328522E/addon.gproj' guid: '60612C225328522E' (packed)
16:31:47.759    ENGINE       : gproj: 'C:/Users/jaco5/Documents/My Games/ArmaReforger/addons/NTFBasic_65A104ABB3A3AA92/addon.gproj' guid: '65A104ABB3A3AA92' (packed)
16:31:47.759    ENGINE       : gproj: 'C:/Users/jaco5/Documents/My Games/ArmaReforger/addons/NTFServerTracker-New_69AEB37757AE2239/NTF_ServerTracker.gproj' guid: '69AEB37757AE2239' (packed)
16:31:47.759    ENGINE       : gproj: 'C:/Users/jaco5/Documents/My Games/ArmaReforger/addons/NTFVoice_689D68CAD25BC03D/addon.gproj' guid: '689D68CAD25BC03D' (packed)
16:31:47.760    ENGINE       : gproj: 'C:/Users/jaco5/Documents/My Games/ArmaReforger/addons/OpsTrack_6660ABEECE887CC5/addon.gproj' guid: '6660ABEECE887CC5' (packed)
16:31:47.760    ENGINE       : gproj: 'C:/Users/jaco5/Documents/My Games/ArmaReforger/addons/OPZargabadRaid_6A126ADCB39EECB3/addon.gproj' guid: '6A126ADCB39EECB3' (packed)
16:31:47.760    ENGINE       : gproj: 'C:/Users/jaco5/Documents/My Games/ArmaReforger/addons/OutsideTerrainCore_61F0D506562D9BC9/addon.gproj' guid: '61F0D506562D9BC9' (packed)
16:31:47.760    ENGINE       : gproj: 'C:/Users/jaco5/Documents/My Games/ArmaReforger/addons/PlayerMapMarkers_5E92F5A4A1B75A75/addon.gproj' guid: '5E92F5A4A1B75A75' (packed)
16:31:47.760    ENGINE       : gproj: 'C:/Users/jaco5/Documents/My Games/ArmaReforger/addons/RHS-ContentPack01_1337C0DE5DABBEEF/addon.gproj' guid: '1337C0DE5DABBEEF' (packed)
16:31:47.760    ENGINE       : gproj: 'C:/Users/jaco5/Documents/My Games/ArmaReforger/addons/RHS-ContentPack02_BADC0DEDABBEDA5E/addon.gproj' guid: 'BADC0DEDABBEDA5E' (packed)
16:31:47.760    ENGINE       : gproj: 'C:/Users/jaco5/Documents/My Games/ArmaReforger/addons/RHS-StatusQuo_595F2BF2F44836FB/addon.gproj' guid: '595F2BF2F44836FB' (packed)
16:31:47.760    ENGINE       : gproj: 'C:/Users/jaco5/Documents/My Games/ArmaReforger/addons/RiptideMQ9_6A06151E0B217C93/addon.gproj' guid: '6A06151E0B217C93' (packed)
16:31:47.761    ENGINE       : gproj: 'C:/Users/jaco5/Documents/My Games/ArmaReforger/addons/SagesFramework_8CBB11B3B769A055/SagesFramework.gproj' guid: '8CBB11B3B769A055' (packed)
16:31:47.761    ENGINE       : gproj: 'C:/Users/jaco5/Documents/My Games/ArmaReforger/addons/ServerAdminTools_5AAAC70D754245DD/addon.gproj' guid: '5AAAC70D754245DD' (packed)
16:31:47.761    ENGINE       : gproj: 'C:/Users/jaco5/Documents/My Games/ArmaReforger/addons/ServerRulesQuiz_5C3B9E8A7D1F4C2B/addon.gproj' guid: '5C3B9E8A7D1F4C2B' (packed)
16:31:47.761    ENGINE       : gproj: 'C:/Users/jaco5/Documents/My Games/ArmaReforger/addons/SHEnhancedCombatEffects_69C34933FD556CEF/addon.gproj' guid: '69C34933FD556CEF' (packed)
16:31:47.761    ENGINE       : gproj: 'C:/Users/jaco5/Documents/My Games/ArmaReforger/addons/SpaceCore_5E389BB9F58B79A6/addon.gproj' guid: '5E389BB9F58B79A6' (packed)
16:31:47.761    ENGINE       : gproj: 'C:/Users/jaco5/Documents/My Games/ArmaReforger/addons/T-72MainBattleTank_5E0AB16BEB16D6A4/addon.gproj' guid: '5E0AB16BEB16D6A4' (packed)
16:31:47.761    ENGINE       : gproj: 'C:/Users/jaco5/Documents/My Games/ArmaReforger/addons/Takistan_615EEBD9BDFEEE9B/addon.gproj' guid: '615EEBD9BDFEEE9B' (packed)
16:31:47.761    ENGINE       : gproj: 'C:/Users/jaco5/Documents/My Games/ArmaReforger/addons/TFUDisableGMBudgets_657E2435156A097F/addon.gproj' guid: '657E2435156A097F' (packed)
16:31:47.762    ENGINE       : gproj: 'C:/Users/jaco5/Documents/My Games/ArmaReforger/addons/TraceVehCore_632F64CB7D65D1FC/addon.gproj' guid: '632F64CB7D65D1FC' (packed)
16:31:47.762    ENGINE       : gproj: 'C:/Users/jaco5/Documents/My Games/ArmaReforger/addons/WalkingSpeedIndicator_6A1E9F43B2C74D18/addon.gproj' guid: '6A1E9F43B2C74D18' (packed)
16:31:47.762    ENGINE       : gproj: 'C:/Users/jaco5/Documents/My Games/ArmaReforger/addons/WCS_AH-6M_6273146ADFE8241D/addon.gproj' guid: '6273146ADFE8241D' (packed)
16:31:47.762    ENGINE       : gproj: 'C:/Users/jaco5/Documents/My Games/ArmaReforger/addons/WCS_Armaments_629B2BA37EFFD577/addon.gproj' guid: '629B2BA37EFFD577' (packed)
16:31:47.762    ENGINE       : gproj: 'C:/Users/jaco5/Documents/My Games/ArmaReforger/addons/WCS_Attachments_61C74A8B647617DA/addon.gproj' guid: '61C74A8B647617DA' (packed)
16:31:47.762    ENGINE       : gproj: 'C:/Users/jaco5/Documents/My Games/ArmaReforger/addons/WCS_Earplugs_612F512CD4CB21D5/addon.gproj' guid: '612F512CD4CB21D5' (packed)
16:31:47.762    ENGINE       : gproj: 'C:/Users/jaco5/Documents/My Games/ArmaReforger/addons/WCS_NATO_615806DC6C57AF02/addon.gproj' guid: '615806DC6C57AF02' (packed)
16:31:47.762    ENGINE       : gproj: 'C:/Users/jaco5/Documents/My Games/ArmaReforger/addons/WCS_RU_615818DA7C0343FD/addon.gproj' guid: '615818DA7C0343FD' (packed)
16:31:47.762    ENGINE       : gproj: 'C:/Users/jaco5/Documents/My Games/ArmaReforger/addons/WCS_Scopes_62A668F513428630/addon.gproj' guid: '62A668F513428630' (packed)
16:31:47.763    ENGINE       : gproj: 'C:/Users/jaco5/Documents/My Games/ArmaReforger/addons/WCS_Sounds_631C3C1AEE9C90BC/addon.gproj' guid: '631C3C1AEE9C90BC' (packed)
16:31:47.763    ENGINE       : gproj: 'C:/Users/jaco5/Documents/My Games/ArmaReforger/addons/WCS_VehicleLock_61BA4EB5C886D396/addon.gproj' guid: '61BA4EB5C886D396' (packed)
16:31:47.763    ENGINE       : gproj: 'C:/Users/jaco5/Documents/My Games/ArmaReforger/addons/WCS_Weapons_65CF7AE8574E06D2/addon.gproj' guid: '65CF7AE8574E06D2' (packed)
16:31:47.763    ENGINE       : gproj: 'C:/Users/jaco5/Documents/My Games/ArmaReforger/addons/WCS_Weapon_Scripts_68F006D910E7546F/addon.gproj' guid: '68F006D910E7546F' (packed)
16:31:47.763    ENGINE       : gproj: 'C:/Users/jaco5/Documents/My Games/ArmaReforger/addons/XimsInsurgents_69A6E371DAA7BCFC/addon.gproj' guid: '69A6E371DAA7BCFC' (packed)
16:31:47.763    ENGINE       : gproj: 'C:/Users/jaco5/Documents/My Games/ArmaReforger/addons/XimsLoadoutEditor_68909A97C613D81C/addon.gproj' guid: '68909A97C613D81C' (packed)
16:31:47.763    ENGINE       : gproj: 'C:/Users/jaco5/Documents/My Games/ArmaReforger/addons/Zargabad_662B602B3F823F27/addon.gproj' guid: '662B602B3F823F27' (packed)
16:31:47.764    ENGINE       : gproj: 'C:/Users/jaco5/Documents/My Games/ArmaReforger/addons/ZSU-23-4Shilka_62D15D0025AE021B/addon.gproj' guid: '62D15D0025AE021B' (packed)
16:31:47.764    ENGINE       : gproj: 'C:/Users/jaco5/Documents/My Games/ArmaReforgerWorkbench/addons/Expanded Saline Bags - AMF/addon.gproj' guid: '6A0D301D193ECB25'
16:31:47.764    ENGINE       : gproj: 'C:/Users/jaco5/Documents/My Games/ArmaReforgerWorkbench/addons/Expanded Saline Bags - RHS/addon.gproj' guid: '6A0D35D2B4808E62'
16:31:47.764    ENGINE       : gproj: 'C:/Users/jaco5/Documents/My Games/ArmaReforgerWorkbench/addons/Expanded Saline Bags - UK/addon.gproj' guid: '6A0D3D1BA4CE288F'
16:31:47.765    ENGINE       : gproj: 'C:/Users/jaco5/Documents/My Games/ArmaReforgerWorkbench/addons/France Loadouts by Relaxo/addon.gproj' guid: '687B06328B577A98'
16:31:47.765    ENGINE       : gproj: 'C:/Users/jaco5/Documents/My Games/ArmaReforgerWorkbench/addons/GMVehicleLock/addon.gproj' guid: 'A83D91C74F2E6B50'
16:31:47.765    ENGINE       : gproj: 'C:/Users/jaco5/Documents/My Games/ArmaReforgerWorkbench/addons/In God We Trust/addon.gproj' guid: '69770C017B580714'
16:31:47.765    ENGINE       : gproj: 'C:/Users/jaco5/Documents/My Games/ArmaReforgerWorkbench/addons/OperationKitKat/addon.gproj' guid: '6A231C34A4CF289E'
16:31:47.765   ENGINE       : FileSystem: Adding relative directory 'C:\Users\jaco5\Documents\My Games\ArmaReforgerWorkbench\addons\Oaschloch\RAMI_AdvancedMedicalInterface' to filesystem under name RAMI_AdvancedMedicalInterface
16:31:47.766   ENGINE       : FileSystem: Adding package 'C:/Users/jaco5/Documents/My Games/ArmaReforger/addons/ExpandedSalineBags_6A05287AF042071B/' (pak count: 1) to filesystem under name ExpandedSalineBags
16:31:47.767   ENGINE       : FileSystem: Adding package 'C:/Users/jaco5/Documents/My Games/ArmaReforger/addons/ACECarryingDev_65AD7C379CBD394D/' (pak count: 1) to filesystem under name ACE_Carrying_Dev
16:31:47.767   ENGINE       : FileSystem: Adding package 'C:/Users/jaco5/Documents/My Games/ArmaReforger/addons/ACEMedicalHitzonesDev_65B343F799FB521B/' (pak count: 1) to filesystem under name ACE_Medical_Hitzones_Dev
16:31:47.769   ENGINE       : FileSystem: Adding package 'C:/Users/jaco5/Documents/My Games/ArmaReforger/addons/ACEMedicalCirculationDev_65AD7D4F994EA327/' (pak count: 1) to filesystem under name ACE_Medical_Circulation_Dev
16:31:47.770   ENGINE       : FileSystem: Adding package 'C:/Users/jaco5/Documents/My Games/ArmaReforger/addons/ACEMedicalCoreDev_6586079789278413/' (pak count: 1) to filesystem under name ACE_Medical_Core_Dev
16:31:47.772   ENGINE       : FileSystem: Adding package 'C:/Users/jaco5/Documents/My Games/ArmaReforger/addons/ACECoreDev_65AD7D0D9941A380/' (pak count: 1) to filesystem under name ACE_Core_Dev
16:31:47.920   ENGINE       : FileSystem: Adding package 'C:/Program Files (x86)/Steam/steamapps/common/Arma Reforger/addons/data/' (pak count: 14) to filesystem under name ArmaReforger
16:31:47.926   ENGINE       : FileSystem: Adding package 'C:/Program Files (x86)/Steam/steamapps/common/Arma Reforger/addons/core/' (pak count: 2) to filesystem under name core
16:31:47.926   ENGINE       : CPU vendor         : GenuineIntel
16:31:47.926   ENGINE       : CPU type           : 1
16:31:47.926   ENGINE       : CPU name           : Intel(R) Core(TM) i7-9750H CPU @ 2.60GHz
16:31:47.926   ENGINE       : CPU cache info     : L1 [Inst 32KB, Data 32KB], L2 [Unif 256KB], L3 [Unif 12288KB]
16:31:47.926   ENGINE       : CPU count logical  : 12
16:31:47.927   ENGINE       : CPU count physical : 6
16:31:47.927   ENGINE       : CPU features       : mmx sse sse2 sse3 ssse3 sse4_1 sse4_2 popcnt aesni pclmulqdq osxsave avx avx2
16:31:47.927   RESOURCES    : ResourceDB: loading cache (id=0 name=RAMI_AdvancedMedicalInterface path=C:\Users\jaco5\Documents\My Games\ArmaReforgerWorkbench\addons\Oaschloch\RAMI_AdvancedMedicalInterface/resourceDatabase.rdb)
16:31:47.927   RESOURCES    : ResourceDB: loading cache (id=1 name=ExpandedSalineBags path=C:/Users/jaco5/Documents/My Games/ArmaReforger/addons/ExpandedSalineBags_6A05287AF042071B/resourceDatabase.rdb)
16:31:47.928   RESOURCES    : ResourceDB: loading cache (id=2 name=ACE_Carrying_Dev path=C:/Users/jaco5/Documents/My Games/ArmaReforger/addons/ACECarryingDev_65AD7C379CBD394D/resourceDatabase.rdb)
16:31:47.928   RESOURCES    : ResourceDB: loading cache (id=3 name=ACE_Medical_Hitzones_Dev path=C:/Users/jaco5/Documents/My Games/ArmaReforger/addons/ACEMedicalHitzonesDev_65B343F799FB521B/resourceDatabase.rdb)
16:31:47.929   RESOURCES    : ResourceDB: loading cache (id=4 name=ACE_Medical_Circulation_Dev path=C:/Users/jaco5/Documents/My Games/ArmaReforger/addons/ACEMedicalCirculationDev_65AD7D4F994EA327/resourceDatabase.rdb)
16:31:47.929   RESOURCES    : ResourceDB: loading cache (id=5 name=ACE_Medical_Core_Dev path=C:/Users/jaco5/Documents/My Games/ArmaReforger/addons/ACEMedicalCoreDev_6586079789278413/resourceDatabase.rdb)
16:31:47.930   RESOURCES    : ResourceDB: loading cache (id=6 name=ACE_Core_Dev path=C:/Users/jaco5/Documents/My Games/ArmaReforger/addons/ACECoreDev_65AD7D0D9941A380/resourceDatabase.rdb)
16:31:47.931   RESOURCES    : ResourceDB: loading cache (id=7 name=ArmaReforger path=C:/Program Files (x86)/Steam/steamapps/common/Arma Reforger/addons/data/resourceDatabase.rdb)
16:31:48.069   RESOURCES    : ResourceDB: loading cache (id=8 name=core path=C:/Program Files (x86)/Steam/steamapps/common/Arma Reforger/addons/core/resourceDatabase.rdb)
16:31:48.071   RESOURCES    : ResourceDB: loading cache (id=9 name=profile path=C:\Users\jaco5\Documents\My Games\ArmaReforgerWorkbench\profile/resourceDatabase.rdb)
16:31:48.242    RESOURCES    : RESOURCES    : ResourceDB: full scan
16:31:48.247     RESOURCES    : RESOURCES    : scanning...
16:31:48.247      RESOURCES    : RESOURCES    : scanning @"RAMI_AdvancedMedicalInterface"
16:31:48.248      RESOURCES    : RESOURCES    : scanning @"ExpandedSalineBags"
16:31:48.250      RESOURCES    : RESOURCES    : scanning @"ACE_Carrying_Dev"
16:31:48.253      RESOURCES    : RESOURCES    : scanning @"ACE_Medical_Hitzones_Dev"
16:31:48.254      RESOURCES    : RESOURCES    : scanning @"ACE_Medical_Circulation_Dev"
16:31:48.256      RESOURCES    : RESOURCES    : scanning @"ACE_Medical_Core_Dev"
16:31:48.258      RESOURCES    : RESOURCES    : scanning @"ACE_Core_Dev"
16:31:48.261      RESOURCES    : RESOURCES    : scanning @"ArmaReforger"
16:31:48.396      RESOURCES    : RESOURCES    : scanning @"core"
16:31:48.399      RESOURCES    : RESOURCES    : scanning @"profile"
16:31:48.401     RESOURCES    : RESOURCES    : processing meta-files...
16:31:48.401 INIT         : Workbench startup
16:31:48.401  INIT         : Workbench Init Engine
16:31:48.401   RESOURCES    : ResourceDB: full scan
16:31:48.401    RESOURCES    : processing meta-files...
16:31:48.403     RESOURCES (E): metafile without corresponding resource: '$RAMI_AdvancedMedicalInterface:UI/Textures/RAMI_BodyZones/RAMI_Tourniquet.edds.meta'
16:31:48.464     RESOURCES    : RESOURCES    : processing files...
16:31:48.469    RESOURCES    : processing files...
16:31:48.469     RESOURCES (W): resource not registered: @"$profile:AmbientSpawnConfig/config.json". Setting null GUID
16:31:48.469     RESOURCES (W): resource not registered: @"$profile:AmbientSpawnConfig/Templates/conflict_pve_ravage.json". Setting null GUID
16:31:48.470     RESOURCES (W): resource not registered: @"$profile:AmbientSpawnConfig/Templates/conflict_pve_robots.json". Setting null GUID
16:31:48.470     RESOURCES (W): resource not registered: @"$profile:AmbientSpawnConfig/Templates/conflict_ravage_as_fia.json". Setting null GUID
16:31:48.470     RESOURCES (W): resource not registered: @"$profile:AmbientSpawnConfig/Templates/default.json". Setting null GUID
16:31:48.470     RESOURCES (W): resource not registered: @"$profile:AmbientSpawnConfig/Templates/default_pve.json". Setting null GUID
16:31:48.470     RESOURCES (W): resource not registered: @"$profile:ArmaStatsBot/config.json". Setting null GUID
16:31:48.472     RESOURCES (W): resource not registered: @"$profile:ArmaStatsBot/global_2026_02.json". Setting null GUID
16:31:48.472     RESOURCES (W): resource not registered: @"$profile:ArmaStatsBot/global_2026_03.json". Setting null GUID
16:31:48.472     RESOURCES (W): resource not registered: @"$profile:ArmaStatsBot/global_2026_04.json". Setting null GUID
16:31:48.472     RESOURCES (W): resource not registered: @"$profile:ArmaStatsBot/playerstats.json". Setting null GUID
16:31:48.473     RESOURCES (W): resource not registered: @"$profile:CMPlayerStatsHUD/16e0b884-a2f2-49c5-a722-3b44148f8b26_playerstats.json". Setting null GUID
16:31:48.473     RESOURCES (W): resource not registered: @"$profile:CMPlayerStatsHUD/AdminServerSettings/AdminCanPromoteDemote.json". Setting null GUID
16:31:48.473     RESOURCES (W): resource not registered: @"$profile:CMPlayerStatsHUD/AdminServerSettings/AdminCanPromoteDemoteExemptions.json". Setting null GUID
16:31:48.473     RESOURCES (W): resource not registered: @"$profile:CMPlayerStatsHUD/AdminServerSettings/AdminCanPromoteDemoteExemptionsList.json". Setting null GUID
16:31:48.474     RESOURCES (W): resource not registered: @"$profile:CMPlayerStatsHUD/AdminServerSettings/OneTimeWipeAllPlayerXP.json". Setting null GUID
16:31:48.474     RESOURCES (W): resource not registered: @"$profile:CMPlayerStatsHUD/AdminServerSettings/PersistentRanks.json". Setting null GUID
16:31:48.474     RESOURCES (W): resource not registered: @"$profile:CMPlayerStatsHUD/AdminServerSettings/PlayerStatsSubMenuVisibility.json". Setting null GUID
16:31:48.474     RESOURCES (W): resource not registered: @"$profile:CMPlayerStatsHUD/AdminServerSettings/PunishAdminsForTeamKills.json". Setting null GUID
16:31:48.474     RESOURCES (W): resource not registered: @"$profile:CMPlayerStatsHUD/AdminServerSettings/RemoveVehicleKillsFromKDRatio.json". Setting null GUID
16:31:48.474     RESOURCES (W): resource not registered: @"$profile:CMPlayerStatsHUD/AdminServerSettings/SavingMethod.json". Setting null GUID
16:31:48.475     RESOURCES (W): resource not registered: @"$profile:CMPlayerStatsHUD/AdminServerSettings/ScenarioEndWipePlayerStats.json". Setting null GUID
16:31:48.475     RESOURCES (W): resource not registered: @"$profile:CMPlayerStatsHUD/AdminServerSettings/ScenarioEndWipePlayerXP.json". Setting null GUID
16:31:48.475     RESOURCES (W): resource not registered: @"$profile:CMPlayerStatsHUD/AdminServerSettings/ServerStartWipePlayerXP.json". Setting null GUID
16:31:48.475     RESOURCES (W): resource not registered: @"$profile:CMPlayerStatsHUD/AdminServerSettings/StatsAreOnlyVisibleInOwnHQ.json". Setting null GUID
16:31:48.476     RESOURCES (W): resource not registered: @"$profile:CMPlayerStatsHUD/AdminServerSettings/WipePlayerStatsExemptions.json". Setting null GUID
16:31:48.476     RESOURCES (W): resource not registered: @"$profile:CMPlayerStatsHUD/AdminServerSettings/WipeXPExemptions.json". Setting null GUID
16:31:48.476     RESOURCES (W): resource not registered: @"$profile:CMSquadRadioSound/player_ui_settings.json". Setting null GUID
16:31:48.476     RESOURCES (W): resource not registered: @"$profile:DEH_RealTimeSyncConfig.json". Setting null GUID
16:31:48.476     RESOURCES (W): resource not registered: @"$profile:GM_Tools/gm_tools_config.json". Setting null GUID
16:31:48.477     RESOURCES (W): resource not registered: @"$profile:GRS_ATAK/grs_atak.json". Setting null GUID
16:31:48.477     RESOURCES (W): resource not registered: @"$profile:GRS_ATAK/players/16e0b884-a2f2-49c5-a722-3b44148f8b26.json". Setting null GUID
16:31:48.477     RESOURCES (W): resource not registered: @"$profile:GRS_ATAK/profile.json". Setting null GUID
16:31:48.477     RESOURCES (W): resource not registered: @"$profile:GRS_ATAK/server_config.json". Setting null GUID
16:31:48.478     RESOURCES (W): resource not registered: @"$profile:IRRU_RFPropagation.json". Setting null GUID
16:31:48.478     RESOURCES (W): resource not registered: @"$profile:LAG_server_restarter_config.json". Setting null GUID
16:31:48.478     RESOURCES (W): resource not registered: @"$profile:LinearConflictPVEConfig/LCPConfig.json". Setting null GUID
16:31:48.478     RESOURCES (W): resource not registered: @"$profile:LinearConflictPVEConfig/LCPProgress.json". Setting null GUID
16:31:48.478     RESOURCES (W): resource not registered: @"$profile:OpsTrackSettings.json". Setting null GUID
16:31:48.480     RESOURCES (W): resource not registered: @"$profile:PlayerStatsList/PlayerStats.json". Setting null GUID
16:31:48.480     RESOURCES (W): resource not registered: @"$profile:PlayerStatsList/WebHook_config.json". Setting null GUID
16:31:48.480     RESOURCES (W): resource not registered: @"$profile:PlayerStatsList/WH_killFeed.json". Setting null GUID
16:31:48.480     RESOURCES (W): resource not registered: @"$profile:PlayerStatsList/WH_livestats.json". Setting null GUID
16:31:48.481     RESOURCES (W): resource not registered: @"$profile:PlayerStatsList/WH_status&chat.json". Setting null GUID
16:31:48.481     RESOURCES (W): resource not registered: @"$profile:RadioData.json". Setting null GUID
16:31:48.481     RESOURCES (W): resource not registered: @"$profile:SavingMarkers/SM_Drawings_default.json". Setting null GUID
16:31:48.481     RESOURCES (W): resource not registered: @"$profile:SavingMarkers/SM_Markers2_default.json". Setting null GUID
16:31:48.481     RESOURCES (W): resource not registered: @"$profile:ServerAdminTools_Config.json". Setting null GUID
16:31:48.482     RESOURCES (W): resource not registered: @"$profile:ServerAdminTools_Stats.json". Setting null GUID
16:31:48.482     RESOURCES (W): resource not registered: @"$profile:ServerRulesQuiz/ServerRulesConfig.json". Setting null GUID
16:31:48.482     RESOURCES (W): resource not registered: @"$profile:VONData.json". Setting null GUID
16:31:48.482     RESOURCES (W): resource not registered: @"$profile:VONServerData.json". Setting null GUID
16:31:48.482     RESOURCES (W): resource not registered: @"$profile:vPad/Settings.json". Setting null GUID
16:31:48.483     RESOURCES (W): resource not registered: @"$profile:WalkingSpeedIndicator/WalkingSpeedIndicatorConfig.json". Setting null GUID
16:31:48.483     RESOURCES    : RESOURCES    : processing folders...
16:31:48.488     RESOURCES    : RESOURCES    : creating GUID-item mapping...
16:31:48.505     RESOURCES    : RESOURCES    : building tree...
16:31:48.561   PROFILING    : ResourceDB: full scan took: 318.596200 ms
16:31:48.562   RESOURCES    : ResourceDB: saving cache (id=0 name=RAMI_AdvancedMedicalInterface path=C:\Users\jaco5\Documents\My Games\ArmaReforgerWorkbench\addons\Oaschloch\RAMI_AdvancedMedicalInterface/resourceDatabase.rdb)
16:31:48.564   RESOURCES    : ResourceDB: written 6277/6277 bytes
16:31:48.564   RESOURCES    : ResourceDB: cache successfully saved
16:31:48.564   RESOURCES    : ResourceDB: saving cache (id=9 name=profile path=C:\Users\jaco5\Documents\My Games\ArmaReforgerWorkbench\profile/resourceDatabase.rdb)
16:31:48.566   RESOURCES (E): ResourceDB: could not open cache file
16:31:48.567   ENGINE       : GameProject load
16:31:48.567    ENGINE       : Loaded addons:
16:31:48.567     ENGINE       : gproj: 'C:/Program Files (x86)/Steam/steamapps/common/Arma Reforger/addons/core/core.gproj' guid: '5614BBCCBB55ED1C'
16:31:48.567     ENGINE       : gproj: 'C:/Program Files (x86)/Steam/steamapps/common/Arma Reforger/addons/data/ArmaReforger.gproj' guid: '58D0FB3206B6F859'
16:31:48.567     ENGINE       : gproj: 'C:/Users/jaco5/Documents/My Games/ArmaReforger/addons/ACECoreDev_65AD7D0D9941A380/dev.gproj' guid: '65AD7D0D9941A380'
16:31:48.567     ENGINE       : gproj: 'C:/Users/jaco5/Documents/My Games/ArmaReforger/addons/ACEMedicalCoreDev_6586079789278413/dev.gproj' guid: '6586079789278413'
16:31:48.567     ENGINE       : gproj: 'C:/Users/jaco5/Documents/My Games/ArmaReforger/addons/ACEMedicalCirculationDev_65AD7D4F994EA327/dev.gproj' guid: '65AD7D4F994EA327'
16:31:48.567     ENGINE       : gproj: 'C:/Users/jaco5/Documents/My Games/ArmaReforger/addons/ACEMedicalHitzonesDev_65B343F799FB521B/dev.gproj' guid: '65B343F799FB521B'
16:31:48.568     ENGINE       : gproj: 'C:/Users/jaco5/Documents/My Games/ArmaReforger/addons/ACECarryingDev_65AD7C379CBD394D/dev.gproj' guid: '65AD7C379CBD394D'
16:31:48.568     ENGINE       : gproj: 'C:/Users/jaco5/Documents/My Games/ArmaReforger/addons/ExpandedSalineBags_6A05287AF042071B/addon.gproj' guid: '6A05287AF042071B'
16:31:48.568     ENGINE       : gproj: 'C:/Users/jaco5/Documents/My Games/ArmaReforgerWorkbench/addons/Oaschloch/RAMI_AdvancedMedicalInterface/RAMI_AdvancedMedicalInterface.gproj' guid: 'D36C5B996922FFDE'
16:31:48.570   ENGINE       : GameProject load
16:31:48.570    INIT         : GameProject load project data @"C:/Users/jaco5/Documents/My Games/ArmaReforger/addons/ACECoreDev_65AD7D0D9941A380/dev.gproj"
16:31:48.570     RESOURCES (E): Wrong GUID/name for resource @"{DE0B68C7B4B0E89C}Language/ACE_localization.st" in property "StringTableSource"
16:31:48.571    INIT         : GameProject load project data @"C:/Users/jaco5/Documents/My Games/ArmaReforger/addons/ACEMedicalCoreDev_6586079789278413/dev.gproj"
16:31:48.571     RESOURCES (E): Wrong GUID/name for resource @"{D393C26C894B1404}Language/ACE_Medical_Core_localization.st" in property "StringTableSource"
16:31:48.572    INIT         : GameProject load project data @"C:/Users/jaco5/Documents/My Games/ArmaReforger/addons/ACEMedicalCirculationDev_65AD7D4F994EA327/dev.gproj"
16:31:48.572     RESOURCES (E): Wrong GUID/name for resource @"{0780D43A82968920}Language/ACE_Medical_Circulation_localization.st" in property "StringTableSource"
16:31:48.572    INIT         : GameProject load project data @"C:/Users/jaco5/Documents/My Games/ArmaReforger/addons/ACECarryingDev_65AD7C379CBD394D/dev.gproj"
16:31:48.572     RESOURCES (E): Wrong GUID/name for resource @"{2E272B1D21C4446A}Language/ACE_Carrying_localization.st" in property "StringTableSource"
16:31:48.574   ENGINE       : No Enfusion settings file loaded. Continuing with defaults
16:31:48.750   RENDER       : (OK) Adapter 'NVIDIA GeForce RTX 2060' supports feature level 12_0
16:31:48.762   RENDER       : (OK) Adapter 'Intel(R) UHD Graphics 630' supports feature level 12_0
16:31:48.765   RENDER       : Adapter 1 (Intel(R) UHD Graphics 630) failed to provide some output
16:31:48.765   RENDER       : Basic screen setup:
16:31:48.765   RENDER       :   Back buffer format	       : TEXFMT_R8G8B8A8_SRGB (29)
16:31:48.765   RENDER       :   MSAA                      : none
16:31:48.772   RENDER       : Driver for NVIDIA GeForce RTX 2060 is from 22.7.2026 (1 month, 2 days old)
16:31:48.772   RENDER       : GPU_NVIDIA (0x10DE) (NVIDIA GeForce RTX 2060) with 1 GPU detected, VRAM 5955MB (fast 0MB), shared 8116MB, driver version 610.88
16:31:48.772   RENDER       : Detected output devices:
16:31:48.772   RENDER       :  * 1 device/s connected to NVIDIA GeForce RTX 2060:
16:31:48.773   RENDER       :    Generic PnP Monitor (\\.\DISPLAY1), 1920x1080 (offset 0x0), 144Hz
16:31:48.773   RENDER       :  * no output device connected to Intel(R) UHD Graphics 630
16:31:48.773   RENDER       :   Concurrent frames limit 2
16:31:51.617   RENDER       : Graphics device features
16:31:51.618   RENDER       :  Needed:
16:31:51.618   RENDER       :  * Highest supported shader model: 6.8 (6.0 needed)
16:31:51.618   RENDER       :  Optional:
16:31:51.618   RENDER       :  * Allow tearing (VSYNC) : 1
16:31:51.618   RENDER       :  * 16 bits : 1
16:31:51.618   RENDER       :  * Resource heap tier : 3
16:31:51.618   RENDER       :  * Persistent heaps (DRED) : 1
16:31:51.618   RENDER       :  * DRED 1.2 is supported by compiler
16:31:51.702   RENDER       : Main RT format setup.
16:31:51.702   RENDER       :   Main RT format for quality 0	: TEXFMT_R11G11B10_FLOAT (26)
16:31:51.702   RENDER       :   Main RT format for quality 1	: TEXFMT_R16G16B16A16_FLOAT (10)
16:31:51.722   ENGINE       : Job system settings: coreCount=12, shortJobContextCount=12, shortJobThreadCount=11, longJobThreadCount=12
16:31:51.755   PROFILING    : Settings changed took: 0.029900 ms
16:31:51.782 AUDIO        : Endpoint: Kopfhörer (Sound Blaster G3)
16:31:51.783 AUDIO        :  Format: Channels: 2, Sample rate: 48kHz, Avg. bytes: 384kB, Sample bits: 32, Block align: 8B
16:31:51.788 AUDIO        : Audio client:
16:31:51.788 AUDIO        :  Format: Channels: 2, Sample rate: 48kHz, Buffer size: 1536B, Frame: 512
16:31:51.794    RENDER       : RENDER       : Reload shaders
16:31:51.794    RENDER       : Enfusion shader version 10
16:31:51.794     INIT         : INIT         : ShaderListReload
16:31:51.794    PROFILING    : ShaderListReload took: 0.003600 ms
16:31:51.912 AUDIO        : Endpoint: Kopfhörer (Sound Blaster G3)
16:31:51.912 AUDIO        :  Format: Channels: 2, Sample rate: 48kHz, Avg. bytes: 384kB, Sample bits: 32, Block align: 8B
16:31:51.920 AUDIO        : Audio client:
16:31:51.920 AUDIO        :  Format: Channels: 2, Sample rate: 48kHz, Buffer size: 1536B, Frame: 512
16:31:52.063    RENDER       : Loaded 3746 newer shader binaries
16:31:52.063   PROFILING    : Reload shaders took: 269.110000 ms
16:31:52.063   ENGINE       : Initializing inputs.
16:31:52.095   NETWORK      : Initializing networking.
16:31:52.095   NETWORK      : Using new GameRplScheduler.
16:31:52.096    SCRIPT       : SCRIPT       : Initializing scripts
16:31:52.096     SCRIPT       : SCRIPT       : ScriptProjectManager init
16:31:52.385    PROFILING    : ScriptProjectManager init took: 288.063000 ms
16:31:52.408   PROFILING    : Initializing scripts took: 311.840600 ms
16:31:52.424   ENGINE       : Enfusion engine successfully created.
16:31:52.425  PROFILING    : Workbench Init Engine took: 4724.654900 ms
16:31:52.425   INIT         : INIT         : Workbench Create Game
16:31:52.443   GUI          : Using default language (en_us)
16:31:52.443   GUI          : Loading 'en_us' localization file.
16:31:52.444    INIT         : INIT         : Loading StringTable
16:31:52.472   PROFILING    : Loading StringTable took: 28.305700 ms
16:31:52.472    SCRIPT       : SCRIPT       : Compiling GameLib scripts
16:31:52.518    SCRIPT       : Module: Workbench; loaded 18x files; 36x classes; used 125K of static memory; defines: "ENF_WB,WORKBENCH,PLATFORM_WINDOWS,ENABLE_DIAG,ENF_ENABLE_VHC_OVERRIDE,ENF_ENABLE_RPLCOMPONENT_IN_GAMECODE"; CRC32: 90ce0460
16:31:52.518    SCRIPT       : Module: GameLib; loaded 465x files; 648x classes; used 828K of static memory; defines: "ENF_WB,WORKBENCH,PLATFORM_WINDOWS,ENABLE_DIAG,ENF_ENABLE_VHC_OVERRIDE,ENF_ENABLE_RPLCOMPONENT_IN_GAMECODE"; CRC32: 4507af04
16:31:52.520   PROFILING    : Compiling GameLib scripts took: 47.833400 ms
16:31:52.520    SCRIPT       : SCRIPT       : Compiling Game scripts
16:31:53.270  INIT         : Workbench Create Game
16:31:53.270   SCRIPT       : Compiling Game scripts
16:31:53.270    SCRIPT    (W): @"Scripts/Game/ACE_Core/FSM/ACE_FSM_Machine.c,187": Implicit conversion of 'ACE_FSM_IState<ACE_Medical_CharacterContext>' to 'int' yields a conditional expression result of either 0 or 1.
16:31:53.499    SCRIPT    (W): @"Scripts/Game/Editor/Components/EditableEntity/SCR_EditableEntityComponent.c,785": 'GetPlayerPlatformKind' is obsolete
16:31:53.499    SCRIPT    (W): @"Scripts/Game/Editor/Components/EditableEntity/SCR_EditableEntityComponent.c,786": 'GetPlayerPlatformId' is obsolete
16:31:53.804    SCRIPT    (W): @"Scripts/Game/Workshop/SCR_AddonManager.c,876": 'GetRefCount' is obsolete: Will be removed
16:31:53.838    SCRIPT    (W): @"Scripts/Game/Campaign/SCR_PlayerProfileManagerComponent.c,142": 'PlayerData' is obsolete
16:31:53.938    SCRIPT    (W): @"Scripts/Game/UI/Backend/CareerBackend.c,159": 'GetDSSession' is obsolete
16:31:53.938    SCRIPT    (W): @"Scripts/Game/UI/Backend/CareerBackend.c,162": 'RoomID' is obsolete
16:31:53.939    SCRIPT    (W): @"Scripts/Game/UI/Backend/CareerBackend.c,197": 'GetDSSession' is obsolete
16:31:53.939    SCRIPT    (W): @"Scripts/Game/UI/Backend/CareerBackend.c,201": 'RoomID' is obsolete
16:31:54.040    SCRIPT    (W): @"Scripts/Game/DataCollection/SCR_DataCollectorComponent.c,481": 'GetStorage' is obsolete
16:31:54.040    SCRIPT    (W): @"Scripts/Game/DataCollection/SCR_DataCollectorComponent.c,483": 'GetOnlineWritePrivilege' is obsolete
16:31:54.042    SCRIPT    (W): @"Scripts/Game/Utilities/SCR_PlayerIdentityUtils.c,20": 'GetPlayerIdentityId' is obsolete
16:31:54.088    SCRIPT    (W): @"Scripts/Game/UI/Menu/MainMenuUI.c,643": 'GetNotifyCount' is obsolete: Will be substitued by Notification Api.
16:31:54.088    SCRIPT    (W): @"Scripts/Game/UI/Menu/MainMenuUI.c,645": 'GetNotifyItem' is obsolete: Will be substitued by Notification Api.
16:31:54.145    SCRIPT    (W): @"Scripts/Game/DataCollection/PlayerData/SCR_PlayerData.c,210": 'PlayerData' is obsolete
16:31:54.167    RESOURCES    : GetResourceObject @"{37578B1666981FCE}Prefabs/Characters/Core/Character_Base.et"
16:31:54.167     WORLD        : Entity prefab load @"{37578B1666981FCE}Prefabs/Characters/Core/Character_Base.et"
16:31:54.167      WORLD     (E): Unknown class 'SCR_ChimeraCharacter' at offset 21(0x15)
16:31:54.167      ENGINE    (W): Can't load prefab Prefabs/Characters/Core/Character_Base.et
16:31:54.168     RESOURCES (E): Failed to load
16:31:54.407    SCRIPT       : Module: WorkbenchGame; loaded 170x files; 615x classes; used 2477K of static memory; defines: "ENF_WB,WORKBENCH,PLATFORM_WINDOWS,ENABLE_DIAG,ENF_ENABLE_VHC_OVERRIDE,ENF_ENABLE_RPLCOMPONENT_IN_GAMECODE"; CRC32: 8db9d524
16:31:54.416    SCRIPT       : Module: Game; loaded 5951x files; 11486x classes; used 33050K of static memory; defines: "ENF_WB,WORKBENCH,PLATFORM_WINDOWS,ENABLE_DIAG,ENF_ENABLE_VHC_OVERRIDE,ENF_ENABLE_RPLCOMPONENT_IN_GAMECODE,ENABLE_BASE_DESTRUCTION,BUDGET_OPTIMIZATION_CHECKS,SHOW_DISCLAIMER,DEBUG,RESPAWN_TIMER_COMPONENT_DEBUG,GAME_MODE_DEBUG,DEBUG_CONFIGURABLE_DIALOGS,DISABLE_WEAPON_SWITCHING,SCRIPTED_AIM_MODIFIER_DEBUG"; CRC32: b93e1344
16:31:54.470   PROFILING    : Compiling Game scripts took: 1949.328500 ms
16:31:54.476   INIT         : Creating game instance(ArmaReforgerScripted), version 1.8.0.10 built 2026-07-31 15:18:14 UTC.
16:31:54.492   ENGINE    (E): BackendDebug:: cannot create directory ($logs:.backend/)
16:31:54.549   ENGINE       : Game successfully created.
16:31:54.549   PLATFORM  (E): Steamworks: SteamAPI_Init failed. Is Steam running?
16:31:54.549   PLATFORM  (E): Could not initialize platform services.
16:31:54.549  PROFILING    : Workbench Create Game took: 2124.371700 ms
16:51:28.278   ENGINE       : FileSystem: Adding relative directory 'C:\Users\jaco5\Documents\My Games\ArmaReforgerWorkbench\profile' to filesystem under name profile
16:51:28.278   ENGINE       : FileSystem: Current working directory: 'C:\Users\jaco5\Documents\My Games\ArmaReforgerWorkbench\addons\Oaschloch\RAMI_AdvancedMedicalInterface\'
16:51:28.280  PROFILING    : Workbench Create Engine took: 5.875800 ms
16:51:29.297   INIT         : INIT         : Workbench Init Engine
16:51:29.299   DEFAULT      : Change in Qt version detected (unknown -> 6.8.3). Clearing layouts registry.
16:51:29.301   ENGINE       : Initializing engine, version 191843
16:51:29.301   ENGINE       : CLI Params: -gproj C:\Users\jaco5\Documents\My Games\ArmaReforgerWorkbench\addons\Oaschloch\RAMI_AdvancedMedicalInterface\RAMI_AdvancedMedicalInterface.gproj -addonsDir C:\Program Files (x86)\Steam\steamapps\common\Arma Reforger\addons,C:\Users\jaco5\Documents\My Games\ArmaReforger\addons,C:\Users\jaco5\Documents\My Games\ArmaReforgerWorkbench\addons 
16:51:29.345   ENGINE       : Addon dirs:
16:51:29.345    ENGINE       : dir: 'C:/Users/jaco5/Documents/My Games/ArmaReforgerWorkbench/addons/Oaschloch/RAMI_AdvancedMedicalInterface/'
16:51:29.345    ENGINE       : dir: 'C:/Program Files (x86)/Steam/steamapps/common/Arma Reforger/addons'
16:51:29.345    ENGINE       : dir: 'C:/Users/jaco5/Documents/My Games/ArmaReforger/addons'
16:51:29.346    ENGINE       : dir: './addons'
16:51:29.346    ENGINE       : dir: 'C:/Users/jaco5/Documents/My Games/ArmaReforgerWorkbench/addons'
16:51:29.346   ENGINE       : Available addons:
16:51:29.346    ENGINE       : gproj: 'C:/Users/jaco5/Documents/My Games/ArmaReforgerWorkbench/addons/Oaschloch/RAMI_AdvancedMedicalInterface/RAMI_AdvancedMedicalInterface.gproj' guid: 'D36C5B996922FFDE'
16:51:29.346    ENGINE       : gproj: 'C:/Program Files (x86)/Steam/steamapps/common/Arma Reforger/addons/core/core.gproj' guid: '5614BBCCBB55ED1C' (packed)
16:51:29.346    ENGINE       : gproj: 'C:/Program Files (x86)/Steam/steamapps/common/Arma Reforger/addons/data/ArmaReforger.gproj' guid: '58D0FB3206B6F859' (packed)
16:51:29.346    ENGINE       : gproj: 'C:/Users/jaco5/Documents/My Games/ArmaReforger/addons/15thMEUTeleporter_6858E3C74D3CB594/addon.gproj' guid: '6858E3C74D3CB594' (packed)
16:51:29.346    ENGINE       : gproj: 'C:/Users/jaco5/Documents/My Games/ArmaReforger/addons/506IRRU-EnhancedRadio_672B0395726428B6/addon.gproj' guid: '672B0395726428B6' (packed)
16:51:29.347    ENGINE       : gproj: 'C:/Users/jaco5/Documents/My Games/ArmaReforger/addons/506IRRU-GMContactView_684E4A9994D415E5/addon.gproj' guid: '684E4A9994D415E5' (packed)
16:51:29.347    ENGINE       : gproj: 'C:/Users/jaco5/Documents/My Games/ArmaReforger/addons/AccurateMapMarkers_670C26EAB7B57C77/addon.gproj' guid: '670C26EAB7B57C77' (packed)
16:51:29.347    ENGINE       : gproj: 'C:/Users/jaco5/Documents/My Games/ArmaReforger/addons/ACEAllinOneDev_65AD7BE594439A52/dev.gproj' guid: '65AD7BE594439A52' (packed)
16:51:29.347    ENGINE       : gproj: 'C:/Users/jaco5/Documents/My Games/ArmaReforger/addons/ACEBackblastDev_65AD7C139EB4C1A1/dev.gproj' guid: '65AD7C139EB4C1A1' (packed)
16:51:29.347    ENGINE       : gproj: 'C:/Users/jaco5/Documents/My Games/ArmaReforger/addons/ACEBallisticsDev_68F77A54920B80AF/dev.gproj' guid: '68F77A54920B80AF' (packed)
16:51:29.347    ENGINE       : gproj: 'C:/Users/jaco5/Documents/My Games/ArmaReforger/addons/ACECaptivesDev_65AD7C249E4ECDFB/dev.gproj' guid: '65AD7C249E4ECDFB' (packed)
16:51:29.347    ENGINE       : gproj: 'C:/Users/jaco5/Documents/My Games/ArmaReforger/addons/ACECarryingDev_65AD7C379CBD394D/dev.gproj' guid: '65AD7C379CBD394D' (packed)
16:51:29.347    ENGINE       : gproj: 'C:/Users/jaco5/Documents/My Games/ArmaReforger/addons/ACEChoppingDev_65AD7BCC9F6B3B4E/dev.gproj' guid: '65AD7BCC9F6B3B4E' (packed)
16:51:29.347    ENGINE       : gproj: 'C:/Users/jaco5/Documents/My Games/ArmaReforger/addons/ACECompassDev_65AD7CF69FAF1FDD/dev.gproj' guid: '65AD7CF69FAF1FDD' (packed)
16:51:29.347    ENGINE       : gproj: 'C:/Users/jaco5/Documents/My Games/ArmaReforger/addons/ACECook-OffDev_664AFDC993C9CE1A/dev.gproj' guid: '664AFDC993C9CE1A' (packed)
16:51:29.347    ENGINE       : gproj: 'C:/Users/jaco5/Documents/My Games/ArmaReforger/addons/ACECoreDev_65AD7D0D9941A380/dev.gproj' guid: '65AD7D0D9941A380' (packed)
16:51:29.347    ENGINE       : gproj: 'C:/Users/jaco5/Documents/My Games/ArmaReforger/addons/ACEExplosivesDev_65AD7D1E9EEAFA53/dev.gproj' guid: '65AD7D1E9EEAFA53' (packed)
16:51:29.348    ENGINE       : gproj: 'C:/Users/jaco5/Documents/My Games/ArmaReforger/addons/ACEFacepaintDev_68EAA4B96976D557/dev.gproj' guid: '68EAA4B96976D557' (packed)
16:51:29.348    ENGINE       : gproj: 'C:/Users/jaco5/Documents/My Games/ArmaReforger/addons/ACEFingerDev_65AD7D2E9866FA6E/dev.gproj' guid: '65AD7D2E9866FA6E' (packed)
16:51:29.348    ENGINE       : gproj: 'C:/Users/jaco5/Documents/My Games/ArmaReforger/addons/ACEMagazineRepackDev_65AD7D4099944EBD/dev.gproj' guid: '65AD7D4099944EBD' (packed)
16:51:29.348    ENGINE       : gproj: 'C:/Users/jaco5/Documents/My Games/ArmaReforger/addons/ACEMedicalBreathingDev_671F73D99978B4F2/dev.gproj' guid: '671F73D99978B4F2' (packed)
16:51:29.348    ENGINE       : gproj: 'C:/Users/jaco5/Documents/My Games/ArmaReforger/addons/ACEMedicalCirculationDev_65AD7D4F994EA327/dev.gproj' guid: '65AD7D4F994EA327' (packed)
16:51:29.348    ENGINE       : gproj: 'C:/Users/jaco5/Documents/My Games/ArmaReforger/addons/ACEMedicalCoreDev_6586079789278413/dev.gproj' guid: '6586079789278413' (packed)
16:51:29.349    ENGINE       : gproj: 'C:/Users/jaco5/Documents/My Games/ArmaReforger/addons/ACEMedicalHitzonesDev_65B343F799FB521B/dev.gproj' guid: '65B343F799FB521B' (packed)
16:51:29.349    ENGINE       : gproj: 'C:/Users/jaco5/Documents/My Games/ArmaReforger/addons/ACEOverheatingDev_65B8EA178A3E94E3/dev.gproj' guid: '65B8EA178A3E94E3' (packed)
16:51:29.349    ENGINE       : gproj: 'C:/Users/jaco5/Documents/My Games/ArmaReforger/addons/ACERadioDev_65AD7C75826B46C6/dev.gproj' guid: '65AD7C75826B46C6' (packed)
16:51:29.349    ENGINE       : gproj: 'C:/Users/jaco5/Documents/My Games/ArmaReforger/addons/ACEScopesDev_68FC0EDE9F677A3C/dev.gproj' guid: '68FC0EDE9F677A3C' (packed)
16:51:29.349    ENGINE       : gproj: 'C:/Users/jaco5/Documents/My Games/ArmaReforger/addons/ACETacticalLadderDev_65AD7CB89F219E38/dev.gproj' guid: '65AD7CB89F219E38' (packed)
16:51:29.349    ENGINE       : gproj: 'C:/Users/jaco5/Documents/My Games/ArmaReforger/addons/ACETacticalPeriscopeDev_65AD7CD09CAEC4E2/dev.gproj' guid: '65AD7CD09CAEC4E2' (packed)
16:51:29.349    ENGINE       : gproj: 'C:/Users/jaco5/Documents/My Games/ArmaReforger/addons/ACETrenchesDev_65AD7CE59E8DB349/dev.gproj' guid: '65AD7CE59E8DB349' (packed)
16:51:29.349    ENGINE       : gproj: 'C:/Users/jaco5/Documents/My Games/ArmaReforger/addons/ACEWeatherDev_667B230F9505C8BA/dev.gproj' guid: '667B230F9505C8BA' (packed)
16:51:29.349    ENGINE       : gproj: 'C:/Users/jaco5/Documents/My Games/ArmaReforger/addons/AIHornyMute_6877455D094BA18C/addon.gproj' guid: '6877455D094BA18C' (packed)
16:51:29.351    ENGINE       : gproj: 'C:/Users/jaco5/Documents/My Games/ArmaReforger/addons/AKI_Core_62CCD69DD17E4F2F/addon.gproj' guid: '62CCD69DD17E4F2F' (packed)
16:51:29.351    ENGINE       : gproj: 'C:/Users/jaco5/Documents/My Games/ArmaReforger/addons/AnarchyMarkersxGRS-ATAKDEV_69DA0119707F0354/addon.gproj' guid: '69DA0119707F0354' (packed)
16:51:29.351    ENGINE       : gproj: 'C:/Users/jaco5/Documents/My Games/ArmaReforger/addons/AnarchyMarkers_69A510CE600D1126/addon.gproj' guid: '69A510CE600D1126' (packed)
16:51:29.351    ENGINE       : gproj: 'C:/Users/jaco5/Documents/My Games/ArmaReforger/addons/ArmaTerrainCore_60B524F7A5AE96A8/addon.gproj' guid: '60B524F7A5AE96A8' (packed)
16:51:29.351    ENGINE       : gproj: 'C:/Users/jaco5/Documents/My Games/ArmaReforger/addons/BaconLoadoutEditor_606B100247F5C709/addon.gproj' guid: '606B100247F5C709' (packed)
16:51:29.351    ENGINE       : gproj: 'C:/Users/jaco5/Documents/My Games/ArmaReforger/addons/BMP-1IFV_5E524E4FEECCA92B/addon.gproj' guid: '5E524E4FEECCA92B' (packed)
16:51:29.351    ENGINE       : gproj: 'C:/Users/jaco5/Documents/My Games/ArmaReforger/addons/bonz_Core_671B4DD7897732BC/addon.gproj' guid: '671B4DD7897732BC' (packed)
16:51:29.352    ENGINE       : gproj: 'C:/Users/jaco5/Documents/My Games/ArmaReforger/addons/bonz_UnitLoadout_671B4B88A1397B9D/addon.gproj' guid: '671B4B88A1397B9D' (packed)
16:51:29.352    ENGINE       : gproj: 'C:/Users/jaco5/Documents/My Games/ArmaReforger/addons/BundeswehrMod_59673B087BFF710C/addon.gproj' guid: '59673B087BFF710C' (packed)
16:51:29.352    ENGINE       : gproj: 'C:/Users/jaco5/Documents/My Games/ArmaReforger/addons/COALITIONSquadInterface_5B0D1E4380971EBD/addon.gproj' guid: '5B0D1E4380971EBD' (packed)
16:51:29.352    ENGINE       : gproj: 'C:/Users/jaco5/Documents/My Games/ArmaReforger/addons/CRXEnfusionA.I._5F268647F8A1A1F4/addon.gproj' guid: '5F268647F8A1A1F4' (packed)
16:51:29.352    ENGINE       : gproj: 'C:/Users/jaco5/Documents/My Games/ArmaReforger/addons/Deathsoundeffect_69D4B8A05C764676/addon.gproj' guid: '69D4B8A05C764676' (packed)
16:51:29.352    ENGINE       : gproj: 'C:/Users/jaco5/Documents/My Games/ArmaReforger/addons/DisableAIVoice_65254226BB9B318C/addon.gproj' guid: '65254226BB9B318C' (packed)
16:51:29.352    ENGINE       : gproj: 'C:/Users/jaco5/Documents/My Games/ArmaReforger/addons/DisableGameMasterBudgets_5F2944B7474F043F/addon.gproj' guid: '5F2944B7474F043F' (packed)
16:51:29.352    ENGINE       : gproj: 'C:/Users/jaco5/Documents/My Games/ArmaReforger/addons/DisableVONunconscious_5EF8AADD3B3C81F2/addon.gproj' guid: '5EF8AADD3B3C81F2' (packed)
16:51:29.352    ENGINE       : gproj: 'C:/Users/jaco5/Documents/My Games/ArmaReforger/addons/EchoesofHellCombatUniform_6938932990A07E9A/addon.gproj' guid: '6938932990A07E9A' (packed)
16:51:29.352    ENGINE       : gproj: 'C:/Users/jaco5/Documents/My Games/ArmaReforger/addons/EnfusionDatabaseFramework_5D6EA74A94173EDF/EnfusionDatabaseFramework.gproj' guid: '5D6EA74A94173EDF' (packed)
16:51:29.352    ENGINE       : gproj: 'C:/Users/jaco5/Documents/My Games/ArmaReforger/addons/ExpandedSalineBags_6A05287AF042071B/addon.gproj' guid: '6A05287AF042071B' (packed)
16:51:29.352    ENGINE       : gproj: 'C:/Users/jaco5/Documents/My Games/ArmaReforger/addons/FMTV_65B60A48AEC31157/addon.gproj' guid: '65B60A48AEC31157' (packed)
16:51:29.353    ENGINE       : gproj: 'C:/Users/jaco5/Documents/My Games/ArmaReforger/addons/GameMasterCopyPaste_60CC94C046837439/addon.gproj' guid: '60CC94C046837439' (packed)
16:51:29.353    ENGINE       : gproj: 'C:/Users/jaco5/Documents/My Games/ArmaReforger/addons/GCSuppression_684CE8AA3B1D6573/addon.gproj' guid: '684CE8AA3B1D6573' (packed)
16:51:29.353    ENGINE       : gproj: 'C:/Users/jaco5/Documents/My Games/ArmaReforger/addons/GMTools_64F10E068D5880A6/addon.gproj' guid: '64F10E068D5880A6' (packed)
16:51:29.353    ENGINE       : gproj: 'C:/Users/jaco5/Documents/My Games/ArmaReforger/addons/GMVONFIXES_6954C37737DD56C8/addon.gproj' guid: '6954C37737DD56C8' (packed)
16:51:29.354    ENGINE       : gproj: 'C:/Users/jaco5/Documents/My Games/ArmaReforger/addons/GRS-Apparel_65157D09F042428A/addon.gproj' guid: '65157D09F042428A' (packed)
16:51:29.354    ENGINE       : gproj: 'C:/Users/jaco5/Documents/My Games/ArmaReforger/addons/GRS-ATAKDEV_69397BEDF03981C8/addon.gproj' guid: '69397BEDF03981C8' (packed)
16:51:29.354    ENGINE       : gproj: 'C:/Users/jaco5/Documents/My Games/ArmaReforger/addons/GRS-ATAKPluginCore_69F76987DB9F2214/addon.gproj' guid: '69F76987DB9F2214' (packed)
16:51:29.354    ENGINE       : gproj: 'C:/Users/jaco5/Documents/My Games/ArmaReforger/addons/GRS-BeltsAMPBagsAMPDroplegs_65183608D6DA5728/addon.gproj' guid: '65183608D6DA5728' (packed)
16:51:29.354    ENGINE       : gproj: 'C:/Users/jaco5/Documents/My Games/ArmaReforger/addons/GRS-DevFramework_65DACC64CE785B6C/addon.gproj' guid: '65DACC64CE785B6C' (packed)
16:51:29.354    ENGINE       : gproj: 'C:/Users/jaco5/Documents/My Games/ArmaReforger/addons/GRS-Essentials_6515672F96701110/addon.gproj' guid: '6515672F96701110' (packed)
16:51:29.354    ENGINE       : gproj: 'C:/Users/jaco5/Documents/My Games/ArmaReforger/addons/GRS-ModularVestsAMPRigs_651834C8D77BF86B/addon.gproj' guid: '651834C8D77BF86B' (packed)
16:51:29.354    ENGINE       : gproj: 'C:/Users/jaco5/Documents/My Games/ArmaReforger/addons/GRS-Patches_657B064AE0E231DF/addon.gproj' guid: '657B064AE0E231DF' (packed)
16:51:29.354    ENGINE       : gproj: 'C:/Users/jaco5/Documents/My Games/ArmaReforger/addons/GRS-ShadowsCore_68821D86AF3AE823/addon.gproj' guid: '68821D86AF3AE823' (packed)
16:51:29.354    ENGINE       : gproj: 'C:/Users/jaco5/Documents/My Games/ArmaReforger/addons/GRS-ShadowsPistolPack_66D45442A2D79E40/addon.gproj' guid: '66D45442A2D79E40' (packed)
16:51:29.355    ENGINE       : gproj: 'C:/Users/jaco5/Documents/My Games/ArmaReforger/addons/GRSATAK-RiptideMQ9Plugin_6A206D52FF406968/addon.gproj' guid: '6A206D52FF406968' (packed)
16:51:29.355    ENGINE       : gproj: 'C:/Users/jaco5/Documents/My Games/ArmaReforger/addons/GRSLoadoutsbyRelaxo_6884A83BA6946CFD/addon.gproj' guid: '6884A83BA6946CFD' (packed)
16:51:29.355    ENGINE       : gproj: 'C:/Users/jaco5/Documents/My Games/ArmaReforger/addons/GRSNVGS_6A2A460F6FE4B59A/addon.gproj' guid: '6A2A460F6FE4B59A' (packed)
16:51:29.355    ENGINE       : gproj: 'C:/Users/jaco5/Documents/My Games/ArmaReforger/addons/HmmwvVariants_69F415A5B15EC350/addon.gproj' guid: '69F415A5B15EC350' (packed)
16:51:29.355    ENGINE       : gproj: 'C:/Users/jaco5/Documents/My Games/ArmaReforger/addons/INFNoMapAssists_68C8814DB8F259A7/addon.gproj' guid: '68C8814DB8F259A7' (packed)
16:51:29.355    ENGINE       : gproj: 'C:/Users/jaco5/Documents/My Games/ArmaReforger/addons/InventoryBoxes_A1E6470C8DBF3952/addon.gproj' guid: 'A1E6470C8DBF3952' (packed)
16:51:29.355    ENGINE       : gproj: 'C:/Users/jaco5/Documents/My Games/ArmaReforger/addons/KeepGunWhenUncon_6088A3044B7ECBFD/addon.gproj' guid: '6088A3044B7ECBFD' (packed)
16:51:29.355    ENGINE       : gproj: 'C:/Users/jaco5/Documents/My Games/ArmaReforger/addons/LunacyAudio_64DE57C0A1601D14/addon.gproj' guid: '64DE57C0A1601D14' (packed)
16:51:29.355    ENGINE       : gproj: 'C:/Users/jaco5/Documents/My Games/ArmaReforger/addons/M1Abrams_5D1880C4AD410C14/addon.gproj' guid: '5D1880C4AD410C14' (packed)
16:51:29.355    ENGINE       : gproj: 'C:/Users/jaco5/Documents/My Games/ArmaReforger/addons/M2BradleyFightingVehicle_63120AE07E6C0966/addon.gproj' guid: '63120AE07E6C0966' (packed)
16:51:29.356    ENGINE       : gproj: 'C:/Users/jaco5/Documents/My Games/ArmaReforger/addons/MapDrawing_656AC01634459D8D/addon.gproj' guid: '656AC01634459D8D' (packed)
16:51:29.356    ENGINE       : gproj: 'C:/Users/jaco5/Documents/My Games/ArmaReforger/addons/MiddleEastInsurgents_64CEC8E005828E5D/addon.gproj' guid: '64CEC8E005828E5D' (packed)
16:51:29.356    ENGINE       : gproj: 'C:/Users/jaco5/Documents/My Games/ArmaReforger/addons/MikesUI_B3F91C6A4E275D08/addon.gproj' guid: 'B3F91C6A4E275D08' (packed)
16:51:29.356    ENGINE       : gproj: 'C:/Users/jaco5/Documents/My Games/ArmaReforger/addons/ModularVoiceRange_648297C0F03CE43A/addon.gproj' guid: '648297C0F03CE43A' (packed)
16:51:29.356    ENGINE       : gproj: 'C:/Users/jaco5/Documents/My Games/ArmaReforger/addons/NoWeaponDropUnconscious_60612C225328522E/addon.gproj' guid: '60612C225328522E' (packed)
16:51:29.356    ENGINE       : gproj: 'C:/Users/jaco5/Documents/My Games/ArmaReforger/addons/NTFBasic_65A104ABB3A3AA92/addon.gproj' guid: '65A104ABB3A3AA92' (packed)
16:51:29.356    ENGINE       : gproj: 'C:/Users/jaco5/Documents/My Games/ArmaReforger/addons/NTFServerTracker-New_69AEB37757AE2239/NTF_ServerTracker.gproj' guid: '69AEB37757AE2239' (packed)
16:51:29.356    ENGINE       : gproj: 'C:/Users/jaco5/Documents/My Games/ArmaReforger/addons/NTFVoice_689D68CAD25BC03D/addon.gproj' guid: '689D68CAD25BC03D' (packed)
16:51:29.356    ENGINE       : gproj: 'C:/Users/jaco5/Documents/My Games/ArmaReforger/addons/OpsTrack_6660ABEECE887CC5/addon.gproj' guid: '6660ABEECE887CC5' (packed)
16:51:29.357    ENGINE       : gproj: 'C:/Users/jaco5/Documents/My Games/ArmaReforger/addons/OPZargabadRaid_6A126ADCB39EECB3/addon.gproj' guid: '6A126ADCB39EECB3' (packed)
16:51:29.357    ENGINE       : gproj: 'C:/Users/jaco5/Documents/My Games/ArmaReforger/addons/OutsideTerrainCore_61F0D506562D9BC9/addon.gproj' guid: '61F0D506562D9BC9' (packed)
16:51:29.357    ENGINE       : gproj: 'C:/Users/jaco5/Documents/My Games/ArmaReforger/addons/PlayerMapMarkers_5E92F5A4A1B75A75/addon.gproj' guid: '5E92F5A4A1B75A75' (packed)
16:51:29.357    ENGINE       : gproj: 'C:/Users/jaco5/Documents/My Games/ArmaReforger/addons/RHS-ContentPack01_1337C0DE5DABBEEF/addon.gproj' guid: '1337C0DE5DABBEEF' (packed)
16:51:29.357    ENGINE       : gproj: 'C:/Users/jaco5/Documents/My Games/ArmaReforger/addons/RHS-ContentPack02_BADC0DEDABBEDA5E/addon.gproj' guid: 'BADC0DEDABBEDA5E' (packed)
16:51:29.357    ENGINE       : gproj: 'C:/Users/jaco5/Documents/My Games/ArmaReforger/addons/RHS-StatusQuo_595F2BF2F44836FB/addon.gproj' guid: '595F2BF2F44836FB' (packed)
16:51:29.357    ENGINE       : gproj: 'C:/Users/jaco5/Documents/My Games/ArmaReforger/addons/RiptideMQ9_6A06151E0B217C93/addon.gproj' guid: '6A06151E0B217C93' (packed)
16:51:29.357    ENGINE       : gproj: 'C:/Users/jaco5/Documents/My Games/ArmaReforger/addons/SagesFramework_8CBB11B3B769A055/SagesFramework.gproj' guid: '8CBB11B3B769A055' (packed)
16:51:29.358    ENGINE       : gproj: 'C:/Users/jaco5/Documents/My Games/ArmaReforger/addons/ServerAdminTools_5AAAC70D754245DD/addon.gproj' guid: '5AAAC70D754245DD' (packed)
16:51:29.358    ENGINE       : gproj: 'C:/Users/jaco5/Documents/My Games/ArmaReforger/addons/ServerRulesQuiz_5C3B9E8A7D1F4C2B/addon.gproj' guid: '5C3B9E8A7D1F4C2B' (packed)
16:51:29.358    ENGINE       : gproj: 'C:/Users/jaco5/Documents/My Games/ArmaReforger/addons/SHEnhancedCombatEffects_69C34933FD556CEF/addon.gproj' guid: '69C34933FD556CEF' (packed)
16:51:29.358    ENGINE       : gproj: 'C:/Users/jaco5/Documents/My Games/ArmaReforger/addons/SpaceCore_5E389BB9F58B79A6/addon.gproj' guid: '5E389BB9F58B79A6' (packed)
16:51:29.358    ENGINE       : gproj: 'C:/Users/jaco5/Documents/My Games/ArmaReforger/addons/T-72MainBattleTank_5E0AB16BEB16D6A4/addon.gproj' guid: '5E0AB16BEB16D6A4' (packed)
16:51:29.358    ENGINE       : gproj: 'C:/Users/jaco5/Documents/My Games/ArmaReforger/addons/Takistan_615EEBD9BDFEEE9B/addon.gproj' guid: '615EEBD9BDFEEE9B' (packed)
16:51:29.358    ENGINE       : gproj: 'C:/Users/jaco5/Documents/My Games/ArmaReforger/addons/TFUDisableGMBudgets_657E2435156A097F/addon.gproj' guid: '657E2435156A097F' (packed)
16:51:29.358    ENGINE       : gproj: 'C:/Users/jaco5/Documents/My Games/ArmaReforger/addons/TraceVehCore_632F64CB7D65D1FC/addon.gproj' guid: '632F64CB7D65D1FC' (packed)
16:51:29.359    ENGINE       : gproj: 'C:/Users/jaco5/Documents/My Games/ArmaReforger/addons/WalkingSpeedIndicator_6A1E9F43B2C74D18/addon.gproj' guid: '6A1E9F43B2C74D18' (packed)
16:51:29.359    ENGINE       : gproj: 'C:/Users/jaco5/Documents/My Games/ArmaReforger/addons/WCS_AH-6M_6273146ADFE8241D/addon.gproj' guid: '6273146ADFE8241D' (packed)
16:51:29.359    ENGINE       : gproj: 'C:/Users/jaco5/Documents/My Games/ArmaReforger/addons/WCS_Armaments_629B2BA37EFFD577/addon.gproj' guid: '629B2BA37EFFD577' (packed)
16:51:29.359    ENGINE       : gproj: 'C:/Users/jaco5/Documents/My Games/ArmaReforger/addons/WCS_Attachments_61C74A8B647617DA/addon.gproj' guid: '61C74A8B647617DA' (packed)
16:51:29.359    ENGINE       : gproj: 'C:/Users/jaco5/Documents/My Games/ArmaReforger/addons/WCS_Earplugs_612F512CD4CB21D5/addon.gproj' guid: '612F512CD4CB21D5' (packed)
16:51:29.359    ENGINE       : gproj: 'C:/Users/jaco5/Documents/My Games/ArmaReforger/addons/WCS_NATO_615806DC6C57AF02/addon.gproj' guid: '615806DC6C57AF02' (packed)
16:51:29.359    ENGINE       : gproj: 'C:/Users/jaco5/Documents/My Games/ArmaReforger/addons/WCS_RU_615818DA7C0343FD/addon.gproj' guid: '615818DA7C0343FD' (packed)
16:51:29.360    ENGINE       : gproj: 'C:/Users/jaco5/Documents/My Games/ArmaReforger/addons/WCS_Scopes_62A668F513428630/addon.gproj' guid: '62A668F513428630' (packed)
16:51:29.360    ENGINE       : gproj: 'C:/Users/jaco5/Documents/My Games/ArmaReforger/addons/WCS_Sounds_631C3C1AEE9C90BC/addon.gproj' guid: '631C3C1AEE9C90BC' (packed)
16:51:29.360    ENGINE       : gproj: 'C:/Users/jaco5/Documents/My Games/ArmaReforger/addons/WCS_VehicleLock_61BA4EB5C886D396/addon.gproj' guid: '61BA4EB5C886D396' (packed)
16:51:29.360    ENGINE       : gproj: 'C:/Users/jaco5/Documents/My Games/ArmaReforger/addons/WCS_Weapons_65CF7AE8574E06D2/addon.gproj' guid: '65CF7AE8574E06D2' (packed)
16:51:29.360    ENGINE       : gproj: 'C:/Users/jaco5/Documents/My Games/ArmaReforger/addons/WCS_Weapon_Scripts_68F006D910E7546F/addon.gproj' guid: '68F006D910E7546F' (packed)
16:51:29.360    ENGINE       : gproj: 'C:/Users/jaco5/Documents/My Games/ArmaReforger/addons/XimsInsurgents_69A6E371DAA7BCFC/addon.gproj' guid: '69A6E371DAA7BCFC' (packed)
16:51:29.360    ENGINE       : gproj: 'C:/Users/jaco5/Documents/My Games/ArmaReforger/addons/XimsLoadoutEditor_68909A97C613D81C/addon.gproj' guid: '68909A97C613D81C' (packed)
16:51:29.360    ENGINE       : gproj: 'C:/Users/jaco5/Documents/My Games/ArmaReforger/addons/Zargabad_662B602B3F823F27/addon.gproj' guid: '662B602B3F823F27' (packed)
16:51:29.360    ENGINE       : gproj: 'C:/Users/jaco5/Documents/My Games/ArmaReforger/addons/ZSU-23-4Shilka_62D15D0025AE021B/addon.gproj' guid: '62D15D0025AE021B' (packed)
16:51:29.360    ENGINE       : gproj: 'C:/Users/jaco5/Documents/My Games/ArmaReforgerWorkbench/addons/Expanded Saline Bags - AMF/addon.gproj' guid: '6A0D301D193ECB25'
16:51:29.360    ENGINE       : gproj: 'C:/Users/jaco5/Documents/My Games/ArmaReforgerWorkbench/addons/Expanded Saline Bags - RHS/addon.gproj' guid: '6A0D35D2B4808E62'
16:51:29.360    ENGINE       : gproj: 'C:/Users/jaco5/Documents/My Games/ArmaReforgerWorkbench/addons/Expanded Saline Bags - UK/addon.gproj' guid: '6A0D3D1BA4CE288F'
16:51:29.362    ENGINE       : gproj: 'C:/Users/jaco5/Documents/My Games/ArmaReforgerWorkbench/addons/France Loadouts by Relaxo/addon.gproj' guid: '687B06328B577A98'
16:51:29.362    ENGINE       : gproj: 'C:/Users/jaco5/Documents/My Games/ArmaReforgerWorkbench/addons/GMVehicleLock/addon.gproj' guid: 'A83D91C74F2E6B50'
16:51:29.362    ENGINE       : gproj: 'C:/Users/jaco5/Documents/My Games/ArmaReforgerWorkbench/addons/In God We Trust/addon.gproj' guid: '69770C017B580714'
16:51:29.362    ENGINE       : gproj: 'C:/Users/jaco5/Documents/My Games/ArmaReforgerWorkbench/addons/OperationKitKat/addon.gproj' guid: '6A231C34A4CF289E'
16:51:29.362   ENGINE       : FileSystem: Adding relative directory 'C:\Users\jaco5\Documents\My Games\ArmaReforgerWorkbench\addons\Oaschloch\RAMI_AdvancedMedicalInterface' to filesystem under name RAMI_AdvancedMedicalInterface
16:51:29.363   ENGINE       : FileSystem: Adding package 'C:/Users/jaco5/Documents/My Games/ArmaReforger/addons/ExpandedSalineBags_6A05287AF042071B/' (pak count: 1) to filesystem under name ExpandedSalineBags
16:51:29.364   ENGINE       : FileSystem: Adding package 'C:/Users/jaco5/Documents/My Games/ArmaReforger/addons/ACECarryingDev_65AD7C379CBD394D/' (pak count: 1) to filesystem under name ACE_Carrying_Dev
16:51:29.364   ENGINE       : FileSystem: Adding package 'C:/Users/jaco5/Documents/My Games/ArmaReforger/addons/ACEMedicalHitzonesDev_65B343F799FB521B/' (pak count: 1) to filesystem under name ACE_Medical_Hitzones_Dev
16:51:29.365   ENGINE       : FileSystem: Adding package 'C:/Users/jaco5/Documents/My Games/ArmaReforger/addons/ACEMedicalCirculationDev_65AD7D4F994EA327/' (pak count: 1) to filesystem under name ACE_Medical_Circulation_Dev
16:51:29.367   ENGINE       : FileSystem: Adding package 'C:/Users/jaco5/Documents/My Games/ArmaReforger/addons/ACEMedicalCoreDev_6586079789278413/' (pak count: 1) to filesystem under name ACE_Medical_Core_Dev
16:51:29.368   ENGINE       : FileSystem: Adding package 'C:/Users/jaco5/Documents/My Games/ArmaReforger/addons/ACECoreDev_65AD7D0D9941A380/' (pak count: 1) to filesystem under name ACE_Core_Dev
16:51:29.502   ENGINE       : FileSystem: Adding package 'C:/Program Files (x86)/Steam/steamapps/common/Arma Reforger/addons/data/' (pak count: 14) to filesystem under name ArmaReforger
16:51:29.506   ENGINE       : FileSystem: Adding package 'C:/Program Files (x86)/Steam/steamapps/common/Arma Reforger/addons/core/' (pak count: 2) to filesystem under name core
16:51:29.506   ENGINE       : CPU vendor         : GenuineIntel
16:51:29.506   ENGINE       : CPU type           : 1
16:51:29.506   ENGINE       : CPU name           : Intel(R) Core(TM) i7-9750H CPU @ 2.60GHz
16:51:29.508   ENGINE       : CPU cache info     : L1 [Inst 32KB, Data 32KB], L2 [Unif 256KB], L3 [Unif 12288KB]
16:51:29.508   ENGINE       : CPU count logical  : 12
16:51:29.508   ENGINE       : CPU count physical : 6
16:51:29.508   ENGINE       : CPU features       : mmx sse sse2 sse3 ssse3 sse4_1 sse4_2 popcnt aesni pclmulqdq osxsave avx avx2
16:51:29.508   RESOURCES    : ResourceDB: loading cache (id=0 name=RAMI_AdvancedMedicalInterface path=C:\Users\jaco5\Documents\My Games\ArmaReforgerWorkbench\addons\Oaschloch\RAMI_AdvancedMedicalInterface/resourceDatabase.rdb)
16:51:29.509   RESOURCES    : ResourceDB: loading cache (id=1 name=ExpandedSalineBags path=C:/Users/jaco5/Documents/My Games/ArmaReforger/addons/ExpandedSalineBags_6A05287AF042071B/resourceDatabase.rdb)
16:51:29.509   RESOURCES    : ResourceDB: loading cache (id=2 name=ACE_Carrying_Dev path=C:/Users/jaco5/Documents/My Games/ArmaReforger/addons/ACECarryingDev_65AD7C379CBD394D/resourceDatabase.rdb)
16:51:29.510   RESOURCES    : ResourceDB: loading cache (id=3 name=ACE_Medical_Hitzones_Dev path=C:/Users/jaco5/Documents/My Games/ArmaReforger/addons/ACEMedicalHitzonesDev_65B343F799FB521B/resourceDatabase.rdb)
16:51:29.510   RESOURCES    : ResourceDB: loading cache (id=4 name=ACE_Medical_Circulation_Dev path=C:/Users/jaco5/Documents/My Games/ArmaReforger/addons/ACEMedicalCirculationDev_65AD7D4F994EA327/resourceDatabase.rdb)
16:51:29.511   RESOURCES    : ResourceDB: loading cache (id=5 name=ACE_Medical_Core_Dev path=C:/Users/jaco5/Documents/My Games/ArmaReforger/addons/ACEMedicalCoreDev_6586079789278413/resourceDatabase.rdb)
16:51:29.511   RESOURCES    : ResourceDB: loading cache (id=6 name=ACE_Core_Dev path=C:/Users/jaco5/Documents/My Games/ArmaReforger/addons/ACECoreDev_65AD7D0D9941A380/resourceDatabase.rdb)
16:51:29.512   RESOURCES    : ResourceDB: loading cache (id=7 name=ArmaReforger path=C:/Program Files (x86)/Steam/steamapps/common/Arma Reforger/addons/data/resourceDatabase.rdb)
16:51:29.651   RESOURCES    : ResourceDB: loading cache (id=8 name=core path=C:/Program Files (x86)/Steam/steamapps/common/Arma Reforger/addons/core/resourceDatabase.rdb)
16:51:29.652   RESOURCES    : ResourceDB: loading cache (id=9 name=profile path=C:\Users\jaco5\Documents\My Games\ArmaReforgerWorkbench\profile/resourceDatabase.rdb)
16:51:29.814    RESOURCES    : RESOURCES    : ResourceDB: full scan
16:51:29.818     RESOURCES    : RESOURCES    : scanning...
16:51:29.818      RESOURCES    : RESOURCES    : scanning @"RAMI_AdvancedMedicalInterface"
16:51:29.820      RESOURCES    : RESOURCES    : scanning @"ExpandedSalineBags"
16:51:29.822      RESOURCES    : RESOURCES    : scanning @"ACE_Carrying_Dev"
16:51:29.824      RESOURCES    : RESOURCES    : scanning @"ACE_Medical_Hitzones_Dev"
16:51:29.826      RESOURCES    : RESOURCES    : scanning @"ACE_Medical_Circulation_Dev"
16:51:29.827      RESOURCES    : RESOURCES    : scanning @"ACE_Medical_Core_Dev"
16:51:29.830      RESOURCES    : RESOURCES    : scanning @"ACE_Core_Dev"
16:51:29.832      RESOURCES    : RESOURCES    : scanning @"ArmaReforger"
16:51:29.962      RESOURCES    : RESOURCES    : scanning @"core"
16:51:29.964      RESOURCES    : RESOURCES    : scanning @"profile"
16:51:29.967     RESOURCES    : RESOURCES    : processing meta-files...
16:51:29.967 INIT         : Workbench startup
16:51:29.967  INIT         : Workbench Init Engine
16:51:29.967   RESOURCES    : ResourceDB: full scan
16:51:29.968    RESOURCES    : processing meta-files...
16:51:29.968     RESOURCES (E): metafile without corresponding resource: '$RAMI_AdvancedMedicalInterface:UI/Textures/RAMI_BodyZones/RAMI_Tourniquet.edds.meta'
16:51:30.026     RESOURCES    : RESOURCES    : processing files...
16:51:30.030    RESOURCES    : processing files...
16:51:30.030     RESOURCES (W): resource not registered: @"$profile:AmbientSpawnConfig/config.json". Setting null GUID
16:51:30.030     RESOURCES (W): resource not registered: @"$profile:AmbientSpawnConfig/Templates/conflict_pve_ravage.json". Setting null GUID
16:51:30.030     RESOURCES (W): resource not registered: @"$profile:AmbientSpawnConfig/Templates/conflict_pve_robots.json". Setting null GUID
16:51:30.031     RESOURCES (W): resource not registered: @"$profile:AmbientSpawnConfig/Templates/conflict_ravage_as_fia.json". Setting null GUID
16:51:30.031     RESOURCES (W): resource not registered: @"$profile:AmbientSpawnConfig/Templates/default.json". Setting null GUID
16:51:30.032     RESOURCES (W): resource not registered: @"$profile:AmbientSpawnConfig/Templates/default_pve.json". Setting null GUID
16:51:30.032     RESOURCES (W): resource not registered: @"$profile:ArmaStatsBot/config.json". Setting null GUID
16:51:30.032     RESOURCES (W): resource not registered: @"$profile:ArmaStatsBot/global_2026_02.json". Setting null GUID
16:51:30.032     RESOURCES (W): resource not registered: @"$profile:ArmaStatsBot/global_2026_03.json". Setting null GUID
16:51:30.032     RESOURCES (W): resource not registered: @"$profile:ArmaStatsBot/global_2026_04.json". Setting null GUID
16:51:30.032     RESOURCES (W): resource not registered: @"$profile:ArmaStatsBot/playerstats.json". Setting null GUID
16:51:30.033     RESOURCES (W): resource not registered: @"$profile:CMPlayerStatsHUD/16e0b884-a2f2-49c5-a722-3b44148f8b26_playerstats.json". Setting null GUID
16:51:30.034     RESOURCES (W): resource not registered: @"$profile:CMPlayerStatsHUD/AdminServerSettings/AdminCanPromoteDemote.json". Setting null GUID
16:51:30.034     RESOURCES (W): resource not registered: @"$profile:CMPlayerStatsHUD/AdminServerSettings/AdminCanPromoteDemoteExemptions.json". Setting null GUID
16:51:30.034     RESOURCES (W): resource not registered: @"$profile:CMPlayerStatsHUD/AdminServerSettings/AdminCanPromoteDemoteExemptionsList.json". Setting null GUID
16:51:30.034     RESOURCES (W): resource not registered: @"$profile:CMPlayerStatsHUD/AdminServerSettings/OneTimeWipeAllPlayerXP.json". Setting null GUID
16:51:30.034     RESOURCES (W): resource not registered: @"$profile:CMPlayerStatsHUD/AdminServerSettings/PersistentRanks.json". Setting null GUID
16:51:30.034     RESOURCES (W): resource not registered: @"$profile:CMPlayerStatsHUD/AdminServerSettings/PlayerStatsSubMenuVisibility.json". Setting null GUID
16:51:30.035     RESOURCES (W): resource not registered: @"$profile:CMPlayerStatsHUD/AdminServerSettings/PunishAdminsForTeamKills.json". Setting null GUID
16:51:30.035     RESOURCES (W): resource not registered: @"$profile:CMPlayerStatsHUD/AdminServerSettings/RemoveVehicleKillsFromKDRatio.json". Setting null GUID
16:51:30.036     RESOURCES (W): resource not registered: @"$profile:CMPlayerStatsHUD/AdminServerSettings/SavingMethod.json". Setting null GUID
16:51:30.036     RESOURCES (W): resource not registered: @"$profile:CMPlayerStatsHUD/AdminServerSettings/ScenarioEndWipePlayerStats.json". Setting null GUID
16:51:30.036     RESOURCES (W): resource not registered: @"$profile:CMPlayerStatsHUD/AdminServerSettings/ScenarioEndWipePlayerXP.json". Setting null GUID
16:51:30.036     RESOURCES (W): resource not registered: @"$profile:CMPlayerStatsHUD/AdminServerSettings/ServerStartWipePlayerXP.json". Setting null GUID
16:51:30.036     RESOURCES (W): resource not registered: @"$profile:CMPlayerStatsHUD/AdminServerSettings/StatsAreOnlyVisibleInOwnHQ.json". Setting null GUID
16:51:30.036     RESOURCES (W): resource not registered: @"$profile:CMPlayerStatsHUD/AdminServerSettings/WipePlayerStatsExemptions.json". Setting null GUID
16:51:30.037     RESOURCES (W): resource not registered: @"$profile:CMPlayerStatsHUD/AdminServerSettings/WipeXPExemptions.json". Setting null GUID
16:51:30.037     RESOURCES (W): resource not registered: @"$profile:CMSquadRadioSound/player_ui_settings.json". Setting null GUID
16:51:30.038     RESOURCES (W): resource not registered: @"$profile:DEH_RealTimeSyncConfig.json". Setting null GUID
16:51:30.038     RESOURCES (W): resource not registered: @"$profile:GM_Tools/gm_tools_config.json". Setting null GUID
16:51:30.038     RESOURCES (W): resource not registered: @"$profile:GRS_ATAK/grs_atak.json". Setting null GUID
16:51:30.038     RESOURCES (W): resource not registered: @"$profile:GRS_ATAK/players/16e0b884-a2f2-49c5-a722-3b44148f8b26.json". Setting null GUID
16:51:30.038     RESOURCES (W): resource not registered: @"$profile:GRS_ATAK/profile.json". Setting null GUID
16:51:30.038     RESOURCES (W): resource not registered: @"$profile:GRS_ATAK/server_config.json". Setting null GUID
16:51:30.039     RESOURCES (W): resource not registered: @"$profile:IRRU_RFPropagation.json". Setting null GUID
16:51:30.039     RESOURCES (W): resource not registered: @"$profile:LAG_server_restarter_config.json". Setting null GUID
16:51:30.040     RESOURCES (W): resource not registered: @"$profile:LinearConflictPVEConfig/LCPConfig.json". Setting null GUID
16:51:30.040     RESOURCES (W): resource not registered: @"$profile:LinearConflictPVEConfig/LCPProgress.json". Setting null GUID
16:51:30.040     RESOURCES (W): resource not registered: @"$profile:OpsTrackSettings.json". Setting null GUID
16:51:30.040     RESOURCES (W): resource not registered: @"$profile:PlayerStatsList/PlayerStats.json". Setting null GUID
16:51:30.041     RESOURCES (W): resource not registered: @"$profile:PlayerStatsList/WebHook_config.json". Setting null GUID
16:51:30.041     RESOURCES (W): resource not registered: @"$profile:PlayerStatsList/WH_killFeed.json". Setting null GUID
16:51:30.041     RESOURCES (W): resource not registered: @"$profile:PlayerStatsList/WH_livestats.json". Setting null GUID
16:51:30.041     RESOURCES (W): resource not registered: @"$profile:PlayerStatsList/WH_status&chat.json". Setting null GUID
16:51:30.041     RESOURCES (W): resource not registered: @"$profile:RadioData.json". Setting null GUID
16:51:30.042     RESOURCES (W): resource not registered: @"$profile:SavingMarkers/SM_Drawings_default.json". Setting null GUID
16:51:30.042     RESOURCES (W): resource not registered: @"$profile:SavingMarkers/SM_Markers2_default.json". Setting null GUID
16:51:30.042     RESOURCES (W): resource not registered: @"$profile:ServerAdminTools_Config.json". Setting null GUID
16:51:30.042     RESOURCES (W): resource not registered: @"$profile:ServerAdminTools_Stats.json". Setting null GUID
16:51:30.043     RESOURCES (W): resource not registered: @"$profile:ServerRulesQuiz/ServerRulesConfig.json". Setting null GUID
16:51:30.043     RESOURCES (W): resource not registered: @"$profile:VONData.json". Setting null GUID
16:51:30.043     RESOURCES (W): resource not registered: @"$profile:VONServerData.json". Setting null GUID
16:51:30.043     RESOURCES (W): resource not registered: @"$profile:vPad/Settings.json". Setting null GUID
16:51:30.044     RESOURCES (W): resource not registered: @"$profile:WalkingSpeedIndicator/WalkingSpeedIndicatorConfig.json". Setting null GUID
16:51:30.044     RESOURCES    : RESOURCES    : processing folders...
16:51:30.050     RESOURCES    : RESOURCES    : creating GUID-item mapping...
16:51:30.065     RESOURCES    : RESOURCES    : building tree...
16:51:30.115   PROFILING    : ResourceDB: full scan took: 301.437900 ms
16:51:30.116   RESOURCES    : ResourceDB: saving cache (id=0 name=RAMI_AdvancedMedicalInterface path=C:\Users\jaco5\Documents\My Games\ArmaReforgerWorkbench\addons\Oaschloch\RAMI_AdvancedMedicalInterface/resourceDatabase.rdb)
16:51:30.118   RESOURCES    : ResourceDB: written 6277/6277 bytes
16:51:30.118   RESOURCES    : ResourceDB: cache successfully saved
16:51:30.118   RESOURCES    : ResourceDB: saving cache (id=9 name=profile path=C:\Users\jaco5\Documents\My Games\ArmaReforgerWorkbench\profile/resourceDatabase.rdb)
16:51:30.120   RESOURCES (E): ResourceDB: could not open cache file
16:51:30.120   ENGINE       : GameProject load
16:51:30.120    ENGINE       : Loaded addons:
16:51:30.120     ENGINE       : gproj: 'C:/Program Files (x86)/Steam/steamapps/common/Arma Reforger/addons/core/core.gproj' guid: '5614BBCCBB55ED1C'
16:51:30.121     ENGINE       : gproj: 'C:/Program Files (x86)/Steam/steamapps/common/Arma Reforger/addons/data/ArmaReforger.gproj' guid: '58D0FB3206B6F859'
16:51:30.121     ENGINE       : gproj: 'C:/Users/jaco5/Documents/My Games/ArmaReforger/addons/ACECoreDev_65AD7D0D9941A380/dev.gproj' guid: '65AD7D0D9941A380'
16:51:30.121     ENGINE       : gproj: 'C:/Users/jaco5/Documents/My Games/ArmaReforger/addons/ACEMedicalCoreDev_6586079789278413/dev.gproj' guid: '6586079789278413'
16:51:30.121     ENGINE       : gproj: 'C:/Users/jaco5/Documents/My Games/ArmaReforger/addons/ACEMedicalCirculationDev_65AD7D4F994EA327/dev.gproj' guid: '65AD7D4F994EA327'
16:51:30.121     ENGINE       : gproj: 'C:/Users/jaco5/Documents/My Games/ArmaReforger/addons/ACEMedicalHitzonesDev_65B343F799FB521B/dev.gproj' guid: '65B343F799FB521B'
16:51:30.121     ENGINE       : gproj: 'C:/Users/jaco5/Documents/My Games/ArmaReforger/addons/ACECarryingDev_65AD7C379CBD394D/dev.gproj' guid: '65AD7C379CBD394D'
16:51:30.121     ENGINE       : gproj: 'C:/Users/jaco5/Documents/My Games/ArmaReforger/addons/ExpandedSalineBags_6A05287AF042071B/addon.gproj' guid: '6A05287AF042071B'
16:51:30.121     ENGINE       : gproj: 'C:/Users/jaco5/Documents/My Games/ArmaReforgerWorkbench/addons/Oaschloch/RAMI_AdvancedMedicalInterface/RAMI_AdvancedMedicalInterface.gproj' guid: 'D36C5B996922FFDE'
16:51:30.130   ENGINE       : GameProject load
16:51:30.130    INIT         : GameProject load project data @"C:/Users/jaco5/Documents/My Games/ArmaReforger/addons/ACECoreDev_65AD7D0D9941A380/dev.gproj"
16:51:30.131     RESOURCES (E): Wrong GUID/name for resource @"{DE0B68C7B4B0E89C}Language/ACE_localization.st" in property "StringTableSource"
16:51:30.131    INIT         : GameProject load project data @"C:/Users/jaco5/Documents/My Games/ArmaReforger/addons/ACEMedicalCoreDev_6586079789278413/dev.gproj"
16:51:30.131     RESOURCES (E): Wrong GUID/name for resource @"{D393C26C894B1404}Language/ACE_Medical_Core_localization.st" in property "StringTableSource"
16:51:30.132    INIT         : GameProject load project data @"C:/Users/jaco5/Documents/My Games/ArmaReforger/addons/ACEMedicalCirculationDev_65AD7D4F994EA327/dev.gproj"
16:51:30.132     RESOURCES (E): Wrong GUID/name for resource @"{0780D43A82968920}Language/ACE_Medical_Circulation_localization.st" in property "StringTableSource"
16:51:30.132    INIT         : GameProject load project data @"C:/Users/jaco5/Documents/My Games/ArmaReforger/addons/ACECarryingDev_65AD7C379CBD394D/dev.gproj"
16:51:30.134     RESOURCES (E): Wrong GUID/name for resource @"{2E272B1D21C4446A}Language/ACE_Carrying_localization.st" in property "StringTableSource"
16:51:30.134   ENGINE       : No Enfusion settings file loaded. Continuing with defaults
16:51:30.316   RENDER       : (OK) Adapter 'NVIDIA GeForce RTX 2060' supports feature level 12_0
16:51:30.329   RENDER       : (OK) Adapter 'Intel(R) UHD Graphics 630' supports feature level 12_0
16:51:30.331   RENDER       : Adapter 1 (Intel(R) UHD Graphics 630) failed to provide some output
16:51:30.331   RENDER       : Basic screen setup:
16:51:30.331   RENDER       :   Back buffer format	       : TEXFMT_R8G8B8A8_SRGB (29)
16:51:30.331   RENDER       :   MSAA                      : none
16:51:30.337   RENDER       : Driver for NVIDIA GeForce RTX 2060 is from 22.7.2026 (1 month, 2 days old)
16:51:30.337   RENDER       : GPU_NVIDIA (0x10DE) (NVIDIA GeForce RTX 2060) with 1 GPU detected, VRAM 5955MB (fast 0MB), shared 8116MB, driver version 610.88
16:51:30.339   RENDER       : Detected output devices:
16:51:30.339   RENDER       :  * 1 device/s connected to NVIDIA GeForce RTX 2060:
16:51:30.339   RENDER       :    Generic PnP Monitor (\\.\DISPLAY1), 1920x1080 (offset 0x0), 144Hz
16:51:30.339   RENDER       :  * no output device connected to Intel(R) UHD Graphics 630
16:51:30.339   RENDER       :   Concurrent frames limit 2
16:51:33.167   RENDER       : Graphics device features
16:51:33.167   RENDER       :  Needed:
16:51:33.167   RENDER       :  * Highest supported shader model: 6.8 (6.0 needed)
16:51:33.167   RENDER       :  Optional:
16:51:33.167   RENDER       :  * Allow tearing (VSYNC) : 1
16:51:33.167   RENDER       :  * 16 bits : 1
16:51:33.167   RENDER       :  * Resource heap tier : 3
16:51:33.167   RENDER       :  * Persistent heaps (DRED) : 1
16:51:33.168   RENDER       :  * DRED 1.2 is supported by compiler
16:51:33.251   RENDER       : Main RT format setup.
16:51:33.251   RENDER       :   Main RT format for quality 0	: TEXFMT_R11G11B10_FLOAT (26)
16:51:33.251   RENDER       :   Main RT format for quality 1	: TEXFMT_R16G16B16A16_FLOAT (10)
16:51:33.271   ENGINE       : Job system settings: coreCount=12, shortJobContextCount=12, shortJobThreadCount=11, longJobThreadCount=12
16:51:33.295   PROFILING    : Settings changed took: 0.027000 ms
16:51:33.322 AUDIO        : Endpoint: Kopfhörer (Sound Blaster G3)
16:51:33.322 AUDIO        :  Format: Channels: 2, Sample rate: 48kHz, Avg. bytes: 384kB, Sample bits: 32, Block align: 8B
16:51:33.328 AUDIO        : Audio client:
16:51:33.328 AUDIO        :  Format: Channels: 2, Sample rate: 48kHz, Buffer size: 1536B, Frame: 512
16:51:33.333    RENDER       : RENDER       : Reload shaders
16:51:33.334    RENDER       : Enfusion shader version 10
16:51:33.334     INIT         : INIT         : ShaderListReload
16:51:33.335    PROFILING    : ShaderListReload took: 0.004000 ms
16:51:33.459 AUDIO        : Endpoint: Kopfhörer (Sound Blaster G3)
16:51:33.460 AUDIO        :  Format: Channels: 2, Sample rate: 48kHz, Avg. bytes: 384kB, Sample bits: 32, Block align: 8B
16:51:33.467 AUDIO        : Audio client:
16:51:33.467 AUDIO        :  Format: Channels: 2, Sample rate: 48kHz, Buffer size: 1536B, Frame: 512
16:51:33.590    RENDER       : Loaded 3746 newer shader binaries
16:51:33.591   PROFILING    : Reload shaders took: 257.721500 ms
16:51:33.591   ENGINE       : Initializing inputs.
16:51:33.619   NETWORK      : Initializing networking.
16:51:33.619   NETWORK      : Using new GameRplScheduler.
16:51:33.619    SCRIPT       : SCRIPT       : Initializing scripts
16:51:33.620     SCRIPT       : SCRIPT       : ScriptProjectManager init
16:51:33.887    PROFILING    : ScriptProjectManager init took: 266.761600 ms
16:51:33.917   PROFILING    : Initializing scripts took: 296.383800 ms
16:51:33.932   ENGINE       : Enfusion engine successfully created.
16:51:33.933  PROFILING    : Workbench Init Engine took: 4634.273500 ms
16:51:33.933   INIT         : INIT         : Workbench Create Game
16:51:33.951   GUI          : Using default language (en_us)
16:51:33.951   GUI          : Loading 'en_us' localization file.
16:51:33.951    INIT         : INIT         : Loading StringTable
16:51:33.980   PROFILING    : Loading StringTable took: 27.892400 ms
16:51:33.980    SCRIPT       : SCRIPT       : Compiling GameLib scripts
16:51:34.030    SCRIPT       : Module: Workbench; loaded 18x files; 36x classes; used 125K of static memory; defines: "ENF_WB,WORKBENCH,PLATFORM_WINDOWS,ENABLE_DIAG,ENF_ENABLE_VHC_OVERRIDE,ENF_ENABLE_RPLCOMPONENT_IN_GAMECODE"; CRC32: 90ce0460
16:51:34.030    SCRIPT       : Module: GameLib; loaded 465x files; 648x classes; used 828K of static memory; defines: "ENF_WB,WORKBENCH,PLATFORM_WINDOWS,ENABLE_DIAG,ENF_ENABLE_VHC_OVERRIDE,ENF_ENABLE_RPLCOMPONENT_IN_GAMECODE"; CRC32: 4507af04
16:51:34.032   PROFILING    : Compiling GameLib scripts took: 52.046800 ms
16:51:34.032    SCRIPT       : SCRIPT       : Compiling Game scripts
16:51:34.772  INIT         : Workbench Create Game
16:51:34.772   SCRIPT       : Compiling Game scripts
16:51:34.772    SCRIPT    (W): @"Scripts/Game/ACE_Core/FSM/ACE_FSM_Machine.c,187": Implicit conversion of 'ACE_FSM_IState<ACE_Medical_CharacterContext>' to 'int' yields a conditional expression result of either 0 or 1.
16:51:34.998    SCRIPT    (W): @"Scripts/Game/Editor/Components/EditableEntity/SCR_EditableEntityComponent.c,785": 'GetPlayerPlatformKind' is obsolete
16:51:34.998    SCRIPT    (W): @"Scripts/Game/Editor/Components/EditableEntity/SCR_EditableEntityComponent.c,786": 'GetPlayerPlatformId' is obsolete
16:51:35.246    SCRIPT    (W): @"Scripts/Game/Workshop/SCR_AddonManager.c,876": 'GetRefCount' is obsolete: Will be removed
16:51:35.277    SCRIPT    (W): @"Scripts/Game/Campaign/SCR_PlayerProfileManagerComponent.c,142": 'PlayerData' is obsolete
16:51:35.367    SCRIPT    (W): @"Scripts/Game/UI/Backend/CareerBackend.c,159": 'GetDSSession' is obsolete
16:51:35.367    SCRIPT    (W): @"Scripts/Game/UI/Backend/CareerBackend.c,162": 'RoomID' is obsolete
16:51:35.367    SCRIPT    (W): @"Scripts/Game/UI/Backend/CareerBackend.c,197": 'GetDSSession' is obsolete
16:51:35.368    SCRIPT    (W): @"Scripts/Game/UI/Backend/CareerBackend.c,201": 'RoomID' is obsolete
16:51:35.456    SCRIPT    (W): @"Scripts/Game/DataCollection/SCR_DataCollectorComponent.c,481": 'GetStorage' is obsolete
16:51:35.456    SCRIPT    (W): @"Scripts/Game/DataCollection/SCR_DataCollectorComponent.c,483": 'GetOnlineWritePrivilege' is obsolete
16:51:35.458    SCRIPT    (W): @"Scripts/Game/Utilities/SCR_PlayerIdentityUtils.c,20": 'GetPlayerIdentityId' is obsolete
16:51:35.498    SCRIPT    (W): @"Scripts/Game/UI/Menu/MainMenuUI.c,643": 'GetNotifyCount' is obsolete: Will be substitued by Notification Api.
16:51:35.499    SCRIPT    (W): @"Scripts/Game/UI/Menu/MainMenuUI.c,645": 'GetNotifyItem' is obsolete: Will be substitued by Notification Api.
16:51:35.552    SCRIPT    (W): @"Scripts/Game/DataCollection/PlayerData/SCR_PlayerData.c,210": 'PlayerData' is obsolete
16:51:35.570    RESOURCES    : GetResourceObject @"{37578B1666981FCE}Prefabs/Characters/Core/Character_Base.et"
16:51:35.572     WORLD        : Entity prefab load @"{37578B1666981FCE}Prefabs/Characters/Core/Character_Base.et"
16:51:35.572      WORLD     (E): Unknown class 'SCR_ChimeraCharacter' at offset 21(0x15)
16:51:35.572      ENGINE    (W): Can't load prefab Prefabs/Characters/Core/Character_Base.et
16:51:35.572     RESOURCES (E): Failed to load
16:51:35.806    SCRIPT       : Module: WorkbenchGame; loaded 170x files; 615x classes; used 2477K of static memory; defines: "ENF_WB,WORKBENCH,PLATFORM_WINDOWS,ENABLE_DIAG,ENF_ENABLE_VHC_OVERRIDE,ENF_ENABLE_RPLCOMPONENT_IN_GAMECODE"; CRC32: 8db9d524
16:51:35.812    SCRIPT       : Module: Game; loaded 5951x files; 11486x classes; used 33051K of static memory; defines: "ENF_WB,WORKBENCH,PLATFORM_WINDOWS,ENABLE_DIAG,ENF_ENABLE_VHC_OVERRIDE,ENF_ENABLE_RPLCOMPONENT_IN_GAMECODE,ENABLE_BASE_DESTRUCTION,BUDGET_OPTIMIZATION_CHECKS,SHOW_DISCLAIMER,DEBUG,RESPAWN_TIMER_COMPONENT_DEBUG,GAME_MODE_DEBUG,DEBUG_CONFIGURABLE_DIALOGS,DISABLE_WEAPON_SWITCHING,SCRIPTED_AIM_MODIFIER_DEBUG"; CRC32: 967fed84
16:51:35.867   PROFILING    : Compiling Game scripts took: 1834.334000 ms
16:51:35.873   INIT         : Creating game instance(ArmaReforgerScripted), version 1.8.0.10 built 2026-07-31 15:18:14 UTC.
16:51:35.889   ENGINE    (E): BackendDebug:: cannot create directory ($logs:.backend/)
16:51:35.948   ENGINE       : Game successfully created.
16:51:35.948   PLATFORM  (E): Steamworks: SteamAPI_Init failed. Is Steam running?
16:51:35.948   PLATFORM  (E): Could not initialize platform services.
16:51:35.948  PROFILING    : Workbench Create Game took: 2015.303500 ms
16:56:47.997   ENGINE       : FileSystem: Adding relative directory 'C:\Users\jaco5\Documents\My Games\ArmaReforgerWorkbench\profile' to filesystem under name profile
16:56:47.997   ENGINE       : FileSystem: Current working directory: 'C:\Users\jaco5\Documents\My Games\ArmaReforgerWorkbench\addons\Oaschloch\RAMI_AdvancedMedicalInterface\'
16:56:47.999  PROFILING    : Workbench Create Engine took: 5.796300 ms
16:56:49.019   INIT         : INIT         : Workbench Init Engine
16:56:49.019   DEFAULT      : Change in Qt version detected (unknown -> 6.8.3). Clearing layouts registry.
16:56:49.021   ENGINE       : Initializing engine, version 191843
16:56:49.021   ENGINE       : CLI Params: -gproj C:\Users\jaco5\Documents\My Games\ArmaReforgerWorkbench\addons\Oaschloch\RAMI_AdvancedMedicalInterface\RAMI_AdvancedMedicalInterface.gproj -addonsDir C:\Program Files (x86)\Steam\steamapps\common\Arma Reforger\addons,C:\Users\jaco5\Documents\My Games\ArmaReforger\addons,C:\Users\jaco5\Documents\My Games\ArmaReforgerWorkbench\addons 
16:56:49.062   ENGINE       : Addon dirs:
16:56:49.062    ENGINE       : dir: 'C:/Users/jaco5/Documents/My Games/ArmaReforgerWorkbench/addons/Oaschloch/RAMI_AdvancedMedicalInterface/'
16:56:49.062    ENGINE       : dir: 'C:/Program Files (x86)/Steam/steamapps/common/Arma Reforger/addons'
16:56:49.062    ENGINE       : dir: 'C:/Users/jaco5/Documents/My Games/ArmaReforger/addons'
16:56:49.062    ENGINE       : dir: './addons'
16:56:49.062    ENGINE       : dir: 'C:/Users/jaco5/Documents/My Games/ArmaReforgerWorkbench/addons'
16:56:49.063   ENGINE       : Available addons:
16:56:49.063    ENGINE       : gproj: 'C:/Users/jaco5/Documents/My Games/ArmaReforgerWorkbench/addons/Oaschloch/RAMI_AdvancedMedicalInterface/RAMI_AdvancedMedicalInterface.gproj' guid: 'D36C5B996922FFDE'
16:56:49.063    ENGINE       : gproj: 'C:/Program Files (x86)/Steam/steamapps/common/Arma Reforger/addons/core/core.gproj' guid: '5614BBCCBB55ED1C' (packed)
16:56:49.063    ENGINE       : gproj: 'C:/Program Files (x86)/Steam/steamapps/common/Arma Reforger/addons/data/ArmaReforger.gproj' guid: '58D0FB3206B6F859' (packed)
16:56:49.063    ENGINE       : gproj: 'C:/Users/jaco5/Documents/My Games/ArmaReforger/addons/15thMEUTeleporter_6858E3C74D3CB594/addon.gproj' guid: '6858E3C74D3CB594' (packed)
16:56:49.063    ENGINE       : gproj: 'C:/Users/jaco5/Documents/My Games/ArmaReforger/addons/506IRRU-EnhancedRadio_672B0395726428B6/addon.gproj' guid: '672B0395726428B6' (packed)
16:56:49.063    ENGINE       : gproj: 'C:/Users/jaco5/Documents/My Games/ArmaReforger/addons/506IRRU-GMContactView_684E4A9994D415E5/addon.gproj' guid: '684E4A9994D415E5' (packed)
16:56:49.063    ENGINE       : gproj: 'C:/Users/jaco5/Documents/My Games/ArmaReforger/addons/AccurateMapMarkers_670C26EAB7B57C77/addon.gproj' guid: '670C26EAB7B57C77' (packed)
16:56:49.064    ENGINE       : gproj: 'C:/Users/jaco5/Documents/My Games/ArmaReforger/addons/ACEAllinOneDev_65AD7BE594439A52/dev.gproj' guid: '65AD7BE594439A52' (packed)
16:56:49.064    ENGINE       : gproj: 'C:/Users/jaco5/Documents/My Games/ArmaReforger/addons/ACEBackblastDev_65AD7C139EB4C1A1/dev.gproj' guid: '65AD7C139EB4C1A1' (packed)
16:56:49.064    ENGINE       : gproj: 'C:/Users/jaco5/Documents/My Games/ArmaReforger/addons/ACEBallisticsDev_68F77A54920B80AF/dev.gproj' guid: '68F77A54920B80AF' (packed)
16:56:49.064    ENGINE       : gproj: 'C:/Users/jaco5/Documents/My Games/ArmaReforger/addons/ACECaptivesDev_65AD7C249E4ECDFB/dev.gproj' guid: '65AD7C249E4ECDFB' (packed)
16:56:49.064    ENGINE       : gproj: 'C:/Users/jaco5/Documents/My Games/ArmaReforger/addons/ACECarryingDev_65AD7C379CBD394D/dev.gproj' guid: '65AD7C379CBD394D' (packed)
16:56:49.064    ENGINE       : gproj: 'C:/Users/jaco5/Documents/My Games/ArmaReforger/addons/ACEChoppingDev_65AD7BCC9F6B3B4E/dev.gproj' guid: '65AD7BCC9F6B3B4E' (packed)
16:56:49.064    ENGINE       : gproj: 'C:/Users/jaco5/Documents/My Games/ArmaReforger/addons/ACECompassDev_65AD7CF69FAF1FDD/dev.gproj' guid: '65AD7CF69FAF1FDD' (packed)
16:56:49.064    ENGINE       : gproj: 'C:/Users/jaco5/Documents/My Games/ArmaReforger/addons/ACECook-OffDev_664AFDC993C9CE1A/dev.gproj' guid: '664AFDC993C9CE1A' (packed)
16:56:49.064    ENGINE       : gproj: 'C:/Users/jaco5/Documents/My Games/ArmaReforger/addons/ACECoreDev_65AD7D0D9941A380/dev.gproj' guid: '65AD7D0D9941A380' (packed)
16:56:49.065    ENGINE       : gproj: 'C:/Users/jaco5/Documents/My Games/ArmaReforger/addons/ACEExplosivesDev_65AD7D1E9EEAFA53/dev.gproj' guid: '65AD7D1E9EEAFA53' (packed)
16:56:49.065    ENGINE       : gproj: 'C:/Users/jaco5/Documents/My Games/ArmaReforger/addons/ACEFacepaintDev_68EAA4B96976D557/dev.gproj' guid: '68EAA4B96976D557' (packed)
16:56:49.065    ENGINE       : gproj: 'C:/Users/jaco5/Documents/My Games/ArmaReforger/addons/ACEFingerDev_65AD7D2E9866FA6E/dev.gproj' guid: '65AD7D2E9866FA6E' (packed)
16:56:49.065    ENGINE       : gproj: 'C:/Users/jaco5/Documents/My Games/ArmaReforger/addons/ACEMagazineRepackDev_65AD7D4099944EBD/dev.gproj' guid: '65AD7D4099944EBD' (packed)
16:56:49.065    ENGINE       : gproj: 'C:/Users/jaco5/Documents/My Games/ArmaReforger/addons/ACEMedicalBreathingDev_671F73D99978B4F2/dev.gproj' guid: '671F73D99978B4F2' (packed)
16:56:49.065    ENGINE       : gproj: 'C:/Users/jaco5/Documents/My Games/ArmaReforger/addons/ACEMedicalCirculationDev_65AD7D4F994EA327/dev.gproj' guid: '65AD7D4F994EA327' (packed)
16:56:49.065    ENGINE       : gproj: 'C:/Users/jaco5/Documents/My Games/ArmaReforger/addons/ACEMedicalCoreDev_6586079789278413/dev.gproj' guid: '6586079789278413' (packed)
16:56:49.066    ENGINE       : gproj: 'C:/Users/jaco5/Documents/My Games/ArmaReforger/addons/ACEMedicalHitzonesDev_65B343F799FB521B/dev.gproj' guid: '65B343F799FB521B' (packed)
16:56:49.066    ENGINE       : gproj: 'C:/Users/jaco5/Documents/My Games/ArmaReforger/addons/ACEOverheatingDev_65B8EA178A3E94E3/dev.gproj' guid: '65B8EA178A3E94E3' (packed)
16:56:49.066    ENGINE       : gproj: 'C:/Users/jaco5/Documents/My Games/ArmaReforger/addons/ACERadioDev_65AD7C75826B46C6/dev.gproj' guid: '65AD7C75826B46C6' (packed)
16:56:49.066    ENGINE       : gproj: 'C:/Users/jaco5/Documents/My Games/ArmaReforger/addons/ACEScopesDev_68FC0EDE9F677A3C/dev.gproj' guid: '68FC0EDE9F677A3C' (packed)
16:56:49.066    ENGINE       : gproj: 'C:/Users/jaco5/Documents/My Games/ArmaReforger/addons/ACETacticalLadderDev_65AD7CB89F219E38/dev.gproj' guid: '65AD7CB89F219E38' (packed)
16:56:49.066    ENGINE       : gproj: 'C:/Users/jaco5/Documents/My Games/ArmaReforger/addons/ACETacticalPeriscopeDev_65AD7CD09CAEC4E2/dev.gproj' guid: '65AD7CD09CAEC4E2' (packed)
16:56:49.066    ENGINE       : gproj: 'C:/Users/jaco5/Documents/My Games/ArmaReforger/addons/ACETrenchesDev_65AD7CE59E8DB349/dev.gproj' guid: '65AD7CE59E8DB349' (packed)
16:56:49.066    ENGINE       : gproj: 'C:/Users/jaco5/Documents/My Games/ArmaReforger/addons/ACEWeatherDev_667B230F9505C8BA/dev.gproj' guid: '667B230F9505C8BA' (packed)
16:56:49.066    ENGINE       : gproj: 'C:/Users/jaco5/Documents/My Games/ArmaReforger/addons/AIHornyMute_6877455D094BA18C/addon.gproj' guid: '6877455D094BA18C' (packed)
16:56:49.066    ENGINE       : gproj: 'C:/Users/jaco5/Documents/My Games/ArmaReforger/addons/AKI_Core_62CCD69DD17E4F2F/addon.gproj' guid: '62CCD69DD17E4F2F' (packed)
16:56:49.067    ENGINE       : gproj: 'C:/Users/jaco5/Documents/My Games/ArmaReforger/addons/AnarchyMarkersxGRS-ATAKDEV_69DA0119707F0354/addon.gproj' guid: '69DA0119707F0354' (packed)
16:56:49.067    ENGINE       : gproj: 'C:/Users/jaco5/Documents/My Games/ArmaReforger/addons/AnarchyMarkers_69A510CE600D1126/addon.gproj' guid: '69A510CE600D1126' (packed)
16:56:49.067    ENGINE       : gproj: 'C:/Users/jaco5/Documents/My Games/ArmaReforger/addons/ArmaTerrainCore_60B524F7A5AE96A8/addon.gproj' guid: '60B524F7A5AE96A8' (packed)
16:56:49.067    ENGINE       : gproj: 'C:/Users/jaco5/Documents/My Games/ArmaReforger/addons/BaconLoadoutEditor_606B100247F5C709/addon.gproj' guid: '606B100247F5C709' (packed)
16:56:49.067    ENGINE       : gproj: 'C:/Users/jaco5/Documents/My Games/ArmaReforger/addons/BMP-1IFV_5E524E4FEECCA92B/addon.gproj' guid: '5E524E4FEECCA92B' (packed)
16:56:49.067    ENGINE       : gproj: 'C:/Users/jaco5/Documents/My Games/ArmaReforger/addons/bonz_Core_671B4DD7897732BC/addon.gproj' guid: '671B4DD7897732BC' (packed)
16:56:49.067    ENGINE       : gproj: 'C:/Users/jaco5/Documents/My Games/ArmaReforger/addons/bonz_UnitLoadout_671B4B88A1397B9D/addon.gproj' guid: '671B4B88A1397B9D' (packed)
16:56:49.067    ENGINE       : gproj: 'C:/Users/jaco5/Documents/My Games/ArmaReforger/addons/BundeswehrMod_59673B087BFF710C/addon.gproj' guid: '59673B087BFF710C' (packed)
16:56:49.067    ENGINE       : gproj: 'C:/Users/jaco5/Documents/My Games/ArmaReforger/addons/COALITIONSquadInterface_5B0D1E4380971EBD/addon.gproj' guid: '5B0D1E4380971EBD' (packed)
16:56:49.067    ENGINE       : gproj: 'C:/Users/jaco5/Documents/My Games/ArmaReforger/addons/CRXEnfusionA.I._5F268647F8A1A1F4/addon.gproj' guid: '5F268647F8A1A1F4' (packed)
16:56:49.068    ENGINE       : gproj: 'C:/Users/jaco5/Documents/My Games/ArmaReforger/addons/Deathsoundeffect_69D4B8A05C764676/addon.gproj' guid: '69D4B8A05C764676' (packed)
16:56:49.068    ENGINE       : gproj: 'C:/Users/jaco5/Documents/My Games/ArmaReforger/addons/DisableAIVoice_65254226BB9B318C/addon.gproj' guid: '65254226BB9B318C' (packed)
16:56:49.068    ENGINE       : gproj: 'C:/Users/jaco5/Documents/My Games/ArmaReforger/addons/DisableGameMasterBudgets_5F2944B7474F043F/addon.gproj' guid: '5F2944B7474F043F' (packed)
16:56:49.068    ENGINE       : gproj: 'C:/Users/jaco5/Documents/My Games/ArmaReforger/addons/DisableVONunconscious_5EF8AADD3B3C81F2/addon.gproj' guid: '5EF8AADD3B3C81F2' (packed)
16:56:49.068    ENGINE       : gproj: 'C:/Users/jaco5/Documents/My Games/ArmaReforger/addons/EchoesofHellCombatUniform_6938932990A07E9A/addon.gproj' guid: '6938932990A07E9A' (packed)
16:56:49.068    ENGINE       : gproj: 'C:/Users/jaco5/Documents/My Games/ArmaReforger/addons/EnfusionDatabaseFramework_5D6EA74A94173EDF/EnfusionDatabaseFramework.gproj' guid: '5D6EA74A94173EDF' (packed)
16:56:49.068    ENGINE       : gproj: 'C:/Users/jaco5/Documents/My Games/ArmaReforger/addons/ExpandedSalineBags_6A05287AF042071B/addon.gproj' guid: '6A05287AF042071B' (packed)
16:56:49.068    ENGINE       : gproj: 'C:/Users/jaco5/Documents/My Games/ArmaReforger/addons/FMTV_65B60A48AEC31157/addon.gproj' guid: '65B60A48AEC31157' (packed)
16:56:49.069    ENGINE       : gproj: 'C:/Users/jaco5/Documents/My Games/ArmaReforger/addons/GameMasterCopyPaste_60CC94C046837439/addon.gproj' guid: '60CC94C046837439' (packed)
16:56:49.069    ENGINE       : gproj: 'C:/Users/jaco5/Documents/My Games/ArmaReforger/addons/GCSuppression_684CE8AA3B1D6573/addon.gproj' guid: '684CE8AA3B1D6573' (packed)
16:56:49.069    ENGINE       : gproj: 'C:/Users/jaco5/Documents/My Games/ArmaReforger/addons/GMTools_64F10E068D5880A6/addon.gproj' guid: '64F10E068D5880A6' (packed)
16:56:49.069    ENGINE       : gproj: 'C:/Users/jaco5/Documents/My Games/ArmaReforger/addons/GMVONFIXES_6954C37737DD56C8/addon.gproj' guid: '6954C37737DD56C8' (packed)
16:56:49.069    ENGINE       : gproj: 'C:/Users/jaco5/Documents/My Games/ArmaReforger/addons/GRS-Apparel_65157D09F042428A/addon.gproj' guid: '65157D09F042428A' (packed)
16:56:49.069    ENGINE       : gproj: 'C:/Users/jaco5/Documents/My Games/ArmaReforger/addons/GRS-ATAKDEV_69397BEDF03981C8/addon.gproj' guid: '69397BEDF03981C8' (packed)
16:56:49.069    ENGINE       : gproj: 'C:/Users/jaco5/Documents/My Games/ArmaReforger/addons/GRS-ATAKPluginCore_69F76987DB9F2214/addon.gproj' guid: '69F76987DB9F2214' (packed)
16:56:49.069    ENGINE       : gproj: 'C:/Users/jaco5/Documents/My Games/ArmaReforger/addons/GRS-BeltsAMPBagsAMPDroplegs_65183608D6DA5728/addon.gproj' guid: '65183608D6DA5728' (packed)
16:56:49.069    ENGINE       : gproj: 'C:/Users/jaco5/Documents/My Games/ArmaReforger/addons/GRS-DevFramework_65DACC64CE785B6C/addon.gproj' guid: '65DACC64CE785B6C' (packed)
16:56:49.071    ENGINE       : gproj: 'C:/Users/jaco5/Documents/My Games/ArmaReforger/addons/GRS-Essentials_6515672F96701110/addon.gproj' guid: '6515672F96701110' (packed)
16:56:49.071    ENGINE       : gproj: 'C:/Users/jaco5/Documents/My Games/ArmaReforger/addons/GRS-ModularVestsAMPRigs_651834C8D77BF86B/addon.gproj' guid: '651834C8D77BF86B' (packed)
16:56:49.071    ENGINE       : gproj: 'C:/Users/jaco5/Documents/My Games/ArmaReforger/addons/GRS-Patches_657B064AE0E231DF/addon.gproj' guid: '657B064AE0E231DF' (packed)
16:56:49.071    ENGINE       : gproj: 'C:/Users/jaco5/Documents/My Games/ArmaReforger/addons/GRS-ShadowsCore_68821D86AF3AE823/addon.gproj' guid: '68821D86AF3AE823' (packed)
16:56:49.071    ENGINE       : gproj: 'C:/Users/jaco5/Documents/My Games/ArmaReforger/addons/GRS-ShadowsPistolPack_66D45442A2D79E40/addon.gproj' guid: '66D45442A2D79E40' (packed)
16:56:49.071    ENGINE       : gproj: 'C:/Users/jaco5/Documents/My Games/ArmaReforger/addons/GRSATAK-RiptideMQ9Plugin_6A206D52FF406968/addon.gproj' guid: '6A206D52FF406968' (packed)
16:56:49.071    ENGINE       : gproj: 'C:/Users/jaco5/Documents/My Games/ArmaReforger/addons/GRSLoadoutsbyRelaxo_6884A83BA6946CFD/addon.gproj' guid: '6884A83BA6946CFD' (packed)
16:56:49.071    ENGINE       : gproj: 'C:/Users/jaco5/Documents/My Games/ArmaReforger/addons/GRSNVGS_6A2A460F6FE4B59A/addon.gproj' guid: '6A2A460F6FE4B59A' (packed)
16:56:49.072    ENGINE       : gproj: 'C:/Users/jaco5/Documents/My Games/ArmaReforger/addons/HmmwvVariants_69F415A5B15EC350/addon.gproj' guid: '69F415A5B15EC350' (packed)
16:56:49.072    ENGINE       : gproj: 'C:/Users/jaco5/Documents/My Games/ArmaReforger/addons/INFNoMapAssists_68C8814DB8F259A7/addon.gproj' guid: '68C8814DB8F259A7' (packed)
16:56:49.072    ENGINE       : gproj: 'C:/Users/jaco5/Documents/My Games/ArmaReforger/addons/InventoryBoxes_A1E6470C8DBF3952/addon.gproj' guid: 'A1E6470C8DBF3952' (packed)
16:56:49.072    ENGINE       : gproj: 'C:/Users/jaco5/Documents/My Games/ArmaReforger/addons/KeepGunWhenUncon_6088A3044B7ECBFD/addon.gproj' guid: '6088A3044B7ECBFD' (packed)
16:56:49.072    ENGINE       : gproj: 'C:/Users/jaco5/Documents/My Games/ArmaReforger/addons/LunacyAudio_64DE57C0A1601D14/addon.gproj' guid: '64DE57C0A1601D14' (packed)
16:56:49.072    ENGINE       : gproj: 'C:/Users/jaco5/Documents/My Games/ArmaReforger/addons/M1Abrams_5D1880C4AD410C14/addon.gproj' guid: '5D1880C4AD410C14' (packed)
16:56:49.072    ENGINE       : gproj: 'C:/Users/jaco5/Documents/My Games/ArmaReforger/addons/M2BradleyFightingVehicle_63120AE07E6C0966/addon.gproj' guid: '63120AE07E6C0966' (packed)
16:56:49.073    ENGINE       : gproj: 'C:/Users/jaco5/Documents/My Games/ArmaReforger/addons/MapDrawing_656AC01634459D8D/addon.gproj' guid: '656AC01634459D8D' (packed)
16:56:49.073    ENGINE       : gproj: 'C:/Users/jaco5/Documents/My Games/ArmaReforger/addons/MiddleEastInsurgents_64CEC8E005828E5D/addon.gproj' guid: '64CEC8E005828E5D' (packed)
16:56:49.073    ENGINE       : gproj: 'C:/Users/jaco5/Documents/My Games/ArmaReforger/addons/MikesUI_B3F91C6A4E275D08/addon.gproj' guid: 'B3F91C6A4E275D08' (packed)
16:56:49.073    ENGINE       : gproj: 'C:/Users/jaco5/Documents/My Games/ArmaReforger/addons/ModularVoiceRange_648297C0F03CE43A/addon.gproj' guid: '648297C0F03CE43A' (packed)
16:56:49.073    ENGINE       : gproj: 'C:/Users/jaco5/Documents/My Games/ArmaReforger/addons/NoWeaponDropUnconscious_60612C225328522E/addon.gproj' guid: '60612C225328522E' (packed)
16:56:49.073    ENGINE       : gproj: 'C:/Users/jaco5/Documents/My Games/ArmaReforger/addons/NTFBasic_65A104ABB3A3AA92/addon.gproj' guid: '65A104ABB3A3AA92' (packed)
16:56:49.073    ENGINE       : gproj: 'C:/Users/jaco5/Documents/My Games/ArmaReforger/addons/NTFServerTracker-New_69AEB37757AE2239/NTF_ServerTracker.gproj' guid: '69AEB37757AE2239' (packed)
16:56:49.073    ENGINE       : gproj: 'C:/Users/jaco5/Documents/My Games/ArmaReforger/addons/NTFVoice_689D68CAD25BC03D/addon.gproj' guid: '689D68CAD25BC03D' (packed)
16:56:49.074    ENGINE       : gproj: 'C:/Users/jaco5/Documents/My Games/ArmaReforger/addons/OpsTrack_6660ABEECE887CC5/addon.gproj' guid: '6660ABEECE887CC5' (packed)
16:56:49.074    ENGINE       : gproj: 'C:/Users/jaco5/Documents/My Games/ArmaReforger/addons/OPZargabadRaid_6A126ADCB39EECB3/addon.gproj' guid: '6A126ADCB39EECB3' (packed)
16:56:49.074    ENGINE       : gproj: 'C:/Users/jaco5/Documents/My Games/ArmaReforger/addons/OutsideTerrainCore_61F0D506562D9BC9/addon.gproj' guid: '61F0D506562D9BC9' (packed)
16:56:49.074    ENGINE       : gproj: 'C:/Users/jaco5/Documents/My Games/ArmaReforger/addons/PlayerMapMarkers_5E92F5A4A1B75A75/addon.gproj' guid: '5E92F5A4A1B75A75' (packed)
16:56:49.074    ENGINE       : gproj: 'C:/Users/jaco5/Documents/My Games/ArmaReforger/addons/RHS-ContentPack01_1337C0DE5DABBEEF/addon.gproj' guid: '1337C0DE5DABBEEF' (packed)
16:56:49.074    ENGINE       : gproj: 'C:/Users/jaco5/Documents/My Games/ArmaReforger/addons/RHS-ContentPack02_BADC0DEDABBEDA5E/addon.gproj' guid: 'BADC0DEDABBEDA5E' (packed)
16:56:49.074    ENGINE       : gproj: 'C:/Users/jaco5/Documents/My Games/ArmaReforger/addons/RHS-StatusQuo_595F2BF2F44836FB/addon.gproj' guid: '595F2BF2F44836FB' (packed)
16:56:49.074    ENGINE       : gproj: 'C:/Users/jaco5/Documents/My Games/ArmaReforger/addons/RiptideMQ9_6A06151E0B217C93/addon.gproj' guid: '6A06151E0B217C93' (packed)
16:56:49.074    ENGINE       : gproj: 'C:/Users/jaco5/Documents/My Games/ArmaReforger/addons/SagesFramework_8CBB11B3B769A055/SagesFramework.gproj' guid: '8CBB11B3B769A055' (packed)
16:56:49.074    ENGINE       : gproj: 'C:/Users/jaco5/Documents/My Games/ArmaReforger/addons/ServerAdminTools_5AAAC70D754245DD/addon.gproj' guid: '5AAAC70D754245DD' (packed)
16:56:49.074    ENGINE       : gproj: 'C:/Users/jaco5/Documents/My Games/ArmaReforger/addons/ServerRulesQuiz_5C3B9E8A7D1F4C2B/addon.gproj' guid: '5C3B9E8A7D1F4C2B' (packed)
16:56:49.074    ENGINE       : gproj: 'C:/Users/jaco5/Documents/My Games/ArmaReforger/addons/SHEnhancedCombatEffects_69C34933FD556CEF/addon.gproj' guid: '69C34933FD556CEF' (packed)
16:56:49.075    ENGINE       : gproj: 'C:/Users/jaco5/Documents/My Games/ArmaReforger/addons/SpaceCore_5E389BB9F58B79A6/addon.gproj' guid: '5E389BB9F58B79A6' (packed)
16:56:49.075    ENGINE       : gproj: 'C:/Users/jaco5/Documents/My Games/ArmaReforger/addons/T-72MainBattleTank_5E0AB16BEB16D6A4/addon.gproj' guid: '5E0AB16BEB16D6A4' (packed)
16:56:49.075    ENGINE       : gproj: 'C:/Users/jaco5/Documents/My Games/ArmaReforger/addons/Takistan_615EEBD9BDFEEE9B/addon.gproj' guid: '615EEBD9BDFEEE9B' (packed)
16:56:49.075    ENGINE       : gproj: 'C:/Users/jaco5/Documents/My Games/ArmaReforger/addons/TFUDisableGMBudgets_657E2435156A097F/addon.gproj' guid: '657E2435156A097F' (packed)
16:56:49.075    ENGINE       : gproj: 'C:/Users/jaco5/Documents/My Games/ArmaReforger/addons/TraceVehCore_632F64CB7D65D1FC/addon.gproj' guid: '632F64CB7D65D1FC' (packed)
16:56:49.075    ENGINE       : gproj: 'C:/Users/jaco5/Documents/My Games/ArmaReforger/addons/WalkingSpeedIndicator_6A1E9F43B2C74D18/addon.gproj' guid: '6A1E9F43B2C74D18' (packed)
16:56:49.075    ENGINE       : gproj: 'C:/Users/jaco5/Documents/My Games/ArmaReforger/addons/WCS_AH-6M_6273146ADFE8241D/addon.gproj' guid: '6273146ADFE8241D' (packed)
16:56:49.075    ENGINE       : gproj: 'C:/Users/jaco5/Documents/My Games/ArmaReforger/addons/WCS_Armaments_629B2BA37EFFD577/addon.gproj' guid: '629B2BA37EFFD577' (packed)
16:56:49.076    ENGINE       : gproj: 'C:/Users/jaco5/Documents/My Games/ArmaReforger/addons/WCS_Attachments_61C74A8B647617DA/addon.gproj' guid: '61C74A8B647617DA' (packed)
16:56:49.076    ENGINE       : gproj: 'C:/Users/jaco5/Documents/My Games/ArmaReforger/addons/WCS_Earplugs_612F512CD4CB21D5/addon.gproj' guid: '612F512CD4CB21D5' (packed)
16:56:49.076    ENGINE       : gproj: 'C:/Users/jaco5/Documents/My Games/ArmaReforger/addons/WCS_NATO_615806DC6C57AF02/addon.gproj' guid: '615806DC6C57AF02' (packed)
16:56:49.076    ENGINE       : gproj: 'C:/Users/jaco5/Documents/My Games/ArmaReforger/addons/WCS_RU_615818DA7C0343FD/addon.gproj' guid: '615818DA7C0343FD' (packed)
16:56:49.077    ENGINE       : gproj: 'C:/Users/jaco5/Documents/My Games/ArmaReforger/addons/WCS_Scopes_62A668F513428630/addon.gproj' guid: '62A668F513428630' (packed)
16:56:49.077    ENGINE       : gproj: 'C:/Users/jaco5/Documents/My Games/ArmaReforger/addons/WCS_Sounds_631C3C1AEE9C90BC/addon.gproj' guid: '631C3C1AEE9C90BC' (packed)
16:56:49.077    ENGINE       : gproj: 'C:/Users/jaco5/Documents/My Games/ArmaReforger/addons/WCS_VehicleLock_61BA4EB5C886D396/addon.gproj' guid: '61BA4EB5C886D396' (packed)
16:56:49.077    ENGINE       : gproj: 'C:/Users/jaco5/Documents/My Games/ArmaReforger/addons/WCS_Weapons_65CF7AE8574E06D2/addon.gproj' guid: '65CF7AE8574E06D2' (packed)
16:56:49.077    ENGINE       : gproj: 'C:/Users/jaco5/Documents/My Games/ArmaReforger/addons/WCS_Weapon_Scripts_68F006D910E7546F/addon.gproj' guid: '68F006D910E7546F' (packed)
16:56:49.077    ENGINE       : gproj: 'C:/Users/jaco5/Documents/My Games/ArmaReforger/addons/XimsInsurgents_69A6E371DAA7BCFC/addon.gproj' guid: '69A6E371DAA7BCFC' (packed)
16:56:49.077    ENGINE       : gproj: 'C:/Users/jaco5/Documents/My Games/ArmaReforger/addons/XimsLoadoutEditor_68909A97C613D81C/addon.gproj' guid: '68909A97C613D81C' (packed)
16:56:49.077    ENGINE       : gproj: 'C:/Users/jaco5/Documents/My Games/ArmaReforger/addons/Zargabad_662B602B3F823F27/addon.gproj' guid: '662B602B3F823F27' (packed)
16:56:49.077    ENGINE       : gproj: 'C:/Users/jaco5/Documents/My Games/ArmaReforger/addons/ZSU-23-4Shilka_62D15D0025AE021B/addon.gproj' guid: '62D15D0025AE021B' (packed)
16:56:49.078    ENGINE       : gproj: 'C:/Users/jaco5/Documents/My Games/ArmaReforgerWorkbench/addons/Expanded Saline Bags - AMF/addon.gproj' guid: '6A0D301D193ECB25'
16:56:49.078    ENGINE       : gproj: 'C:/Users/jaco5/Documents/My Games/ArmaReforgerWorkbench/addons/Expanded Saline Bags - RHS/addon.gproj' guid: '6A0D35D2B4808E62'
16:56:49.078    ENGINE       : gproj: 'C:/Users/jaco5/Documents/My Games/ArmaReforgerWorkbench/addons/Expanded Saline Bags - UK/addon.gproj' guid: '6A0D3D1BA4CE288F'
16:56:49.078    ENGINE       : gproj: 'C:/Users/jaco5/Documents/My Games/ArmaReforgerWorkbench/addons/France Loadouts by Relaxo/addon.gproj' guid: '687B06328B577A98'
16:56:49.078    ENGINE       : gproj: 'C:/Users/jaco5/Documents/My Games/ArmaReforgerWorkbench/addons/GMVehicleLock/addon.gproj' guid: 'A83D91C74F2E6B50'
16:56:49.078    ENGINE       : gproj: 'C:/Users/jaco5/Documents/My Games/ArmaReforgerWorkbench/addons/In God We Trust/addon.gproj' guid: '69770C017B580714'
16:56:49.078    ENGINE       : gproj: 'C:/Users/jaco5/Documents/My Games/ArmaReforgerWorkbench/addons/OperationKitKat/addon.gproj' guid: '6A231C34A4CF289E'
16:56:49.079   ENGINE       : FileSystem: Adding relative directory 'C:\Users\jaco5\Documents\My Games\ArmaReforgerWorkbench\addons\Oaschloch\RAMI_AdvancedMedicalInterface' to filesystem under name RAMI_AdvancedMedicalInterface
16:56:49.079   ENGINE       : FileSystem: Adding package 'C:/Users/jaco5/Documents/My Games/ArmaReforger/addons/ExpandedSalineBags_6A05287AF042071B/' (pak count: 1) to filesystem under name ExpandedSalineBags
16:56:49.080   ENGINE       : FileSystem: Adding package 'C:/Users/jaco5/Documents/My Games/ArmaReforger/addons/ACECarryingDev_65AD7C379CBD394D/' (pak count: 1) to filesystem under name ACE_Carrying_Dev
16:56:49.080   ENGINE       : FileSystem: Adding package 'C:/Users/jaco5/Documents/My Games/ArmaReforger/addons/ACEMedicalHitzonesDev_65B343F799FB521B/' (pak count: 1) to filesystem under name ACE_Medical_Hitzones_Dev
16:56:49.082   ENGINE       : FileSystem: Adding package 'C:/Users/jaco5/Documents/My Games/ArmaReforger/addons/ACEMedicalCirculationDev_65AD7D4F994EA327/' (pak count: 1) to filesystem under name ACE_Medical_Circulation_Dev
16:56:49.083   ENGINE       : FileSystem: Adding package 'C:/Users/jaco5/Documents/My Games/ArmaReforger/addons/ACEMedicalCoreDev_6586079789278413/' (pak count: 1) to filesystem under name ACE_Medical_Core_Dev
16:56:49.085   ENGINE       : FileSystem: Adding package 'C:/Users/jaco5/Documents/My Games/ArmaReforger/addons/ACECoreDev_65AD7D0D9941A380/' (pak count: 1) to filesystem under name ACE_Core_Dev
16:56:49.215   ENGINE       : FileSystem: Adding package 'C:/Program Files (x86)/Steam/steamapps/common/Arma Reforger/addons/data/' (pak count: 14) to filesystem under name ArmaReforger
16:56:49.220   ENGINE       : FileSystem: Adding package 'C:/Program Files (x86)/Steam/steamapps/common/Arma Reforger/addons/core/' (pak count: 2) to filesystem under name core
16:56:49.220   ENGINE       : CPU vendor         : GenuineIntel
16:56:49.221   ENGINE       : CPU type           : 1
16:56:49.221   ENGINE       : CPU name           : Intel(R) Core(TM) i7-9750H CPU @ 2.60GHz
16:56:49.221   ENGINE       : CPU cache info     : L1 [Inst 32KB, Data 32KB], L2 [Unif 256KB], L3 [Unif 12288KB]
16:56:49.221   ENGINE       : CPU count logical  : 12
16:56:49.221   ENGINE       : CPU count physical : 6
16:56:49.221   ENGINE       : CPU features       : mmx sse sse2 sse3 ssse3 sse4_1 sse4_2 popcnt aesni pclmulqdq osxsave avx avx2
16:56:49.221   RESOURCES    : ResourceDB: loading cache (id=0 name=RAMI_AdvancedMedicalInterface path=C:\Users\jaco5\Documents\My Games\ArmaReforgerWorkbench\addons\Oaschloch\RAMI_AdvancedMedicalInterface/resourceDatabase.rdb)
16:56:49.222   RESOURCES    : ResourceDB: loading cache (id=1 name=ExpandedSalineBags path=C:/Users/jaco5/Documents/My Games/ArmaReforger/addons/ExpandedSalineBags_6A05287AF042071B/resourceDatabase.rdb)
16:56:49.222   RESOURCES    : ResourceDB: loading cache (id=2 name=ACE_Carrying_Dev path=C:/Users/jaco5/Documents/My Games/ArmaReforger/addons/ACECarryingDev_65AD7C379CBD394D/resourceDatabase.rdb)
16:56:49.223   RESOURCES    : ResourceDB: loading cache (id=3 name=ACE_Medical_Hitzones_Dev path=C:/Users/jaco5/Documents/My Games/ArmaReforger/addons/ACEMedicalHitzonesDev_65B343F799FB521B/resourceDatabase.rdb)
16:56:49.223   RESOURCES    : ResourceDB: loading cache (id=4 name=ACE_Medical_Circulation_Dev path=C:/Users/jaco5/Documents/My Games/ArmaReforger/addons/ACEMedicalCirculationDev_65AD7D4F994EA327/resourceDatabase.rdb)
16:56:49.223   RESOURCES    : ResourceDB: loading cache (id=5 name=ACE_Medical_Core_Dev path=C:/Users/jaco5/Documents/My Games/ArmaReforger/addons/ACEMedicalCoreDev_6586079789278413/resourceDatabase.rdb)
16:56:49.224   RESOURCES    : ResourceDB: loading cache (id=6 name=ACE_Core_Dev path=C:/Users/jaco5/Documents/My Games/ArmaReforger/addons/ACECoreDev_65AD7D0D9941A380/resourceDatabase.rdb)
16:56:49.225   RESOURCES    : ResourceDB: loading cache (id=7 name=ArmaReforger path=C:/Program Files (x86)/Steam/steamapps/common/Arma Reforger/addons/data/resourceDatabase.rdb)
16:56:49.375   RESOURCES    : ResourceDB: loading cache (id=8 name=core path=C:/Program Files (x86)/Steam/steamapps/common/Arma Reforger/addons/core/resourceDatabase.rdb)
16:56:49.377   RESOURCES    : ResourceDB: loading cache (id=9 name=profile path=C:\Users\jaco5\Documents\My Games\ArmaReforgerWorkbench\profile/resourceDatabase.rdb)
16:56:49.547    RESOURCES    : RESOURCES    : ResourceDB: full scan
16:56:49.551     RESOURCES    : RESOURCES    : scanning...
16:56:49.552      RESOURCES    : RESOURCES    : scanning @"RAMI_AdvancedMedicalInterface"
16:56:49.553      RESOURCES    : RESOURCES    : scanning @"ExpandedSalineBags"
16:56:49.555      RESOURCES    : RESOURCES    : scanning @"ACE_Carrying_Dev"
16:56:49.556      RESOURCES    : RESOURCES    : scanning @"ACE_Medical_Hitzones_Dev"
16:56:49.558      RESOURCES    : RESOURCES    : scanning @"ACE_Medical_Circulation_Dev"
16:56:49.561      RESOURCES    : RESOURCES    : scanning @"ACE_Medical_Core_Dev"
16:56:49.563      RESOURCES    : RESOURCES    : scanning @"ACE_Core_Dev"
16:56:49.565      RESOURCES    : RESOURCES    : scanning @"ArmaReforger"
16:56:49.695      RESOURCES    : RESOURCES    : scanning @"core"
16:56:49.698      RESOURCES    : RESOURCES    : scanning @"profile"
16:56:49.700     RESOURCES    : RESOURCES    : processing meta-files...
16:56:49.701 INIT         : Workbench startup
16:56:49.701  INIT         : Workbench Init Engine
16:56:49.701   RESOURCES    : ResourceDB: full scan
16:56:49.701    RESOURCES    : processing meta-files...
16:56:49.702     RESOURCES (E): metafile without corresponding resource: '$RAMI_AdvancedMedicalInterface:UI/Textures/RAMI_BodyZones/RAMI_Tourniquet.edds.meta'
16:56:49.759     RESOURCES    : RESOURCES    : processing files...
16:56:49.764    RESOURCES    : processing files...
16:56:49.765     RESOURCES (W): resource not registered: @"$profile:AmbientSpawnConfig/config.json". Setting null GUID
16:56:49.765     RESOURCES (W): resource not registered: @"$profile:AmbientSpawnConfig/Templates/conflict_pve_ravage.json". Setting null GUID
16:56:49.765     RESOURCES (W): resource not registered: @"$profile:AmbientSpawnConfig/Templates/conflict_pve_robots.json". Setting null GUID
16:56:49.765     RESOURCES (W): resource not registered: @"$profile:AmbientSpawnConfig/Templates/conflict_ravage_as_fia.json". Setting null GUID
16:56:49.765     RESOURCES (W): resource not registered: @"$profile:AmbientSpawnConfig/Templates/default.json". Setting null GUID
16:56:49.766     RESOURCES (W): resource not registered: @"$profile:AmbientSpawnConfig/Templates/default_pve.json". Setting null GUID
16:56:49.766     RESOURCES (W): resource not registered: @"$profile:ArmaStatsBot/config.json". Setting null GUID
16:56:49.766     RESOURCES (W): resource not registered: @"$profile:ArmaStatsBot/global_2026_02.json". Setting null GUID
16:56:49.766     RESOURCES (W): resource not registered: @"$profile:ArmaStatsBot/global_2026_03.json". Setting null GUID
16:56:49.767     RESOURCES (W): resource not registered: @"$profile:ArmaStatsBot/global_2026_04.json". Setting null GUID
16:56:49.767     RESOURCES (W): resource not registered: @"$profile:ArmaStatsBot/playerstats.json". Setting null GUID
16:56:49.767     RESOURCES (W): resource not registered: @"$profile:CMPlayerStatsHUD/16e0b884-a2f2-49c5-a722-3b44148f8b26_playerstats.json". Setting null GUID
16:56:49.767     RESOURCES (W): resource not registered: @"$profile:CMPlayerStatsHUD/AdminServerSettings/AdminCanPromoteDemote.json". Setting null GUID
16:56:49.768     RESOURCES (W): resource not registered: @"$profile:CMPlayerStatsHUD/AdminServerSettings/AdminCanPromoteDemoteExemptions.json". Setting null GUID
16:56:49.768     RESOURCES (W): resource not registered: @"$profile:CMPlayerStatsHUD/AdminServerSettings/AdminCanPromoteDemoteExemptionsList.json". Setting null GUID
16:56:49.768     RESOURCES (W): resource not registered: @"$profile:CMPlayerStatsHUD/AdminServerSettings/OneTimeWipeAllPlayerXP.json". Setting null GUID
16:56:49.768     RESOURCES (W): resource not registered: @"$profile:CMPlayerStatsHUD/AdminServerSettings/PersistentRanks.json". Setting null GUID
16:56:49.769     RESOURCES (W): resource not registered: @"$profile:CMPlayerStatsHUD/AdminServerSettings/PlayerStatsSubMenuVisibility.json". Setting null GUID
16:56:49.769     RESOURCES (W): resource not registered: @"$profile:CMPlayerStatsHUD/AdminServerSettings/PunishAdminsForTeamKills.json". Setting null GUID
16:56:49.769     RESOURCES (W): resource not registered: @"$profile:CMPlayerStatsHUD/AdminServerSettings/RemoveVehicleKillsFromKDRatio.json". Setting null GUID
16:56:49.770     RESOURCES (W): resource not registered: @"$profile:CMPlayerStatsHUD/AdminServerSettings/SavingMethod.json". Setting null GUID
16:56:49.770     RESOURCES (W): resource not registered: @"$profile:CMPlayerStatsHUD/AdminServerSettings/ScenarioEndWipePlayerStats.json". Setting null GUID
16:56:49.770     RESOURCES (W): resource not registered: @"$profile:CMPlayerStatsHUD/AdminServerSettings/ScenarioEndWipePlayerXP.json". Setting null GUID
16:56:49.770     RESOURCES (W): resource not registered: @"$profile:CMPlayerStatsHUD/AdminServerSettings/ServerStartWipePlayerXP.json". Setting null GUID
16:56:49.771     RESOURCES (W): resource not registered: @"$profile:CMPlayerStatsHUD/AdminServerSettings/StatsAreOnlyVisibleInOwnHQ.json". Setting null GUID
16:56:49.771     RESOURCES (W): resource not registered: @"$profile:CMPlayerStatsHUD/AdminServerSettings/WipePlayerStatsExemptions.json". Setting null GUID
16:56:49.771     RESOURCES (W): resource not registered: @"$profile:CMPlayerStatsHUD/AdminServerSettings/WipeXPExemptions.json". Setting null GUID
16:56:49.771     RESOURCES (W): resource not registered: @"$profile:CMSquadRadioSound/player_ui_settings.json". Setting null GUID
16:56:49.772     RESOURCES (W): resource not registered: @"$profile:DEH_RealTimeSyncConfig.json". Setting null GUID
16:56:49.772     RESOURCES (W): resource not registered: @"$profile:GM_Tools/gm_tools_config.json". Setting null GUID
16:56:49.772     RESOURCES (W): resource not registered: @"$profile:GRS_ATAK/grs_atak.json". Setting null GUID
16:56:49.772     RESOURCES (W): resource not registered: @"$profile:GRS_ATAK/players/16e0b884-a2f2-49c5-a722-3b44148f8b26.json". Setting null GUID
16:56:49.772     RESOURCES (W): resource not registered: @"$profile:GRS_ATAK/profile.json". Setting null GUID
16:56:49.772     RESOURCES (W): resource not registered: @"$profile:GRS_ATAK/server_config.json". Setting null GUID
16:56:49.772     RESOURCES (W): resource not registered: @"$profile:IRRU_RFPropagation.json". Setting null GUID
16:56:49.774     RESOURCES (W): resource not registered: @"$profile:LAG_server_restarter_config.json". Setting null GUID
16:56:49.774     RESOURCES (W): resource not registered: @"$profile:LinearConflictPVEConfig/LCPConfig.json". Setting null GUID
16:56:49.774     RESOURCES (W): resource not registered: @"$profile:LinearConflictPVEConfig/LCPProgress.json". Setting null GUID
16:56:49.774     RESOURCES (W): resource not registered: @"$profile:OpsTrackSettings.json". Setting null GUID
16:56:49.775     RESOURCES (W): resource not registered: @"$profile:PlayerStatsList/PlayerStats.json". Setting null GUID
16:56:49.775     RESOURCES (W): resource not registered: @"$profile:PlayerStatsList/WebHook_config.json". Setting null GUID
16:56:49.775     RESOURCES (W): resource not registered: @"$profile:PlayerStatsList/WH_killFeed.json". Setting null GUID
16:56:49.776     RESOURCES (W): resource not registered: @"$profile:PlayerStatsList/WH_livestats.json". Setting null GUID
16:56:49.776     RESOURCES (W): resource not registered: @"$profile:PlayerStatsList/WH_status&chat.json". Setting null GUID
16:56:49.776     RESOURCES (W): resource not registered: @"$profile:RadioData.json". Setting null GUID
16:56:49.776     RESOURCES (W): resource not registered: @"$profile:SavingMarkers/SM_Drawings_default.json". Setting null GUID
16:56:49.777     RESOURCES (W): resource not registered: @"$profile:SavingMarkers/SM_Markers2_default.json". Setting null GUID
16:56:49.777     RESOURCES (W): resource not registered: @"$profile:ServerAdminTools_Config.json". Setting null GUID
16:56:49.777     RESOURCES (W): resource not registered: @"$profile:ServerAdminTools_Stats.json". Setting null GUID
16:56:49.777     RESOURCES (W): resource not registered: @"$profile:ServerRulesQuiz/ServerRulesConfig.json". Setting null GUID
16:56:49.778     RESOURCES (W): resource not registered: @"$profile:VONData.json". Setting null GUID
16:56:49.778     RESOURCES (W): resource not registered: @"$profile:VONServerData.json". Setting null GUID
16:56:49.778     RESOURCES (W): resource not registered: @"$profile:vPad/Settings.json". Setting null GUID
16:56:49.778     RESOURCES (W): resource not registered: @"$profile:WalkingSpeedIndicator/WalkingSpeedIndicatorConfig.json". Setting null GUID
16:56:49.779     RESOURCES    : RESOURCES    : processing folders...
16:56:49.786     RESOURCES    : RESOURCES    : creating GUID-item mapping...
16:56:49.800     RESOURCES    : RESOURCES    : building tree...
16:56:49.849   PROFILING    : ResourceDB: full scan took: 301.921200 ms
16:56:49.851   RESOURCES    : ResourceDB: saving cache (id=0 name=RAMI_AdvancedMedicalInterface path=C:\Users\jaco5\Documents\My Games\ArmaReforgerWorkbench\addons\Oaschloch\RAMI_AdvancedMedicalInterface/resourceDatabase.rdb)
16:56:49.853   RESOURCES    : ResourceDB: written 6277/6277 bytes
16:56:49.853   RESOURCES    : ResourceDB: cache successfully saved
16:56:49.853   RESOURCES    : ResourceDB: saving cache (id=9 name=profile path=C:\Users\jaco5\Documents\My Games\ArmaReforgerWorkbench\profile/resourceDatabase.rdb)
16:56:49.854   RESOURCES (E): ResourceDB: could not open cache file
16:56:49.854   ENGINE       : GameProject load
16:56:49.854    ENGINE       : Loaded addons:
16:56:49.854     ENGINE       : gproj: 'C:/Program Files (x86)/Steam/steamapps/common/Arma Reforger/addons/core/core.gproj' guid: '5614BBCCBB55ED1C'
16:56:49.854     ENGINE       : gproj: 'C:/Program Files (x86)/Steam/steamapps/common/Arma Reforger/addons/data/ArmaReforger.gproj' guid: '58D0FB3206B6F859'
16:56:49.856     ENGINE       : gproj: 'C:/Users/jaco5/Documents/My Games/ArmaReforger/addons/ACECoreDev_65AD7D0D9941A380/dev.gproj' guid: '65AD7D0D9941A380'
16:56:49.856     ENGINE       : gproj: 'C:/Users/jaco5/Documents/My Games/ArmaReforger/addons/ACEMedicalCoreDev_6586079789278413/dev.gproj' guid: '6586079789278413'
16:56:49.856     ENGINE       : gproj: 'C:/Users/jaco5/Documents/My Games/ArmaReforger/addons/ACEMedicalCirculationDev_65AD7D4F994EA327/dev.gproj' guid: '65AD7D4F994EA327'
16:56:49.856     ENGINE       : gproj: 'C:/Users/jaco5/Documents/My Games/ArmaReforger/addons/ACEMedicalHitzonesDev_65B343F799FB521B/dev.gproj' guid: '65B343F799FB521B'
16:56:49.856     ENGINE       : gproj: 'C:/Users/jaco5/Documents/My Games/ArmaReforger/addons/ACECarryingDev_65AD7C379CBD394D/dev.gproj' guid: '65AD7C379CBD394D'
16:56:49.856     ENGINE       : gproj: 'C:/Users/jaco5/Documents/My Games/ArmaReforger/addons/ExpandedSalineBags_6A05287AF042071B/addon.gproj' guid: '6A05287AF042071B'
16:56:49.856     ENGINE       : gproj: 'C:/Users/jaco5/Documents/My Games/ArmaReforgerWorkbench/addons/Oaschloch/RAMI_AdvancedMedicalInterface/RAMI_AdvancedMedicalInterface.gproj' guid: 'D36C5B996922FFDE'
16:56:49.864   ENGINE       : GameProject load
16:56:49.864    INIT         : GameProject load project data @"C:/Users/jaco5/Documents/My Games/ArmaReforger/addons/ACECoreDev_65AD7D0D9941A380/dev.gproj"
16:56:49.865     RESOURCES (E): Wrong GUID/name for resource @"{DE0B68C7B4B0E89C}Language/ACE_localization.st" in property "StringTableSource"
16:56:49.865    INIT         : GameProject load project data @"C:/Users/jaco5/Documents/My Games/ArmaReforger/addons/ACEMedicalCoreDev_6586079789278413/dev.gproj"
16:56:49.867     RESOURCES (E): Wrong GUID/name for resource @"{D393C26C894B1404}Language/ACE_Medical_Core_localization.st" in property "StringTableSource"
16:56:49.867    INIT         : GameProject load project data @"C:/Users/jaco5/Documents/My Games/ArmaReforger/addons/ACEMedicalCirculationDev_65AD7D4F994EA327/dev.gproj"
16:56:49.867     RESOURCES (E): Wrong GUID/name for resource @"{0780D43A82968920}Language/ACE_Medical_Circulation_localization.st" in property "StringTableSource"
16:56:49.868    INIT         : GameProject load project data @"C:/Users/jaco5/Documents/My Games/ArmaReforger/addons/ACECarryingDev_65AD7C379CBD394D/dev.gproj"
16:56:49.868     RESOURCES (E): Wrong GUID/name for resource @"{2E272B1D21C4446A}Language/ACE_Carrying_localization.st" in property "StringTableSource"
16:56:49.868   ENGINE       : No Enfusion settings file loaded. Continuing with defaults
16:56:50.043   RENDER       : (OK) Adapter 'NVIDIA GeForce RTX 2060' supports feature level 12_0
16:56:50.057   RENDER       : (OK) Adapter 'Intel(R) UHD Graphics 630' supports feature level 12_0
16:56:50.059   RENDER       : Adapter 1 (Intel(R) UHD Graphics 630) failed to provide some output
16:56:50.060   RENDER       : Basic screen setup:
16:56:50.060   RENDER       :   Back buffer format	       : TEXFMT_R8G8B8A8_SRGB (29)
16:56:50.060   RENDER       :   MSAA                      : none
16:56:50.067   RENDER       : Driver for NVIDIA GeForce RTX 2060 is from 22.7.2026 (1 month, 2 days old)
16:56:50.067   RENDER       : GPU_NVIDIA (0x10DE) (NVIDIA GeForce RTX 2060) with 1 GPU detected, VRAM 5955MB (fast 0MB), shared 8116MB, driver version 610.88
16:56:50.067   RENDER       : Detected output devices:
16:56:50.068   RENDER       :  * 1 device/s connected to NVIDIA GeForce RTX 2060:
16:56:50.068   RENDER       :    Generic PnP Monitor (\\.\DISPLAY1), 1920x1080 (offset 0x0), 144Hz
16:56:50.068   RENDER       :  * no output device connected to Intel(R) UHD Graphics 630
16:56:50.068   RENDER       :   Concurrent frames limit 2
16:56:52.888   RENDER       : Graphics device features
16:56:52.888   RENDER       :  Needed:
16:56:52.888   RENDER       :  * Highest supported shader model: 6.8 (6.0 needed)
16:56:52.890   RENDER       :  Optional:
16:56:52.890   RENDER       :  * Allow tearing (VSYNC) : 1
16:56:52.890   RENDER       :  * 16 bits : 1
16:56:52.890   RENDER       :  * Resource heap tier : 3
16:56:52.890   RENDER       :  * Persistent heaps (DRED) : 1
16:56:52.890   RENDER       :  * DRED 1.2 is supported by compiler
16:56:52.965   RENDER       : Main RT format setup.
16:56:52.965   RENDER       :   Main RT format for quality 0	: TEXFMT_R11G11B10_FLOAT (26)
16:56:52.965   RENDER       :   Main RT format for quality 1	: TEXFMT_R16G16B16A16_FLOAT (10)
16:56:52.986   ENGINE       : Job system settings: coreCount=12, shortJobContextCount=12, shortJobThreadCount=11, longJobThreadCount=12
16:56:53.010   PROFILING    : Settings changed took: 0.021700 ms
16:56:53.034 AUDIO        : Endpoint: Kopfhörer (Sound Blaster G3)
16:56:53.034 AUDIO        :  Format: Channels: 2, Sample rate: 48kHz, Avg. bytes: 384kB, Sample bits: 32, Block align: 8B
16:56:53.035 AUDIO        : Audio client:
16:56:53.035 AUDIO        :  Format: Channels: 2, Sample rate: 48kHz, Buffer size: 1536B, Frame: 512
16:56:53.040    RENDER       : RENDER       : Reload shaders
16:56:53.040    RENDER       : Enfusion shader version 10
16:56:53.041     INIT         : INIT         : ShaderListReload
16:56:53.041    PROFILING    : ShaderListReload took: 0.000800 ms
16:56:53.160 AUDIO        : Endpoint: Kopfhörer (Sound Blaster G3)
16:56:53.160 AUDIO        :  Format: Channels: 2, Sample rate: 48kHz, Avg. bytes: 384kB, Sample bits: 32, Block align: 8B
16:56:53.161 AUDIO        : Audio client:
16:56:53.161 AUDIO        :  Format: Channels: 2, Sample rate: 48kHz, Buffer size: 1536B, Frame: 512
16:56:53.314    RENDER       : Loaded 3746 newer shader binaries
16:56:53.314   PROFILING    : Reload shaders took: 273.064000 ms
16:56:53.314   ENGINE       : Initializing inputs.
16:56:53.341   NETWORK      : Initializing networking.
16:56:53.342   NETWORK      : Using new GameRplScheduler.
16:56:53.342    SCRIPT       : SCRIPT       : Initializing scripts
16:56:53.342     SCRIPT       : SCRIPT       : ScriptProjectManager init
16:56:53.620    PROFILING    : ScriptProjectManager init took: 276.188300 ms
16:56:53.642   PROFILING    : Initializing scripts took: 300.311000 ms
16:56:53.660   ENGINE       : Enfusion engine successfully created.
16:56:53.661  PROFILING    : Workbench Init Engine took: 4641.780100 ms
16:56:53.661   INIT         : INIT         : Workbench Create Game
16:56:53.682   GUI          : Using default language (en_us)
16:56:53.682   GUI          : Loading 'en_us' localization file.
16:56:53.682    INIT         : INIT         : Loading StringTable
16:56:53.713   PROFILING    : Loading StringTable took: 29.178500 ms
16:56:53.713    SCRIPT       : SCRIPT       : Compiling GameLib scripts
16:56:53.770    SCRIPT       : Module: Workbench; loaded 18x files; 36x classes; used 125K of static memory; defines: "ENF_WB,WORKBENCH,PLATFORM_WINDOWS,ENABLE_DIAG,ENF_ENABLE_VHC_OVERRIDE,ENF_ENABLE_RPLCOMPONENT_IN_GAMECODE"; CRC32: 90ce0460
16:56:53.772    SCRIPT       : Module: GameLib; loaded 465x files; 648x classes; used 828K of static memory; defines: "ENF_WB,WORKBENCH,PLATFORM_WINDOWS,ENABLE_DIAG,ENF_ENABLE_VHC_OVERRIDE,ENF_ENABLE_RPLCOMPONENT_IN_GAMECODE"; CRC32: 4507af04
16:56:53.773   PROFILING    : Compiling GameLib scripts took: 59.720800 ms
16:56:53.773    SCRIPT       : SCRIPT       : Compiling Game scripts
16:56:54.573  INIT         : Workbench Create Game
16:56:54.573   SCRIPT       : Compiling Game scripts
16:56:54.573    SCRIPT    (W): @"Scripts/Game/ACE_Core/FSM/ACE_FSM_Machine.c,187": Implicit conversion of 'ACE_FSM_IState<ACE_Medical_CharacterContext>' to 'int' yields a conditional expression result of either 0 or 1.
16:56:54.809    SCRIPT    (W): @"Scripts/Game/Editor/Components/EditableEntity/SCR_EditableEntityComponent.c,785": 'GetPlayerPlatformKind' is obsolete
16:56:54.809    SCRIPT    (W): @"Scripts/Game/Editor/Components/EditableEntity/SCR_EditableEntityComponent.c,786": 'GetPlayerPlatformId' is obsolete
16:56:55.070    SCRIPT    (W): @"Scripts/Game/Workshop/SCR_AddonManager.c,876": 'GetRefCount' is obsolete: Will be removed
16:56:55.103    SCRIPT    (W): @"Scripts/Game/Campaign/SCR_PlayerProfileManagerComponent.c,142": 'PlayerData' is obsolete
16:56:55.205    SCRIPT    (W): @"Scripts/Game/UI/Backend/CareerBackend.c,159": 'GetDSSession' is obsolete
16:56:55.206    SCRIPT    (W): @"Scripts/Game/UI/Backend/CareerBackend.c,162": 'RoomID' is obsolete
16:56:55.206    SCRIPT    (W): @"Scripts/Game/UI/Backend/CareerBackend.c,197": 'GetDSSession' is obsolete
16:56:55.206    SCRIPT    (W): @"Scripts/Game/UI/Backend/CareerBackend.c,201": 'RoomID' is obsolete
16:56:55.308    SCRIPT    (W): @"Scripts/Game/DataCollection/SCR_DataCollectorComponent.c,481": 'GetStorage' is obsolete
16:56:55.308    SCRIPT    (W): @"Scripts/Game/DataCollection/SCR_DataCollectorComponent.c,483": 'GetOnlineWritePrivilege' is obsolete
16:56:55.310    SCRIPT    (W): @"Scripts/Game/Utilities/SCR_PlayerIdentityUtils.c,20": 'GetPlayerIdentityId' is obsolete
16:56:55.352    SCRIPT    (W): @"Scripts/Game/UI/Menu/MainMenuUI.c,643": 'GetNotifyCount' is obsolete: Will be substitued by Notification Api.
16:56:55.353    SCRIPT    (W): @"Scripts/Game/UI/Menu/MainMenuUI.c,645": 'GetNotifyItem' is obsolete: Will be substitued by Notification Api.
16:56:55.407    SCRIPT    (W): @"Scripts/Game/DataCollection/PlayerData/SCR_PlayerData.c,210": 'PlayerData' is obsolete
16:56:55.426    RESOURCES    : GetResourceObject @"{37578B1666981FCE}Prefabs/Characters/Core/Character_Base.et"
16:56:55.426     WORLD        : Entity prefab load @"{37578B1666981FCE}Prefabs/Characters/Core/Character_Base.et"
16:56:55.427      WORLD     (E): Unknown class 'SCR_ChimeraCharacter' at offset 21(0x15)
16:56:55.427      ENGINE    (W): Can't load prefab Prefabs/Characters/Core/Character_Base.et
16:56:55.427     RESOURCES (E): Failed to load
16:56:55.659    SCRIPT       : Module: WorkbenchGame; loaded 170x files; 615x classes; used 2477K of static memory; defines: "ENF_WB,WORKBENCH,PLATFORM_WINDOWS,ENABLE_DIAG,ENF_ENABLE_VHC_OVERRIDE,ENF_ENABLE_RPLCOMPONENT_IN_GAMECODE"; CRC32: 8db9d524
16:56:55.667    SCRIPT       : Module: Game; loaded 5951x files; 11486x classes; used 33051K of static memory; defines: "ENF_WB,WORKBENCH,PLATFORM_WINDOWS,ENABLE_DIAG,ENF_ENABLE_VHC_OVERRIDE,ENF_ENABLE_RPLCOMPONENT_IN_GAMECODE,ENABLE_BASE_DESTRUCTION,BUDGET_OPTIMIZATION_CHECKS,SHOW_DISCLAIMER,DEBUG,RESPAWN_TIMER_COMPONENT_DEBUG,GAME_MODE_DEBUG,DEBUG_CONFIGURABLE_DIALOGS,DISABLE_WEAPON_SWITCHING,SCRIPTED_AIM_MODIFIER_DEBUG"; CRC32: cd414c9e
16:56:55.723   PROFILING    : Compiling Game scripts took: 1949.657900 ms
16:56:55.728   INIT         : Creating game instance(ArmaReforgerScripted), version 1.8.0.10 built 2026-07-31 15:18:14 UTC.
16:56:55.744   ENGINE    (E): BackendDebug:: cannot create directory ($logs:.backend/)
16:56:55.798   ENGINE       : Game successfully created.
16:56:55.799   PLATFORM  (E): Steamworks: SteamAPI_Init failed. Is Steam running?
16:56:55.799   PLATFORM  (E): Could not initialize platform services.
16:56:55.799  PROFILING    : Workbench Create Game took: 2138.521800 ms
17:02:27.695   ENGINE       : FileSystem: Adding relative directory 'C:\Users\jaco5\Documents\My Games\ArmaReforgerWorkbench\profile' to filesystem under name profile
17:02:27.695   ENGINE       : FileSystem: Current working directory: 'C:\Users\jaco5\Documents\My Games\ArmaReforgerWorkbench\addons\Oaschloch\RAMI_AdvancedMedicalInterface\'
17:02:27.697  PROFILING    : Workbench Create Engine took: 5.443000 ms
17:02:28.715   INIT         : INIT         : Workbench Init Engine
17:02:28.716   DEFAULT      : Change in Qt version detected (unknown -> 6.8.3). Clearing layouts registry.
17:02:28.717   ENGINE       : Initializing engine, version 191843
17:02:28.717   ENGINE       : CLI Params: -gproj C:\Users\jaco5\Documents\My Games\ArmaReforgerWorkbench\addons\Oaschloch\RAMI_AdvancedMedicalInterface\RAMI_AdvancedMedicalInterface.gproj -addonsDir C:\Program Files (x86)\Steam\steamapps\common\Arma Reforger\addons,C:\Users\jaco5\Documents\My Games\ArmaReforger\addons,C:\Users\jaco5\Documents\My Games\ArmaReforgerWorkbench\addons 
17:02:28.759   ENGINE       : Addon dirs:
17:02:28.759    ENGINE       : dir: 'C:/Users/jaco5/Documents/My Games/ArmaReforgerWorkbench/addons/Oaschloch/RAMI_AdvancedMedicalInterface/'
17:02:28.759    ENGINE       : dir: 'C:/Program Files (x86)/Steam/steamapps/common/Arma Reforger/addons'
17:02:28.759    ENGINE       : dir: 'C:/Users/jaco5/Documents/My Games/ArmaReforger/addons'
17:02:28.759    ENGINE       : dir: './addons'
17:02:28.759    ENGINE       : dir: 'C:/Users/jaco5/Documents/My Games/ArmaReforgerWorkbench/addons'
17:02:28.760   ENGINE       : Available addons:
17:02:28.760    ENGINE       : gproj: 'C:/Users/jaco5/Documents/My Games/ArmaReforgerWorkbench/addons/Oaschloch/RAMI_AdvancedMedicalInterface/RAMI_AdvancedMedicalInterface.gproj' guid: 'D36C5B996922FFDE'
17:02:28.760    ENGINE       : gproj: 'C:/Program Files (x86)/Steam/steamapps/common/Arma Reforger/addons/core/core.gproj' guid: '5614BBCCBB55ED1C' (packed)
17:02:28.760    ENGINE       : gproj: 'C:/Program Files (x86)/Steam/steamapps/common/Arma Reforger/addons/data/ArmaReforger.gproj' guid: '58D0FB3206B6F859' (packed)
17:02:28.760    ENGINE       : gproj: 'C:/Users/jaco5/Documents/My Games/ArmaReforger/addons/15thMEUTeleporter_6858E3C74D3CB594/addon.gproj' guid: '6858E3C74D3CB594' (packed)
17:02:28.760    ENGINE       : gproj: 'C:/Users/jaco5/Documents/My Games/ArmaReforger/addons/506IRRU-EnhancedRadio_672B0395726428B6/addon.gproj' guid: '672B0395726428B6' (packed)
17:02:28.760    ENGINE       : gproj: 'C:/Users/jaco5/Documents/My Games/ArmaReforger/addons/506IRRU-GMContactView_684E4A9994D415E5/addon.gproj' guid: '684E4A9994D415E5' (packed)
17:02:28.760    ENGINE       : gproj: 'C:/Users/jaco5/Documents/My Games/ArmaReforger/addons/AccurateMapMarkers_670C26EAB7B57C77/addon.gproj' guid: '670C26EAB7B57C77' (packed)
17:02:28.761    ENGINE       : gproj: 'C:/Users/jaco5/Documents/My Games/ArmaReforger/addons/ACEAllinOneDev_65AD7BE594439A52/dev.gproj' guid: '65AD7BE594439A52' (packed)
17:02:28.761    ENGINE       : gproj: 'C:/Users/jaco5/Documents/My Games/ArmaReforger/addons/ACEBackblastDev_65AD7C139EB4C1A1/dev.gproj' guid: '65AD7C139EB4C1A1' (packed)
17:02:28.761    ENGINE       : gproj: 'C:/Users/jaco5/Documents/My Games/ArmaReforger/addons/ACEBallisticsDev_68F77A54920B80AF/dev.gproj' guid: '68F77A54920B80AF' (packed)
17:02:28.761    ENGINE       : gproj: 'C:/Users/jaco5/Documents/My Games/ArmaReforger/addons/ACECaptivesDev_65AD7C249E4ECDFB/dev.gproj' guid: '65AD7C249E4ECDFB' (packed)
17:02:28.761    ENGINE       : gproj: 'C:/Users/jaco5/Documents/My Games/ArmaReforger/addons/ACECarryingDev_65AD7C379CBD394D/dev.gproj' guid: '65AD7C379CBD394D' (packed)
17:02:28.761    ENGINE       : gproj: 'C:/Users/jaco5/Documents/My Games/ArmaReforger/addons/ACEChoppingDev_65AD7BCC9F6B3B4E/dev.gproj' guid: '65AD7BCC9F6B3B4E' (packed)
17:02:28.761    ENGINE       : gproj: 'C:/Users/jaco5/Documents/My Games/ArmaReforger/addons/ACECompassDev_65AD7CF69FAF1FDD/dev.gproj' guid: '65AD7CF69FAF1FDD' (packed)
17:02:28.761    ENGINE       : gproj: 'C:/Users/jaco5/Documents/My Games/ArmaReforger/addons/ACECook-OffDev_664AFDC993C9CE1A/dev.gproj' guid: '664AFDC993C9CE1A' (packed)
17:02:28.762    ENGINE       : gproj: 'C:/Users/jaco5/Documents/My Games/ArmaReforger/addons/ACECoreDev_65AD7D0D9941A380/dev.gproj' guid: '65AD7D0D9941A380' (packed)
17:02:28.762    ENGINE       : gproj: 'C:/Users/jaco5/Documents/My Games/ArmaReforger/addons/ACEExplosivesDev_65AD7D1E9EEAFA53/dev.gproj' guid: '65AD7D1E9EEAFA53' (packed)
17:02:28.762    ENGINE       : gproj: 'C:/Users/jaco5/Documents/My Games/ArmaReforger/addons/ACEFacepaintDev_68EAA4B96976D557/dev.gproj' guid: '68EAA4B96976D557' (packed)
17:02:28.762    ENGINE       : gproj: 'C:/Users/jaco5/Documents/My Games/ArmaReforger/addons/ACEFingerDev_65AD7D2E9866FA6E/dev.gproj' guid: '65AD7D2E9866FA6E' (packed)
17:02:28.762    ENGINE       : gproj: 'C:/Users/jaco5/Documents/My Games/ArmaReforger/addons/ACEMagazineRepackDev_65AD7D4099944EBD/dev.gproj' guid: '65AD7D4099944EBD' (packed)
17:02:28.762    ENGINE       : gproj: 'C:/Users/jaco5/Documents/My Games/ArmaReforger/addons/ACEMedicalBreathingDev_671F73D99978B4F2/dev.gproj' guid: '671F73D99978B4F2' (packed)
17:02:28.762    ENGINE       : gproj: 'C:/Users/jaco5/Documents/My Games/ArmaReforger/addons/ACEMedicalCirculationDev_65AD7D4F994EA327/dev.gproj' guid: '65AD7D4F994EA327' (packed)
17:02:28.762    ENGINE       : gproj: 'C:/Users/jaco5/Documents/My Games/ArmaReforger/addons/ACEMedicalCoreDev_6586079789278413/dev.gproj' guid: '6586079789278413' (packed)
17:02:28.762    ENGINE       : gproj: 'C:/Users/jaco5/Documents/My Games/ArmaReforger/addons/ACEMedicalHitzonesDev_65B343F799FB521B/dev.gproj' guid: '65B343F799FB521B' (packed)
17:02:28.762    ENGINE       : gproj: 'C:/Users/jaco5/Documents/My Games/ArmaReforger/addons/ACEOverheatingDev_65B8EA178A3E94E3/dev.gproj' guid: '65B8EA178A3E94E3' (packed)
17:02:28.762    ENGINE       : gproj: 'C:/Users/jaco5/Documents/My Games/ArmaReforger/addons/ACERadioDev_65AD7C75826B46C6/dev.gproj' guid: '65AD7C75826B46C6' (packed)
17:02:28.762    ENGINE       : gproj: 'C:/Users/jaco5/Documents/My Games/ArmaReforger/addons/ACEScopesDev_68FC0EDE9F677A3C/dev.gproj' guid: '68FC0EDE9F677A3C' (packed)
17:02:28.762    ENGINE       : gproj: 'C:/Users/jaco5/Documents/My Games/ArmaReforger/addons/ACETacticalLadderDev_65AD7CB89F219E38/dev.gproj' guid: '65AD7CB89F219E38' (packed)
17:02:28.764    ENGINE       : gproj: 'C:/Users/jaco5/Documents/My Games/ArmaReforger/addons/ACETacticalPeriscopeDev_65AD7CD09CAEC4E2/dev.gproj' guid: '65AD7CD09CAEC4E2' (packed)
17:02:28.764    ENGINE       : gproj: 'C:/Users/jaco5/Documents/My Games/ArmaReforger/addons/ACETrenchesDev_65AD7CE59E8DB349/dev.gproj' guid: '65AD7CE59E8DB349' (packed)
17:02:28.764    ENGINE       : gproj: 'C:/Users/jaco5/Documents/My Games/ArmaReforger/addons/ACEWeatherDev_667B230F9505C8BA/dev.gproj' guid: '667B230F9505C8BA' (packed)
17:02:28.764    ENGINE       : gproj: 'C:/Users/jaco5/Documents/My Games/ArmaReforger/addons/AIHornyMute_6877455D094BA18C/addon.gproj' guid: '6877455D094BA18C' (packed)
17:02:28.764    ENGINE       : gproj: 'C:/Users/jaco5/Documents/My Games/ArmaReforger/addons/AKI_Core_62CCD69DD17E4F2F/addon.gproj' guid: '62CCD69DD17E4F2F' (packed)
17:02:28.764    ENGINE       : gproj: 'C:/Users/jaco5/Documents/My Games/ArmaReforger/addons/AnarchyMarkersxGRS-ATAKDEV_69DA0119707F0354/addon.gproj' guid: '69DA0119707F0354' (packed)
17:02:28.764    ENGINE       : gproj: 'C:/Users/jaco5/Documents/My Games/ArmaReforger/addons/AnarchyMarkers_69A510CE600D1126/addon.gproj' guid: '69A510CE600D1126' (packed)
17:02:28.764    ENGINE       : gproj: 'C:/Users/jaco5/Documents/My Games/ArmaReforger/addons/ArmaTerrainCore_60B524F7A5AE96A8/addon.gproj' guid: '60B524F7A5AE96A8' (packed)
17:02:28.765    ENGINE       : gproj: 'C:/Users/jaco5/Documents/My Games/ArmaReforger/addons/BaconLoadoutEditor_606B100247F5C709/addon.gproj' guid: '606B100247F5C709' (packed)
17:02:28.765    ENGINE       : gproj: 'C:/Users/jaco5/Documents/My Games/ArmaReforger/addons/BMP-1IFV_5E524E4FEECCA92B/addon.gproj' guid: '5E524E4FEECCA92B' (packed)
17:02:28.765    ENGINE       : gproj: 'C:/Users/jaco5/Documents/My Games/ArmaReforger/addons/bonz_Core_671B4DD7897732BC/addon.gproj' guid: '671B4DD7897732BC' (packed)
17:02:28.765    ENGINE       : gproj: 'C:/Users/jaco5/Documents/My Games/ArmaReforger/addons/bonz_UnitLoadout_671B4B88A1397B9D/addon.gproj' guid: '671B4B88A1397B9D' (packed)
17:02:28.765    ENGINE       : gproj: 'C:/Users/jaco5/Documents/My Games/ArmaReforger/addons/BundeswehrMod_59673B087BFF710C/addon.gproj' guid: '59673B087BFF710C' (packed)
17:02:28.765    ENGINE       : gproj: 'C:/Users/jaco5/Documents/My Games/ArmaReforger/addons/COALITIONSquadInterface_5B0D1E4380971EBD/addon.gproj' guid: '5B0D1E4380971EBD' (packed)
17:02:28.765    ENGINE       : gproj: 'C:/Users/jaco5/Documents/My Games/ArmaReforger/addons/CRXEnfusionA.I._5F268647F8A1A1F4/addon.gproj' guid: '5F268647F8A1A1F4' (packed)
17:02:28.765    ENGINE       : gproj: 'C:/Users/jaco5/Documents/My Games/ArmaReforger/addons/Deathsoundeffect_69D4B8A05C764676/addon.gproj' guid: '69D4B8A05C764676' (packed)
17:02:28.765    ENGINE       : gproj: 'C:/Users/jaco5/Documents/My Games/ArmaReforger/addons/DisableAIVoice_65254226BB9B318C/addon.gproj' guid: '65254226BB9B318C' (packed)
17:02:28.765    ENGINE       : gproj: 'C:/Users/jaco5/Documents/My Games/ArmaReforger/addons/DisableGameMasterBudgets_5F2944B7474F043F/addon.gproj' guid: '5F2944B7474F043F' (packed)
17:02:28.765    ENGINE       : gproj: 'C:/Users/jaco5/Documents/My Games/ArmaReforger/addons/DisableVONunconscious_5EF8AADD3B3C81F2/addon.gproj' guid: '5EF8AADD3B3C81F2' (packed)
17:02:28.765    ENGINE       : gproj: 'C:/Users/jaco5/Documents/My Games/ArmaReforger/addons/EchoesofHellCombatUniform_6938932990A07E9A/addon.gproj' guid: '6938932990A07E9A' (packed)
17:02:28.766    ENGINE       : gproj: 'C:/Users/jaco5/Documents/My Games/ArmaReforger/addons/EnfusionDatabaseFramework_5D6EA74A94173EDF/EnfusionDatabaseFramework.gproj' guid: '5D6EA74A94173EDF' (packed)
17:02:28.766    ENGINE       : gproj: 'C:/Users/jaco5/Documents/My Games/ArmaReforger/addons/ExpandedSalineBags_6A05287AF042071B/addon.gproj' guid: '6A05287AF042071B' (packed)
17:02:28.766    ENGINE       : gproj: 'C:/Users/jaco5/Documents/My Games/ArmaReforger/addons/FMTV_65B60A48AEC31157/addon.gproj' guid: '65B60A48AEC31157' (packed)
17:02:28.766    ENGINE       : gproj: 'C:/Users/jaco5/Documents/My Games/ArmaReforger/addons/GameMasterCopyPaste_60CC94C046837439/addon.gproj' guid: '60CC94C046837439' (packed)
17:02:28.766    ENGINE       : gproj: 'C:/Users/jaco5/Documents/My Games/ArmaReforger/addons/GCSuppression_684CE8AA3B1D6573/addon.gproj' guid: '684CE8AA3B1D6573' (packed)
17:02:28.766    ENGINE       : gproj: 'C:/Users/jaco5/Documents/My Games/ArmaReforger/addons/GMTools_64F10E068D5880A6/addon.gproj' guid: '64F10E068D5880A6' (packed)
17:02:28.766    ENGINE       : gproj: 'C:/Users/jaco5/Documents/My Games/ArmaReforger/addons/GMVONFIXES_6954C37737DD56C8/addon.gproj' guid: '6954C37737DD56C8' (packed)
17:02:28.766    ENGINE       : gproj: 'C:/Users/jaco5/Documents/My Games/ArmaReforger/addons/GRS-Apparel_65157D09F042428A/addon.gproj' guid: '65157D09F042428A' (packed)
17:02:28.766    ENGINE       : gproj: 'C:/Users/jaco5/Documents/My Games/ArmaReforger/addons/GRS-ATAKDEV_69397BEDF03981C8/addon.gproj' guid: '69397BEDF03981C8' (packed)
17:02:28.766    ENGINE       : gproj: 'C:/Users/jaco5/Documents/My Games/ArmaReforger/addons/GRS-ATAKPluginCore_69F76987DB9F2214/addon.gproj' guid: '69F76987DB9F2214' (packed)
17:02:28.768    ENGINE       : gproj: 'C:/Users/jaco5/Documents/My Games/ArmaReforger/addons/GRS-BeltsAMPBagsAMPDroplegs_65183608D6DA5728/addon.gproj' guid: '65183608D6DA5728' (packed)
17:02:28.768    ENGINE       : gproj: 'C:/Users/jaco5/Documents/My Games/ArmaReforger/addons/GRS-DevFramework_65DACC64CE785B6C/addon.gproj' guid: '65DACC64CE785B6C' (packed)
17:02:28.768    ENGINE       : gproj: 'C:/Users/jaco5/Documents/My Games/ArmaReforger/addons/GRS-Essentials_6515672F96701110/addon.gproj' guid: '6515672F96701110' (packed)
17:02:28.768    ENGINE       : gproj: 'C:/Users/jaco5/Documents/My Games/ArmaReforger/addons/GRS-ModularVestsAMPRigs_651834C8D77BF86B/addon.gproj' guid: '651834C8D77BF86B' (packed)
17:02:28.768    ENGINE       : gproj: 'C:/Users/jaco5/Documents/My Games/ArmaReforger/addons/GRS-Patches_657B064AE0E231DF/addon.gproj' guid: '657B064AE0E231DF' (packed)
17:02:28.768    ENGINE       : gproj: 'C:/Users/jaco5/Documents/My Games/ArmaReforger/addons/GRS-ShadowsCore_68821D86AF3AE823/addon.gproj' guid: '68821D86AF3AE823' (packed)
17:02:28.768    ENGINE       : gproj: 'C:/Users/jaco5/Documents/My Games/ArmaReforger/addons/GRS-ShadowsPistolPack_66D45442A2D79E40/addon.gproj' guid: '66D45442A2D79E40' (packed)
17:02:28.768    ENGINE       : gproj: 'C:/Users/jaco5/Documents/My Games/ArmaReforger/addons/GRSATAK-RiptideMQ9Plugin_6A206D52FF406968/addon.gproj' guid: '6A206D52FF406968' (packed)
17:02:28.769    ENGINE       : gproj: 'C:/Users/jaco5/Documents/My Games/ArmaReforger/addons/GRSLoadoutsbyRelaxo_6884A83BA6946CFD/addon.gproj' guid: '6884A83BA6946CFD' (packed)
17:02:28.769    ENGINE       : gproj: 'C:/Users/jaco5/Documents/My Games/ArmaReforger/addons/GRSNVGS_6A2A460F6FE4B59A/addon.gproj' guid: '6A2A460F6FE4B59A' (packed)
17:02:28.769    ENGINE       : gproj: 'C:/Users/jaco5/Documents/My Games/ArmaReforger/addons/HmmwvVariants_69F415A5B15EC350/addon.gproj' guid: '69F415A5B15EC350' (packed)
17:02:28.769    ENGINE       : gproj: 'C:/Users/jaco5/Documents/My Games/ArmaReforger/addons/INFNoMapAssists_68C8814DB8F259A7/addon.gproj' guid: '68C8814DB8F259A7' (packed)
17:02:28.769    ENGINE       : gproj: 'C:/Users/jaco5/Documents/My Games/ArmaReforger/addons/InventoryBoxes_A1E6470C8DBF3952/addon.gproj' guid: 'A1E6470C8DBF3952' (packed)
17:02:28.769    ENGINE       : gproj: 'C:/Users/jaco5/Documents/My Games/ArmaReforger/addons/KeepGunWhenUncon_6088A3044B7ECBFD/addon.gproj' guid: '6088A3044B7ECBFD' (packed)
17:02:28.769    ENGINE       : gproj: 'C:/Users/jaco5/Documents/My Games/ArmaReforger/addons/LunacyAudio_64DE57C0A1601D14/addon.gproj' guid: '64DE57C0A1601D14' (packed)
17:02:28.769    ENGINE       : gproj: 'C:/Users/jaco5/Documents/My Games/ArmaReforger/addons/M1Abrams_5D1880C4AD410C14/addon.gproj' guid: '5D1880C4AD410C14' (packed)
17:02:28.770    ENGINE       : gproj: 'C:/Users/jaco5/Documents/My Games/ArmaReforger/addons/M2BradleyFightingVehicle_63120AE07E6C0966/addon.gproj' guid: '63120AE07E6C0966' (packed)
17:02:28.770    ENGINE       : gproj: 'C:/Users/jaco5/Documents/My Games/ArmaReforger/addons/MapDrawing_656AC01634459D8D/addon.gproj' guid: '656AC01634459D8D' (packed)
17:02:28.770    ENGINE       : gproj: 'C:/Users/jaco5/Documents/My Games/ArmaReforger/addons/MiddleEastInsurgents_64CEC8E005828E5D/addon.gproj' guid: '64CEC8E005828E5D' (packed)
17:02:28.770    ENGINE       : gproj: 'C:/Users/jaco5/Documents/My Games/ArmaReforger/addons/MikesUI_B3F91C6A4E275D08/addon.gproj' guid: 'B3F91C6A4E275D08' (packed)
17:02:28.770    ENGINE       : gproj: 'C:/Users/jaco5/Documents/My Games/ArmaReforger/addons/ModularVoiceRange_648297C0F03CE43A/addon.gproj' guid: '648297C0F03CE43A' (packed)
17:02:28.770    ENGINE       : gproj: 'C:/Users/jaco5/Documents/My Games/ArmaReforger/addons/NoWeaponDropUnconscious_60612C225328522E/addon.gproj' guid: '60612C225328522E' (packed)
17:02:28.770    ENGINE       : gproj: 'C:/Users/jaco5/Documents/My Games/ArmaReforger/addons/NTFBasic_65A104ABB3A3AA92/addon.gproj' guid: '65A104ABB3A3AA92' (packed)
17:02:28.770    ENGINE       : gproj: 'C:/Users/jaco5/Documents/My Games/ArmaReforger/addons/NTFServerTracker-New_69AEB37757AE2239/NTF_ServerTracker.gproj' guid: '69AEB37757AE2239' (packed)
17:02:28.771    ENGINE       : gproj: 'C:/Users/jaco5/Documents/My Games/ArmaReforger/addons/NTFVoice_689D68CAD25BC03D/addon.gproj' guid: '689D68CAD25BC03D' (packed)
17:02:28.771    ENGINE       : gproj: 'C:/Users/jaco5/Documents/My Games/ArmaReforger/addons/OpsTrack_6660ABEECE887CC5/addon.gproj' guid: '6660ABEECE887CC5' (packed)
17:02:28.771    ENGINE       : gproj: 'C:/Users/jaco5/Documents/My Games/ArmaReforger/addons/OPZargabadRaid_6A126ADCB39EECB3/addon.gproj' guid: '6A126ADCB39EECB3' (packed)
17:02:28.771    ENGINE       : gproj: 'C:/Users/jaco5/Documents/My Games/ArmaReforger/addons/OutsideTerrainCore_61F0D506562D9BC9/addon.gproj' guid: '61F0D506562D9BC9' (packed)
17:02:28.771    ENGINE       : gproj: 'C:/Users/jaco5/Documents/My Games/ArmaReforger/addons/PlayerMapMarkers_5E92F5A4A1B75A75/addon.gproj' guid: '5E92F5A4A1B75A75' (packed)
17:02:28.771    ENGINE       : gproj: 'C:/Users/jaco5/Documents/My Games/ArmaReforger/addons/RHS-ContentPack01_1337C0DE5DABBEEF/addon.gproj' guid: '1337C0DE5DABBEEF' (packed)
17:02:28.771    ENGINE       : gproj: 'C:/Users/jaco5/Documents/My Games/ArmaReforger/addons/RHS-ContentPack02_BADC0DEDABBEDA5E/addon.gproj' guid: 'BADC0DEDABBEDA5E' (packed)
17:02:28.771    ENGINE       : gproj: 'C:/Users/jaco5/Documents/My Games/ArmaReforger/addons/RHS-StatusQuo_595F2BF2F44836FB/addon.gproj' guid: '595F2BF2F44836FB' (packed)
17:02:28.771    ENGINE       : gproj: 'C:/Users/jaco5/Documents/My Games/ArmaReforger/addons/RiptideMQ9_6A06151E0B217C93/addon.gproj' guid: '6A06151E0B217C93' (packed)
17:02:28.772    ENGINE       : gproj: 'C:/Users/jaco5/Documents/My Games/ArmaReforger/addons/SagesFramework_8CBB11B3B769A055/SagesFramework.gproj' guid: '8CBB11B3B769A055' (packed)
17:02:28.772    ENGINE       : gproj: 'C:/Users/jaco5/Documents/My Games/ArmaReforger/addons/ServerAdminTools_5AAAC70D754245DD/addon.gproj' guid: '5AAAC70D754245DD' (packed)
17:02:28.772    ENGINE       : gproj: 'C:/Users/jaco5/Documents/My Games/ArmaReforger/addons/ServerRulesQuiz_5C3B9E8A7D1F4C2B/addon.gproj' guid: '5C3B9E8A7D1F4C2B' (packed)
17:02:28.772    ENGINE       : gproj: 'C:/Users/jaco5/Documents/My Games/ArmaReforger/addons/SHEnhancedCombatEffects_69C34933FD556CEF/addon.gproj' guid: '69C34933FD556CEF' (packed)
17:02:28.772    ENGINE       : gproj: 'C:/Users/jaco5/Documents/My Games/ArmaReforger/addons/SpaceCore_5E389BB9F58B79A6/addon.gproj' guid: '5E389BB9F58B79A6' (packed)
17:02:28.772    ENGINE       : gproj: 'C:/Users/jaco5/Documents/My Games/ArmaReforger/addons/T-72MainBattleTank_5E0AB16BEB16D6A4/addon.gproj' guid: '5E0AB16BEB16D6A4' (packed)
17:02:28.772    ENGINE       : gproj: 'C:/Users/jaco5/Documents/My Games/ArmaReforger/addons/Takistan_615EEBD9BDFEEE9B/addon.gproj' guid: '615EEBD9BDFEEE9B' (packed)
17:02:28.772    ENGINE       : gproj: 'C:/Users/jaco5/Documents/My Games/ArmaReforger/addons/TFUDisableGMBudgets_657E2435156A097F/addon.gproj' guid: '657E2435156A097F' (packed)
17:02:28.773    ENGINE       : gproj: 'C:/Users/jaco5/Documents/My Games/ArmaReforger/addons/TraceVehCore_632F64CB7D65D1FC/addon.gproj' guid: '632F64CB7D65D1FC' (packed)
17:02:28.773    ENGINE       : gproj: 'C:/Users/jaco5/Documents/My Games/ArmaReforger/addons/WalkingSpeedIndicator_6A1E9F43B2C74D18/addon.gproj' guid: '6A1E9F43B2C74D18' (packed)
17:02:28.773    ENGINE       : gproj: 'C:/Users/jaco5/Documents/My Games/ArmaReforger/addons/WCS_AH-6M_6273146ADFE8241D/addon.gproj' guid: '6273146ADFE8241D' (packed)
17:02:28.773    ENGINE       : gproj: 'C:/Users/jaco5/Documents/My Games/ArmaReforger/addons/WCS_Armaments_629B2BA37EFFD577/addon.gproj' guid: '629B2BA37EFFD577' (packed)
17:02:28.773    ENGINE       : gproj: 'C:/Users/jaco5/Documents/My Games/ArmaReforger/addons/WCS_Attachments_61C74A8B647617DA/addon.gproj' guid: '61C74A8B647617DA' (packed)
17:02:28.773    ENGINE       : gproj: 'C:/Users/jaco5/Documents/My Games/ArmaReforger/addons/WCS_Earplugs_612F512CD4CB21D5/addon.gproj' guid: '612F512CD4CB21D5' (packed)
17:02:28.773    ENGINE       : gproj: 'C:/Users/jaco5/Documents/My Games/ArmaReforger/addons/WCS_NATO_615806DC6C57AF02/addon.gproj' guid: '615806DC6C57AF02' (packed)
17:02:28.773    ENGINE       : gproj: 'C:/Users/jaco5/Documents/My Games/ArmaReforger/addons/WCS_RU_615818DA7C0343FD/addon.gproj' guid: '615818DA7C0343FD' (packed)
17:02:28.774    ENGINE       : gproj: 'C:/Users/jaco5/Documents/My Games/ArmaReforger/addons/WCS_Scopes_62A668F513428630/addon.gproj' guid: '62A668F513428630' (packed)
17:02:28.774    ENGINE       : gproj: 'C:/Users/jaco5/Documents/My Games/ArmaReforger/addons/WCS_Sounds_631C3C1AEE9C90BC/addon.gproj' guid: '631C3C1AEE9C90BC' (packed)
17:02:28.774    ENGINE       : gproj: 'C:/Users/jaco5/Documents/My Games/ArmaReforger/addons/WCS_VehicleLock_61BA4EB5C886D396/addon.gproj' guid: '61BA4EB5C886D396' (packed)
17:02:28.774    ENGINE       : gproj: 'C:/Users/jaco5/Documents/My Games/ArmaReforger/addons/WCS_Weapons_65CF7AE8574E06D2/addon.gproj' guid: '65CF7AE8574E06D2' (packed)
17:02:28.774    ENGINE       : gproj: 'C:/Users/jaco5/Documents/My Games/ArmaReforger/addons/WCS_Weapon_Scripts_68F006D910E7546F/addon.gproj' guid: '68F006D910E7546F' (packed)
17:02:28.774    ENGINE       : gproj: 'C:/Users/jaco5/Documents/My Games/ArmaReforger/addons/XimsInsurgents_69A6E371DAA7BCFC/addon.gproj' guid: '69A6E371DAA7BCFC' (packed)
17:02:28.774    ENGINE       : gproj: 'C:/Users/jaco5/Documents/My Games/ArmaReforger/addons/XimsLoadoutEditor_68909A97C613D81C/addon.gproj' guid: '68909A97C613D81C' (packed)
17:02:28.774    ENGINE       : gproj: 'C:/Users/jaco5/Documents/My Games/ArmaReforger/addons/Zargabad_662B602B3F823F27/addon.gproj' guid: '662B602B3F823F27' (packed)
17:02:28.774    ENGINE       : gproj: 'C:/Users/jaco5/Documents/My Games/ArmaReforger/addons/ZSU-23-4Shilka_62D15D0025AE021B/addon.gproj' guid: '62D15D0025AE021B' (packed)
17:02:28.774    ENGINE       : gproj: 'C:/Users/jaco5/Documents/My Games/ArmaReforgerWorkbench/addons/Expanded Saline Bags - AMF/addon.gproj' guid: '6A0D301D193ECB25'
17:02:28.774    ENGINE       : gproj: 'C:/Users/jaco5/Documents/My Games/ArmaReforgerWorkbench/addons/Expanded Saline Bags - RHS/addon.gproj' guid: '6A0D35D2B4808E62'
17:02:28.774    ENGINE       : gproj: 'C:/Users/jaco5/Documents/My Games/ArmaReforgerWorkbench/addons/Expanded Saline Bags - UK/addon.gproj' guid: '6A0D3D1BA4CE288F'
17:02:28.775    ENGINE       : gproj: 'C:/Users/jaco5/Documents/My Games/ArmaReforgerWorkbench/addons/France Loadouts by Relaxo/addon.gproj' guid: '687B06328B577A98'
17:02:28.775    ENGINE       : gproj: 'C:/Users/jaco5/Documents/My Games/ArmaReforgerWorkbench/addons/GMVehicleLock/addon.gproj' guid: 'A83D91C74F2E6B50'
17:02:28.775    ENGINE       : gproj: 'C:/Users/jaco5/Documents/My Games/ArmaReforgerWorkbench/addons/In God We Trust/addon.gproj' guid: '69770C017B580714'
17:02:28.775    ENGINE       : gproj: 'C:/Users/jaco5/Documents/My Games/ArmaReforgerWorkbench/addons/OperationKitKat/addon.gproj' guid: '6A231C34A4CF289E'
17:02:28.775   ENGINE       : FileSystem: Adding relative directory 'C:\Users\jaco5\Documents\My Games\ArmaReforgerWorkbench\addons\Oaschloch\RAMI_AdvancedMedicalInterface' to filesystem under name RAMI_AdvancedMedicalInterface
17:02:28.775   ENGINE       : FileSystem: Adding package 'C:/Users/jaco5/Documents/My Games/ArmaReforger/addons/ExpandedSalineBags_6A05287AF042071B/' (pak count: 1) to filesystem under name ExpandedSalineBags
17:02:28.777   ENGINE       : FileSystem: Adding package 'C:/Users/jaco5/Documents/My Games/ArmaReforger/addons/ACECarryingDev_65AD7C379CBD394D/' (pak count: 1) to filesystem under name ACE_Carrying_Dev
17:02:28.778   ENGINE       : FileSystem: Adding package 'C:/Users/jaco5/Documents/My Games/ArmaReforger/addons/ACEMedicalHitzonesDev_65B343F799FB521B/' (pak count: 1) to filesystem under name ACE_Medical_Hitzones_Dev
17:02:28.779   ENGINE       : FileSystem: Adding package 'C:/Users/jaco5/Documents/My Games/ArmaReforger/addons/ACEMedicalCirculationDev_65AD7D4F994EA327/' (pak count: 1) to filesystem under name ACE_Medical_Circulation_Dev
17:02:28.780   ENGINE       : FileSystem: Adding package 'C:/Users/jaco5/Documents/My Games/ArmaReforger/addons/ACEMedicalCoreDev_6586079789278413/' (pak count: 1) to filesystem under name ACE_Medical_Core_Dev
17:02:28.782   ENGINE       : FileSystem: Adding package 'C:/Users/jaco5/Documents/My Games/ArmaReforger/addons/ACECoreDev_65AD7D0D9941A380/' (pak count: 1) to filesystem under name ACE_Core_Dev
17:02:28.910   ENGINE       : FileSystem: Adding package 'C:/Program Files (x86)/Steam/steamapps/common/Arma Reforger/addons/data/' (pak count: 14) to filesystem under name ArmaReforger
17:02:28.915   ENGINE       : FileSystem: Adding package 'C:/Program Files (x86)/Steam/steamapps/common/Arma Reforger/addons/core/' (pak count: 2) to filesystem under name core
17:02:28.915   ENGINE       : CPU vendor         : GenuineIntel
17:02:28.915   ENGINE       : CPU type           : 1
17:02:28.915   ENGINE       : CPU name           : Intel(R) Core(TM) i7-9750H CPU @ 2.60GHz
17:02:28.915   ENGINE       : CPU cache info     : L1 [Inst 32KB, Data 32KB], L2 [Unif 256KB], L3 [Unif 12288KB]
17:02:28.915   ENGINE       : CPU count logical  : 12
17:02:28.916   ENGINE       : CPU count physical : 6
17:02:28.916   ENGINE       : CPU features       : mmx sse sse2 sse3 ssse3 sse4_1 sse4_2 popcnt aesni pclmulqdq osxsave avx avx2
17:02:28.916   RESOURCES    : ResourceDB: loading cache (id=0 name=RAMI_AdvancedMedicalInterface path=C:\Users\jaco5\Documents\My Games\ArmaReforgerWorkbench\addons\Oaschloch\RAMI_AdvancedMedicalInterface/resourceDatabase.rdb)
17:02:28.916   RESOURCES    : ResourceDB: loading cache (id=1 name=ExpandedSalineBags path=C:/Users/jaco5/Documents/My Games/ArmaReforger/addons/ExpandedSalineBags_6A05287AF042071B/resourceDatabase.rdb)
17:02:28.916   RESOURCES    : ResourceDB: loading cache (id=2 name=ACE_Carrying_Dev path=C:/Users/jaco5/Documents/My Games/ArmaReforger/addons/ACECarryingDev_65AD7C379CBD394D/resourceDatabase.rdb)
17:02:28.918   RESOURCES    : ResourceDB: loading cache (id=3 name=ACE_Medical_Hitzones_Dev path=C:/Users/jaco5/Documents/My Games/ArmaReforger/addons/ACEMedicalHitzonesDev_65B343F799FB521B/resourceDatabase.rdb)
17:02:28.918   RESOURCES    : ResourceDB: loading cache (id=4 name=ACE_Medical_Circulation_Dev path=C:/Users/jaco5/Documents/My Games/ArmaReforger/addons/ACEMedicalCirculationDev_65AD7D4F994EA327/resourceDatabase.rdb)
17:02:28.919   RESOURCES    : ResourceDB: loading cache (id=5 name=ACE_Medical_Core_Dev path=C:/Users/jaco5/Documents/My Games/ArmaReforger/addons/ACEMedicalCoreDev_6586079789278413/resourceDatabase.rdb)
17:02:28.920   RESOURCES    : ResourceDB: loading cache (id=6 name=ACE_Core_Dev path=C:/Users/jaco5/Documents/My Games/ArmaReforger/addons/ACECoreDev_65AD7D0D9941A380/resourceDatabase.rdb)
17:02:28.921   RESOURCES    : ResourceDB: loading cache (id=7 name=ArmaReforger path=C:/Program Files (x86)/Steam/steamapps/common/Arma Reforger/addons/data/resourceDatabase.rdb)
17:02:29.058   RESOURCES    : ResourceDB: loading cache (id=8 name=core path=C:/Program Files (x86)/Steam/steamapps/common/Arma Reforger/addons/core/resourceDatabase.rdb)
17:02:29.060   RESOURCES    : ResourceDB: loading cache (id=9 name=profile path=C:\Users\jaco5\Documents\My Games\ArmaReforgerWorkbench\profile/resourceDatabase.rdb)
17:02:29.217    RESOURCES    : RESOURCES    : ResourceDB: full scan
17:02:29.221     RESOURCES    : RESOURCES    : scanning...
17:02:29.221      RESOURCES    : RESOURCES    : scanning @"RAMI_AdvancedMedicalInterface"
17:02:29.224      RESOURCES    : RESOURCES    : scanning @"ExpandedSalineBags"
17:02:29.225      RESOURCES    : RESOURCES    : scanning @"ACE_Carrying_Dev"
17:02:29.227      RESOURCES    : RESOURCES    : scanning @"ACE_Medical_Hitzones_Dev"
17:02:29.229      RESOURCES    : RESOURCES    : scanning @"ACE_Medical_Circulation_Dev"
17:02:29.231      RESOURCES    : RESOURCES    : scanning @"ACE_Medical_Core_Dev"
17:02:29.233      RESOURCES    : RESOURCES    : scanning @"ACE_Core_Dev"
17:02:29.234      RESOURCES    : RESOURCES    : scanning @"ArmaReforger"
17:02:29.358      RESOURCES    : RESOURCES    : scanning @"core"
17:02:29.360      RESOURCES    : RESOURCES    : scanning @"profile"
17:02:29.362     RESOURCES    : RESOURCES    : processing meta-files...
17:02:29.362 INIT         : Workbench startup
17:02:29.364  INIT         : Workbench Init Engine
17:02:29.364   RESOURCES    : ResourceDB: full scan
17:02:29.364    RESOURCES    : processing meta-files...
17:02:29.364     RESOURCES (E): metafile without corresponding resource: '$RAMI_AdvancedMedicalInterface:UI/Textures/RAMI_BodyZones/RAMI_Tourniquet.edds.meta'
17:02:29.421     RESOURCES    : RESOURCES    : processing files...
17:02:29.427    RESOURCES    : processing files...
17:02:29.428     RESOURCES (W): resource not registered: @"$profile:AmbientSpawnConfig/config.json". Setting null GUID
17:02:29.428     RESOURCES (W): resource not registered: @"$profile:AmbientSpawnConfig/Templates/conflict_pve_ravage.json". Setting null GUID
17:02:29.428     RESOURCES (W): resource not registered: @"$profile:AmbientSpawnConfig/Templates/conflict_pve_robots.json". Setting null GUID
17:02:29.428     RESOURCES (W): resource not registered: @"$profile:AmbientSpawnConfig/Templates/conflict_ravage_as_fia.json". Setting null GUID
17:02:29.429     RESOURCES (W): resource not registered: @"$profile:AmbientSpawnConfig/Templates/default.json". Setting null GUID
17:02:29.429     RESOURCES (W): resource not registered: @"$profile:AmbientSpawnConfig/Templates/default_pve.json". Setting null GUID
17:02:29.429     RESOURCES (W): resource not registered: @"$profile:ArmaStatsBot/config.json". Setting null GUID
17:02:29.429     RESOURCES (W): resource not registered: @"$profile:ArmaStatsBot/global_2026_02.json". Setting null GUID
17:02:29.430     RESOURCES (W): resource not registered: @"$profile:ArmaStatsBot/global_2026_03.json". Setting null GUID
17:02:29.430     RESOURCES (W): resource not registered: @"$profile:ArmaStatsBot/global_2026_04.json". Setting null GUID
17:02:29.430     RESOURCES (W): resource not registered: @"$profile:ArmaStatsBot/playerstats.json". Setting null GUID
17:02:29.430     RESOURCES (W): resource not registered: @"$profile:CMPlayerStatsHUD/16e0b884-a2f2-49c5-a722-3b44148f8b26_playerstats.json". Setting null GUID
17:02:29.431     RESOURCES (W): resource not registered: @"$profile:CMPlayerStatsHUD/AdminServerSettings/AdminCanPromoteDemote.json". Setting null GUID
17:02:29.431     RESOURCES (W): resource not registered: @"$profile:CMPlayerStatsHUD/AdminServerSettings/AdminCanPromoteDemoteExemptions.json". Setting null GUID
17:02:29.431     RESOURCES (W): resource not registered: @"$profile:CMPlayerStatsHUD/AdminServerSettings/AdminCanPromoteDemoteExemptionsList.json". Setting null GUID
17:02:29.431     RESOURCES (W): resource not registered: @"$profile:CMPlayerStatsHUD/AdminServerSettings/OneTimeWipeAllPlayerXP.json". Setting null GUID
17:02:29.431     RESOURCES (W): resource not registered: @"$profile:CMPlayerStatsHUD/AdminServerSettings/PersistentRanks.json". Setting null GUID
17:02:29.432     RESOURCES (W): resource not registered: @"$profile:CMPlayerStatsHUD/AdminServerSettings/PlayerStatsSubMenuVisibility.json". Setting null GUID
17:02:29.432     RESOURCES (W): resource not registered: @"$profile:CMPlayerStatsHUD/AdminServerSettings/PunishAdminsForTeamKills.json". Setting null GUID
17:02:29.432     RESOURCES (W): resource not registered: @"$profile:CMPlayerStatsHUD/AdminServerSettings/RemoveVehicleKillsFromKDRatio.json". Setting null GUID
17:02:29.433     RESOURCES (W): resource not registered: @"$profile:CMPlayerStatsHUD/AdminServerSettings/SavingMethod.json". Setting null GUID
17:02:29.433     RESOURCES (W): resource not registered: @"$profile:CMPlayerStatsHUD/AdminServerSettings/ScenarioEndWipePlayerStats.json". Setting null GUID
17:02:29.433     RESOURCES (W): resource not registered: @"$profile:CMPlayerStatsHUD/AdminServerSettings/ScenarioEndWipePlayerXP.json". Setting null GUID
17:02:29.433     RESOURCES (W): resource not registered: @"$profile:CMPlayerStatsHUD/AdminServerSettings/ServerStartWipePlayerXP.json". Setting null GUID
17:02:29.433     RESOURCES (W): resource not registered: @"$profile:CMPlayerStatsHUD/AdminServerSettings/StatsAreOnlyVisibleInOwnHQ.json". Setting null GUID
17:02:29.434     RESOURCES (W): resource not registered: @"$profile:CMPlayerStatsHUD/AdminServerSettings/WipePlayerStatsExemptions.json". Setting null GUID
17:02:29.434     RESOURCES (W): resource not registered: @"$profile:CMPlayerStatsHUD/AdminServerSettings/WipeXPExemptions.json". Setting null GUID
17:02:29.434     RESOURCES (W): resource not registered: @"$profile:CMSquadRadioSound/player_ui_settings.json". Setting null GUID
17:02:29.434     RESOURCES (W): resource not registered: @"$profile:DEH_RealTimeSyncConfig.json". Setting null GUID
17:02:29.434     RESOURCES (W): resource not registered: @"$profile:GM_Tools/gm_tools_config.json". Setting null GUID
17:02:29.434     RESOURCES (W): resource not registered: @"$profile:GRS_ATAK/grs_atak.json". Setting null GUID
17:02:29.434     RESOURCES (W): resource not registered: @"$profile:GRS_ATAK/players/16e0b884-a2f2-49c5-a722-3b44148f8b26.json". Setting null GUID
17:02:29.434     RESOURCES (W): resource not registered: @"$profile:GRS_ATAK/profile.json". Setting null GUID
17:02:29.436     RESOURCES (W): resource not registered: @"$profile:GRS_ATAK/server_config.json". Setting null GUID
17:02:29.436     RESOURCES (W): resource not registered: @"$profile:IRRU_RFPropagation.json". Setting null GUID
17:02:29.436     RESOURCES (W): resource not registered: @"$profile:LAG_server_restarter_config.json". Setting null GUID
17:02:29.436     RESOURCES (W): resource not registered: @"$profile:LinearConflictPVEConfig/LCPConfig.json". Setting null GUID
17:02:29.437     RESOURCES (W): resource not registered: @"$profile:LinearConflictPVEConfig/LCPProgress.json". Setting null GUID
17:02:29.437     RESOURCES (W): resource not registered: @"$profile:OpsTrackSettings.json". Setting null GUID
17:02:29.437     RESOURCES (W): resource not registered: @"$profile:PlayerStatsList/PlayerStats.json". Setting null GUID
17:02:29.437     RESOURCES (W): resource not registered: @"$profile:PlayerStatsList/WebHook_config.json". Setting null GUID
17:02:29.438     RESOURCES (W): resource not registered: @"$profile:PlayerStatsList/WH_killFeed.json". Setting null GUID
17:02:29.438     RESOURCES (W): resource not registered: @"$profile:PlayerStatsList/WH_livestats.json". Setting null GUID
17:02:29.438     RESOURCES (W): resource not registered: @"$profile:PlayerStatsList/WH_status&chat.json". Setting null GUID
17:02:29.438     RESOURCES (W): resource not registered: @"$profile:RadioData.json". Setting null GUID
17:02:29.439     RESOURCES (W): resource not registered: @"$profile:SavingMarkers/SM_Drawings_default.json". Setting null GUID
17:02:29.439     RESOURCES (W): resource not registered: @"$profile:SavingMarkers/SM_Markers2_default.json". Setting null GUID
17:02:29.439     RESOURCES (W): resource not registered: @"$profile:ServerAdminTools_Config.json". Setting null GUID
17:02:29.439     RESOURCES (W): resource not registered: @"$profile:ServerAdminTools_Stats.json". Setting null GUID
17:02:29.440     RESOURCES (W): resource not registered: @"$profile:ServerRulesQuiz/ServerRulesConfig.json". Setting null GUID
17:02:29.440     RESOURCES (W): resource not registered: @"$profile:VONData.json". Setting null GUID
17:02:29.440     RESOURCES (W): resource not registered: @"$profile:VONServerData.json". Setting null GUID
17:02:29.440     RESOURCES (W): resource not registered: @"$profile:vPad/Settings.json". Setting null GUID
17:02:29.441     RESOURCES (W): resource not registered: @"$profile:WalkingSpeedIndicator/WalkingSpeedIndicatorConfig.json". Setting null GUID
17:02:29.441     RESOURCES    : RESOURCES    : processing folders...
17:02:29.446     RESOURCES    : RESOURCES    : creating GUID-item mapping...
17:02:29.460     RESOURCES    : RESOURCES    : building tree...
17:02:29.508   PROFILING    : ResourceDB: full scan took: 290.661900 ms
17:02:29.509   RESOURCES    : ResourceDB: saving cache (id=0 name=RAMI_AdvancedMedicalInterface path=C:\Users\jaco5\Documents\My Games\ArmaReforgerWorkbench\addons\Oaschloch\RAMI_AdvancedMedicalInterface/resourceDatabase.rdb)
17:02:29.511   RESOURCES    : ResourceDB: written 6277/6277 bytes
17:02:29.511   RESOURCES    : ResourceDB: cache successfully saved
17:02:29.511   RESOURCES    : ResourceDB: saving cache (id=9 name=profile path=C:\Users\jaco5\Documents\My Games\ArmaReforgerWorkbench\profile/resourceDatabase.rdb)
17:02:29.512   RESOURCES (E): ResourceDB: could not open cache file
17:02:29.514   ENGINE       : GameProject load
17:02:29.514    ENGINE       : Loaded addons:
17:02:29.514     ENGINE       : gproj: 'C:/Program Files (x86)/Steam/steamapps/common/Arma Reforger/addons/core/core.gproj' guid: '5614BBCCBB55ED1C'
17:02:29.514     ENGINE       : gproj: 'C:/Program Files (x86)/Steam/steamapps/common/Arma Reforger/addons/data/ArmaReforger.gproj' guid: '58D0FB3206B6F859'
17:02:29.514     ENGINE       : gproj: 'C:/Users/jaco5/Documents/My Games/ArmaReforger/addons/ACECoreDev_65AD7D0D9941A380/dev.gproj' guid: '65AD7D0D9941A380'
17:02:29.514     ENGINE       : gproj: 'C:/Users/jaco5/Documents/My Games/ArmaReforger/addons/ACEMedicalCoreDev_6586079789278413/dev.gproj' guid: '6586079789278413'
17:02:29.514     ENGINE       : gproj: 'C:/Users/jaco5/Documents/My Games/ArmaReforger/addons/ACEMedicalCirculationDev_65AD7D4F994EA327/dev.gproj' guid: '65AD7D4F994EA327'
17:02:29.515     ENGINE       : gproj: 'C:/Users/jaco5/Documents/My Games/ArmaReforger/addons/ACEMedicalHitzonesDev_65B343F799FB521B/dev.gproj' guid: '65B343F799FB521B'
17:02:29.515     ENGINE       : gproj: 'C:/Users/jaco5/Documents/My Games/ArmaReforger/addons/ACECarryingDev_65AD7C379CBD394D/dev.gproj' guid: '65AD7C379CBD394D'
17:02:29.515     ENGINE       : gproj: 'C:/Users/jaco5/Documents/My Games/ArmaReforger/addons/ExpandedSalineBags_6A05287AF042071B/addon.gproj' guid: '6A05287AF042071B'
17:02:29.515     ENGINE       : gproj: 'C:/Users/jaco5/Documents/My Games/ArmaReforgerWorkbench/addons/Oaschloch/RAMI_AdvancedMedicalInterface/RAMI_AdvancedMedicalInterface.gproj' guid: 'D36C5B996922FFDE'
17:02:29.523   ENGINE       : GameProject load
17:02:29.524    INIT         : GameProject load project data @"C:/Users/jaco5/Documents/My Games/ArmaReforger/addons/ACECoreDev_65AD7D0D9941A380/dev.gproj"
17:02:29.524     RESOURCES (E): Wrong GUID/name for resource @"{DE0B68C7B4B0E89C}Language/ACE_localization.st" in property "StringTableSource"
17:02:29.524    INIT         : GameProject load project data @"C:/Users/jaco5/Documents/My Games/ArmaReforger/addons/ACEMedicalCoreDev_6586079789278413/dev.gproj"
17:02:29.524     RESOURCES (E): Wrong GUID/name for resource @"{D393C26C894B1404}Language/ACE_Medical_Core_localization.st" in property "StringTableSource"
17:02:29.525    INIT         : GameProject load project data @"C:/Users/jaco5/Documents/My Games/ArmaReforger/addons/ACEMedicalCirculationDev_65AD7D4F994EA327/dev.gproj"
17:02:29.525     RESOURCES (E): Wrong GUID/name for resource @"{0780D43A82968920}Language/ACE_Medical_Circulation_localization.st" in property "StringTableSource"
17:02:29.527    INIT         : GameProject load project data @"C:/Users/jaco5/Documents/My Games/ArmaReforger/addons/ACECarryingDev_65AD7C379CBD394D/dev.gproj"
17:02:29.527     RESOURCES (E): Wrong GUID/name for resource @"{2E272B1D21C4446A}Language/ACE_Carrying_localization.st" in property "StringTableSource"
17:02:29.527   ENGINE       : No Enfusion settings file loaded. Continuing with defaults
17:02:29.697   RENDER       : (OK) Adapter 'NVIDIA GeForce RTX 2060' supports feature level 12_0
17:02:29.714   RENDER       : (OK) Adapter 'Intel(R) UHD Graphics 630' supports feature level 12_0
17:02:29.716   RENDER       : Adapter 1 (Intel(R) UHD Graphics 630) failed to provide some output
17:02:29.716   RENDER       : Basic screen setup:
17:02:29.716   RENDER       :   Back buffer format	       : TEXFMT_R8G8B8A8_SRGB (29)
17:02:29.717   RENDER       :   MSAA                      : none
17:02:29.725   RENDER       : Driver for NVIDIA GeForce RTX 2060 is from 22.7.2026 (1 month, 2 days old)
17:02:29.725   RENDER       : GPU_NVIDIA (0x10DE) (NVIDIA GeForce RTX 2060) with 1 GPU detected, VRAM 5955MB (fast 0MB), shared 8116MB, driver version 610.88
17:02:29.725   RENDER       : Detected output devices:
17:02:29.725   RENDER       :  * 1 device/s connected to NVIDIA GeForce RTX 2060:
17:02:29.725   RENDER       :    Generic PnP Monitor (\\.\DISPLAY1), 1920x1080 (offset 0x0), 144Hz
17:02:29.725   RENDER       :  * no output device connected to Intel(R) UHD Graphics 630
17:02:29.725   RENDER       :   Concurrent frames limit 2
17:02:32.543   RENDER       : Graphics device features
17:02:32.543   RENDER       :  Needed:
17:02:32.543   RENDER       :  * Highest supported shader model: 6.8 (6.0 needed)
17:02:32.543   RENDER       :  Optional:
17:02:32.543   RENDER       :  * Allow tearing (VSYNC) : 1
17:02:32.543   RENDER       :  * 16 bits : 1
17:02:32.543   RENDER       :  * Resource heap tier : 3
17:02:32.543   RENDER       :  * Persistent heaps (DRED) : 1
17:02:32.544   RENDER       :  * DRED 1.2 is supported by compiler
17:02:32.627   RENDER       : Main RT format setup.
17:02:32.627   RENDER       :   Main RT format for quality 0	: TEXFMT_R11G11B10_FLOAT (26)
17:02:32.627   RENDER       :   Main RT format for quality 1	: TEXFMT_R16G16B16A16_FLOAT (10)
17:02:32.645   ENGINE       : Job system settings: coreCount=12, shortJobContextCount=12, shortJobThreadCount=11, longJobThreadCount=12
17:02:32.680   PROFILING    : Settings changed took: 0.017800 ms
17:02:32.709 AUDIO        : Endpoint: Kopfhörer (Sound Blaster G3)
17:02:32.709 AUDIO        :  Format: Channels: 2, Sample rate: 48kHz, Avg. bytes: 384kB, Sample bits: 32, Block align: 8B
17:02:32.709 AUDIO        : Audio client:
17:02:32.709 AUDIO        :  Format: Channels: 2, Sample rate: 48kHz, Buffer size: 1536B, Frame: 512
17:02:32.714    RENDER       : RENDER       : Reload shaders
17:02:32.715    RENDER       : Enfusion shader version 10
17:02:32.715     INIT         : INIT         : ShaderListReload
17:02:32.715    PROFILING    : ShaderListReload took: 0.000500 ms
17:02:32.829 AUDIO        : Endpoint: Kopfhörer (Sound Blaster G3)
17:02:32.829 AUDIO        :  Format: Channels: 2, Sample rate: 48kHz, Avg. bytes: 384kB, Sample bits: 32, Block align: 8B
17:02:32.830 AUDIO        : Audio client:
17:02:32.830 AUDIO        :  Format: Channels: 2, Sample rate: 48kHz, Buffer size: 1536B, Frame: 512
17:02:32.966    RENDER       : Loaded 3746 newer shader binaries
17:02:32.966   PROFILING    : Reload shaders took: 251.628800 ms
17:02:32.966   ENGINE       : Initializing inputs.
17:02:32.994   NETWORK      : Initializing networking.
17:02:32.994   NETWORK      : Using new GameRplScheduler.
17:02:32.995    SCRIPT       : SCRIPT       : Initializing scripts
17:02:32.995     SCRIPT       : SCRIPT       : ScriptProjectManager init
17:02:33.263    PROFILING    : ScriptProjectManager init took: 266.699700 ms
17:02:33.290   PROFILING    : Initializing scripts took: 295.139600 ms
17:02:33.307   ENGINE       : Enfusion engine successfully created.
17:02:33.307  PROFILING    : Workbench Init Engine took: 4591.809300 ms
17:02:33.308   INIT         : INIT         : Workbench Create Game
17:02:33.325   GUI          : Using default language (en_us)
17:02:33.325   GUI          : Loading 'en_us' localization file.
17:02:33.326    INIT         : INIT         : Loading StringTable
17:02:33.354   PROFILING    : Loading StringTable took: 27.319100 ms
17:02:33.354    SCRIPT       : SCRIPT       : Compiling GameLib scripts
17:02:33.412    SCRIPT       : Module: Workbench; loaded 18x files; 36x classes; used 125K of static memory; defines: "ENF_WB,WORKBENCH,PLATFORM_WINDOWS,ENABLE_DIAG,ENF_ENABLE_VHC_OVERRIDE,ENF_ENABLE_RPLCOMPONENT_IN_GAMECODE"; CRC32: 90ce0460
17:02:33.412    SCRIPT       : Module: GameLib; loaded 465x files; 648x classes; used 828K of static memory; defines: "ENF_WB,WORKBENCH,PLATFORM_WINDOWS,ENABLE_DIAG,ENF_ENABLE_VHC_OVERRIDE,ENF_ENABLE_RPLCOMPONENT_IN_GAMECODE"; CRC32: 4507af04
17:02:33.414   PROFILING    : Compiling GameLib scripts took: 60.070600 ms
17:02:33.414    SCRIPT       : SCRIPT       : Compiling Game scripts
17:02:34.217  INIT         : Workbench Create Game
17:02:34.217   SCRIPT       : Compiling Game scripts
17:02:34.217    SCRIPT    (W): @"Scripts/Game/ACE_Core/FSM/ACE_FSM_Machine.c,187": Implicit conversion of 'ACE_FSM_IState<ACE_Medical_CharacterContext>' to 'int' yields a conditional expression result of either 0 or 1.
17:02:34.475    SCRIPT    (W): @"Scripts/Game/Editor/Components/EditableEntity/SCR_EditableEntityComponent.c,785": 'GetPlayerPlatformKind' is obsolete
17:02:34.475    SCRIPT    (W): @"Scripts/Game/Editor/Components/EditableEntity/SCR_EditableEntityComponent.c,786": 'GetPlayerPlatformId' is obsolete
17:02:34.743    SCRIPT    (W): @"Scripts/Game/Workshop/SCR_AddonManager.c,876": 'GetRefCount' is obsolete: Will be removed
17:02:34.784    SCRIPT    (W): @"Scripts/Game/Campaign/SCR_PlayerProfileManagerComponent.c,142": 'PlayerData' is obsolete
17:02:34.873    SCRIPT    (W): @"Scripts/Game/UI/Backend/CareerBackend.c,159": 'GetDSSession' is obsolete
17:02:34.874    SCRIPT    (W): @"Scripts/Game/UI/Backend/CareerBackend.c,162": 'RoomID' is obsolete
17:02:34.874    SCRIPT    (W): @"Scripts/Game/UI/Backend/CareerBackend.c,197": 'GetDSSession' is obsolete
17:02:34.874    SCRIPT    (W): @"Scripts/Game/UI/Backend/CareerBackend.c,201": 'RoomID' is obsolete
17:02:34.965    SCRIPT    (W): @"Scripts/Game/DataCollection/SCR_DataCollectorComponent.c,481": 'GetStorage' is obsolete
17:02:34.966    SCRIPT    (W): @"Scripts/Game/DataCollection/SCR_DataCollectorComponent.c,483": 'GetOnlineWritePrivilege' is obsolete
17:02:34.969    SCRIPT    (W): @"Scripts/Game/Utilities/SCR_PlayerIdentityUtils.c,20": 'GetPlayerIdentityId' is obsolete
17:02:35.011    SCRIPT    (W): @"Scripts/Game/UI/Menu/MainMenuUI.c,643": 'GetNotifyCount' is obsolete: Will be substitued by Notification Api.
17:02:35.011    SCRIPT    (W): @"Scripts/Game/UI/Menu/MainMenuUI.c,645": 'GetNotifyItem' is obsolete: Will be substitued by Notification Api.
17:02:35.069    SCRIPT    (W): @"Scripts/Game/DataCollection/PlayerData/SCR_PlayerData.c,210": 'PlayerData' is obsolete
17:02:35.087    RESOURCES    : GetResourceObject @"{37578B1666981FCE}Prefabs/Characters/Core/Character_Base.et"
17:02:35.088     WORLD        : Entity prefab load @"{37578B1666981FCE}Prefabs/Characters/Core/Character_Base.et"
17:02:35.088      WORLD     (E): Unknown class 'SCR_ChimeraCharacter' at offset 21(0x15)
17:02:35.088      ENGINE    (W): Can't load prefab Prefabs/Characters/Core/Character_Base.et
17:02:35.088     RESOURCES (E): Failed to load
17:02:35.327    SCRIPT       : Module: WorkbenchGame; loaded 170x files; 615x classes; used 2477K of static memory; defines: "ENF_WB,WORKBENCH,PLATFORM_WINDOWS,ENABLE_DIAG,ENF_ENABLE_VHC_OVERRIDE,ENF_ENABLE_RPLCOMPONENT_IN_GAMECODE"; CRC32: 8db9d524
17:02:35.334    SCRIPT       : Module: Game; loaded 5951x files; 11486x classes; used 33051K of static memory; defines: "ENF_WB,WORKBENCH,PLATFORM_WINDOWS,ENABLE_DIAG,ENF_ENABLE_VHC_OVERRIDE,ENF_ENABLE_RPLCOMPONENT_IN_GAMECODE,ENABLE_BASE_DESTRUCTION,BUDGET_OPTIMIZATION_CHECKS,SHOW_DISCLAIMER,DEBUG,RESPAWN_TIMER_COMPONENT_DEBUG,GAME_MODE_DEBUG,DEBUG_CONFIGURABLE_DIALOGS,DISABLE_WEAPON_SWITCHING,SCRIPTED_AIM_MODIFIER_DEBUG"; CRC32: 4460061c
17:02:35.409   PROFILING    : Compiling Game scripts took: 1994.374000 ms
17:02:35.414   INIT         : Creating game instance(ArmaReforgerScripted), version 1.8.0.10 built 2026-07-31 15:18:14 UTC.
17:02:35.437   ENGINE    (E): BackendDebug:: cannot create directory ($logs:.backend/)
17:02:35.494   ENGINE       : Game successfully created.
17:02:35.494   PLATFORM  (E): Steamworks: SteamAPI_Init failed. Is Steam running?
17:02:35.494   PLATFORM  (E): Could not initialize platform services.
17:02:35.494  PROFILING    : Workbench Create Game took: 2187.216500 ms
17:12:39.148   ENGINE       : FileSystem: Adding relative directory 'C:\Users\jaco5\Documents\My Games\ArmaReforgerWorkbench\profile' to filesystem under name profile
17:12:39.149   ENGINE       : FileSystem: Current working directory: 'C:\Users\jaco5\Documents\My Games\ArmaReforgerWorkbench\addons\Oaschloch\RAMI_AdvancedMedicalInterface\'
17:12:39.150  PROFILING    : Workbench Create Engine took: 5.784500 ms
17:12:40.169   INIT         : INIT         : Workbench Init Engine
17:12:40.169   DEFAULT      : Change in Qt version detected (unknown -> 6.8.3). Clearing layouts registry.
17:12:40.171   ENGINE       : Initializing engine, version 191843
17:12:40.171   ENGINE       : CLI Params: -gproj C:\Users\jaco5\Documents\My Games\ArmaReforgerWorkbench\addons\Oaschloch\RAMI_AdvancedMedicalInterface\RAMI_AdvancedMedicalInterface.gproj -addonsDir C:\Program Files (x86)\Steam\steamapps\common\Arma Reforger\addons,C:\Users\jaco5\Documents\My Games\ArmaReforger\addons,C:\Users\jaco5\Documents\My Games\ArmaReforgerWorkbench\addons 
17:12:40.214   ENGINE       : Addon dirs:
17:12:40.214    ENGINE       : dir: 'C:/Users/jaco5/Documents/My Games/ArmaReforgerWorkbench/addons/Oaschloch/RAMI_AdvancedMedicalInterface/'
17:12:40.214    ENGINE       : dir: 'C:/Program Files (x86)/Steam/steamapps/common/Arma Reforger/addons'
17:12:40.214    ENGINE       : dir: 'C:/Users/jaco5/Documents/My Games/ArmaReforger/addons'
17:12:40.214    ENGINE       : dir: './addons'
17:12:40.214    ENGINE       : dir: 'C:/Users/jaco5/Documents/My Games/ArmaReforgerWorkbench/addons'
17:12:40.214   ENGINE       : Available addons:
17:12:40.214    ENGINE       : gproj: 'C:/Users/jaco5/Documents/My Games/ArmaReforgerWorkbench/addons/Oaschloch/RAMI_AdvancedMedicalInterface/RAMI_AdvancedMedicalInterface.gproj' guid: 'D36C5B996922FFDE'
17:12:40.215    ENGINE       : gproj: 'C:/Program Files (x86)/Steam/steamapps/common/Arma Reforger/addons/core/core.gproj' guid: '5614BBCCBB55ED1C' (packed)
17:12:40.215    ENGINE       : gproj: 'C:/Program Files (x86)/Steam/steamapps/common/Arma Reforger/addons/data/ArmaReforger.gproj' guid: '58D0FB3206B6F859' (packed)
17:12:40.215    ENGINE       : gproj: 'C:/Users/jaco5/Documents/My Games/ArmaReforger/addons/15thMEUTeleporter_6858E3C74D3CB594/addon.gproj' guid: '6858E3C74D3CB594' (packed)
17:12:40.215    ENGINE       : gproj: 'C:/Users/jaco5/Documents/My Games/ArmaReforger/addons/506IRRU-EnhancedRadio_672B0395726428B6/addon.gproj' guid: '672B0395726428B6' (packed)
17:12:40.215    ENGINE       : gproj: 'C:/Users/jaco5/Documents/My Games/ArmaReforger/addons/506IRRU-GMContactView_684E4A9994D415E5/addon.gproj' guid: '684E4A9994D415E5' (packed)
17:12:40.215    ENGINE       : gproj: 'C:/Users/jaco5/Documents/My Games/ArmaReforger/addons/AccurateMapMarkers_670C26EAB7B57C77/addon.gproj' guid: '670C26EAB7B57C77' (packed)
17:12:40.215    ENGINE       : gproj: 'C:/Users/jaco5/Documents/My Games/ArmaReforger/addons/ACEAllinOneDev_65AD7BE594439A52/dev.gproj' guid: '65AD7BE594439A52' (packed)
17:12:40.215    ENGINE       : gproj: 'C:/Users/jaco5/Documents/My Games/ArmaReforger/addons/ACEBackblastDev_65AD7C139EB4C1A1/dev.gproj' guid: '65AD7C139EB4C1A1' (packed)
17:12:40.216    ENGINE       : gproj: 'C:/Users/jaco5/Documents/My Games/ArmaReforger/addons/ACEBallisticsDev_68F77A54920B80AF/dev.gproj' guid: '68F77A54920B80AF' (packed)
17:12:40.216    ENGINE       : gproj: 'C:/Users/jaco5/Documents/My Games/ArmaReforger/addons/ACECaptivesDev_65AD7C249E4ECDFB/dev.gproj' guid: '65AD7C249E4ECDFB' (packed)
17:12:40.216    ENGINE       : gproj: 'C:/Users/jaco5/Documents/My Games/ArmaReforger/addons/ACECarryingDev_65AD7C379CBD394D/dev.gproj' guid: '65AD7C379CBD394D' (packed)
17:12:40.216    ENGINE       : gproj: 'C:/Users/jaco5/Documents/My Games/ArmaReforger/addons/ACEChoppingDev_65AD7BCC9F6B3B4E/dev.gproj' guid: '65AD7BCC9F6B3B4E' (packed)
17:12:40.216    ENGINE       : gproj: 'C:/Users/jaco5/Documents/My Games/ArmaReforger/addons/ACECompassDev_65AD7CF69FAF1FDD/dev.gproj' guid: '65AD7CF69FAF1FDD' (packed)
17:12:40.216    ENGINE       : gproj: 'C:/Users/jaco5/Documents/My Games/ArmaReforger/addons/ACECook-OffDev_664AFDC993C9CE1A/dev.gproj' guid: '664AFDC993C9CE1A' (packed)
17:12:40.216    ENGINE       : gproj: 'C:/Users/jaco5/Documents/My Games/ArmaReforger/addons/ACECoreDev_65AD7D0D9941A380/dev.gproj' guid: '65AD7D0D9941A380' (packed)
17:12:40.216    ENGINE       : gproj: 'C:/Users/jaco5/Documents/My Games/ArmaReforger/addons/ACEExplosivesDev_65AD7D1E9EEAFA53/dev.gproj' guid: '65AD7D1E9EEAFA53' (packed)
17:12:40.217    ENGINE       : gproj: 'C:/Users/jaco5/Documents/My Games/ArmaReforger/addons/ACEFacepaintDev_68EAA4B96976D557/dev.gproj' guid: '68EAA4B96976D557' (packed)
17:12:40.217    ENGINE       : gproj: 'C:/Users/jaco5/Documents/My Games/ArmaReforger/addons/ACEFingerDev_65AD7D2E9866FA6E/dev.gproj' guid: '65AD7D2E9866FA6E' (packed)
17:12:40.217    ENGINE       : gproj: 'C:/Users/jaco5/Documents/My Games/ArmaReforger/addons/ACEMagazineRepackDev_65AD7D4099944EBD/dev.gproj' guid: '65AD7D4099944EBD' (packed)
17:12:40.217    ENGINE       : gproj: 'C:/Users/jaco5/Documents/My Games/ArmaReforger/addons/ACEMedicalBreathingDev_671F73D99978B4F2/dev.gproj' guid: '671F73D99978B4F2' (packed)
17:12:40.217    ENGINE       : gproj: 'C:/Users/jaco5/Documents/My Games/ArmaReforger/addons/ACEMedicalCirculationDev_65AD7D4F994EA327/dev.gproj' guid: '65AD7D4F994EA327' (packed)
17:12:40.217    ENGINE       : gproj: 'C:/Users/jaco5/Documents/My Games/ArmaReforger/addons/ACEMedicalCoreDev_6586079789278413/dev.gproj' guid: '6586079789278413' (packed)
17:12:40.217    ENGINE       : gproj: 'C:/Users/jaco5/Documents/My Games/ArmaReforger/addons/ACEMedicalHitzonesDev_65B343F799FB521B/dev.gproj' guid: '65B343F799FB521B' (packed)
17:12:40.217    ENGINE       : gproj: 'C:/Users/jaco5/Documents/My Games/ArmaReforger/addons/ACEOverheatingDev_65B8EA178A3E94E3/dev.gproj' guid: '65B8EA178A3E94E3' (packed)
17:12:40.218    ENGINE       : gproj: 'C:/Users/jaco5/Documents/My Games/ArmaReforger/addons/ACERadioDev_65AD7C75826B46C6/dev.gproj' guid: '65AD7C75826B46C6' (packed)
17:12:40.218    ENGINE       : gproj: 'C:/Users/jaco5/Documents/My Games/ArmaReforger/addons/ACEScopesDev_68FC0EDE9F677A3C/dev.gproj' guid: '68FC0EDE9F677A3C' (packed)
17:12:40.218    ENGINE       : gproj: 'C:/Users/jaco5/Documents/My Games/ArmaReforger/addons/ACETacticalLadderDev_65AD7CB89F219E38/dev.gproj' guid: '65AD7CB89F219E38' (packed)
17:12:40.218    ENGINE       : gproj: 'C:/Users/jaco5/Documents/My Games/ArmaReforger/addons/ACETacticalPeriscopeDev_65AD7CD09CAEC4E2/dev.gproj' guid: '65AD7CD09CAEC4E2' (packed)
17:12:40.218    ENGINE       : gproj: 'C:/Users/jaco5/Documents/My Games/ArmaReforger/addons/ACETrenchesDev_65AD7CE59E8DB349/dev.gproj' guid: '65AD7CE59E8DB349' (packed)
17:12:40.218    ENGINE       : gproj: 'C:/Users/jaco5/Documents/My Games/ArmaReforger/addons/ACEWeatherDev_667B230F9505C8BA/dev.gproj' guid: '667B230F9505C8BA' (packed)
17:12:40.218    ENGINE       : gproj: 'C:/Users/jaco5/Documents/My Games/ArmaReforger/addons/AIHornyMute_6877455D094BA18C/addon.gproj' guid: '6877455D094BA18C' (packed)
17:12:40.218    ENGINE       : gproj: 'C:/Users/jaco5/Documents/My Games/ArmaReforger/addons/AKI_Core_62CCD69DD17E4F2F/addon.gproj' guid: '62CCD69DD17E4F2F' (packed)
17:12:40.219    ENGINE       : gproj: 'C:/Users/jaco5/Documents/My Games/ArmaReforger/addons/AnarchyMarkersxGRS-ATAKDEV_69DA0119707F0354/addon.gproj' guid: '69DA0119707F0354' (packed)
17:12:40.219    ENGINE       : gproj: 'C:/Users/jaco5/Documents/My Games/ArmaReforger/addons/AnarchyMarkers_69A510CE600D1126/addon.gproj' guid: '69A510CE600D1126' (packed)
17:12:40.219    ENGINE       : gproj: 'C:/Users/jaco5/Documents/My Games/ArmaReforger/addons/ArmaTerrainCore_60B524F7A5AE96A8/addon.gproj' guid: '60B524F7A5AE96A8' (packed)
17:12:40.219    ENGINE       : gproj: 'C:/Users/jaco5/Documents/My Games/ArmaReforger/addons/BaconLoadoutEditor_606B100247F5C709/addon.gproj' guid: '606B100247F5C709' (packed)
17:12:40.219    ENGINE       : gproj: 'C:/Users/jaco5/Documents/My Games/ArmaReforger/addons/BMP-1IFV_5E524E4FEECCA92B/addon.gproj' guid: '5E524E4FEECCA92B' (packed)
17:12:40.219    ENGINE       : gproj: 'C:/Users/jaco5/Documents/My Games/ArmaReforger/addons/bonz_Core_671B4DD7897732BC/addon.gproj' guid: '671B4DD7897732BC' (packed)
17:12:40.219    ENGINE       : gproj: 'C:/Users/jaco5/Documents/My Games/ArmaReforger/addons/bonz_UnitLoadout_671B4B88A1397B9D/addon.gproj' guid: '671B4B88A1397B9D' (packed)
17:12:40.219    ENGINE       : gproj: 'C:/Users/jaco5/Documents/My Games/ArmaReforger/addons/BundeswehrMod_59673B087BFF710C/addon.gproj' guid: '59673B087BFF710C' (packed)
17:12:40.219    ENGINE       : gproj: 'C:/Users/jaco5/Documents/My Games/ArmaReforger/addons/COALITIONSquadInterface_5B0D1E4380971EBD/addon.gproj' guid: '5B0D1E4380971EBD' (packed)
17:12:40.220    ENGINE       : gproj: 'C:/Users/jaco5/Documents/My Games/ArmaReforger/addons/CRXEnfusionA.I._5F268647F8A1A1F4/addon.gproj' guid: '5F268647F8A1A1F4' (packed)
17:12:40.220    ENGINE       : gproj: 'C:/Users/jaco5/Documents/My Games/ArmaReforger/addons/Deathsoundeffect_69D4B8A05C764676/addon.gproj' guid: '69D4B8A05C764676' (packed)
17:12:40.220    ENGINE       : gproj: 'C:/Users/jaco5/Documents/My Games/ArmaReforger/addons/DisableAIVoice_65254226BB9B318C/addon.gproj' guid: '65254226BB9B318C' (packed)
17:12:40.220    ENGINE       : gproj: 'C:/Users/jaco5/Documents/My Games/ArmaReforger/addons/DisableGameMasterBudgets_5F2944B7474F043F/addon.gproj' guid: '5F2944B7474F043F' (packed)
17:12:40.220    ENGINE       : gproj: 'C:/Users/jaco5/Documents/My Games/ArmaReforger/addons/DisableVONunconscious_5EF8AADD3B3C81F2/addon.gproj' guid: '5EF8AADD3B3C81F2' (packed)
17:12:40.220    ENGINE       : gproj: 'C:/Users/jaco5/Documents/My Games/ArmaReforger/addons/EchoesofHellCombatUniform_6938932990A07E9A/addon.gproj' guid: '6938932990A07E9A' (packed)
17:12:40.220    ENGINE       : gproj: 'C:/Users/jaco5/Documents/My Games/ArmaReforger/addons/EnfusionDatabaseFramework_5D6EA74A94173EDF/EnfusionDatabaseFramework.gproj' guid: '5D6EA74A94173EDF' (packed)
17:12:40.220    ENGINE       : gproj: 'C:/Users/jaco5/Documents/My Games/ArmaReforger/addons/ExpandedSalineBags_6A05287AF042071B/addon.gproj' guid: '6A05287AF042071B' (packed)
17:12:40.221    ENGINE       : gproj: 'C:/Users/jaco5/Documents/My Games/ArmaReforger/addons/FMTV_65B60A48AEC31157/addon.gproj' guid: '65B60A48AEC31157' (packed)
17:12:40.221    ENGINE       : gproj: 'C:/Users/jaco5/Documents/My Games/ArmaReforger/addons/GameMasterCopyPaste_60CC94C046837439/addon.gproj' guid: '60CC94C046837439' (packed)
17:12:40.221    ENGINE       : gproj: 'C:/Users/jaco5/Documents/My Games/ArmaReforger/addons/GCSuppression_684CE8AA3B1D6573/addon.gproj' guid: '684CE8AA3B1D6573' (packed)
17:12:40.221    ENGINE       : gproj: 'C:/Users/jaco5/Documents/My Games/ArmaReforger/addons/GMTools_64F10E068D5880A6/addon.gproj' guid: '64F10E068D5880A6' (packed)
17:12:40.221    ENGINE       : gproj: 'C:/Users/jaco5/Documents/My Games/ArmaReforger/addons/GMVONFIXES_6954C37737DD56C8/addon.gproj' guid: '6954C37737DD56C8' (packed)
17:12:40.221    ENGINE       : gproj: 'C:/Users/jaco5/Documents/My Games/ArmaReforger/addons/GRS-Apparel_65157D09F042428A/addon.gproj' guid: '65157D09F042428A' (packed)
17:12:40.221    ENGINE       : gproj: 'C:/Users/jaco5/Documents/My Games/ArmaReforger/addons/GRS-ATAKDEV_69397BEDF03981C8/addon.gproj' guid: '69397BEDF03981C8' (packed)
17:12:40.221    ENGINE       : gproj: 'C:/Users/jaco5/Documents/My Games/ArmaReforger/addons/GRS-ATAKPluginCore_69F76987DB9F2214/addon.gproj' guid: '69F76987DB9F2214' (packed)
17:12:40.221    ENGINE       : gproj: 'C:/Users/jaco5/Documents/My Games/ArmaReforger/addons/GRS-BeltsAMPBagsAMPDroplegs_65183608D6DA5728/addon.gproj' guid: '65183608D6DA5728' (packed)
17:12:40.222    ENGINE       : gproj: 'C:/Users/jaco5/Documents/My Games/ArmaReforger/addons/GRS-DevFramework_65DACC64CE785B6C/addon.gproj' guid: '65DACC64CE785B6C' (packed)
17:12:40.222    ENGINE       : gproj: 'C:/Users/jaco5/Documents/My Games/ArmaReforger/addons/GRS-Essentials_6515672F96701110/addon.gproj' guid: '6515672F96701110' (packed)
17:12:40.222    ENGINE       : gproj: 'C:/Users/jaco5/Documents/My Games/ArmaReforger/addons/GRS-ModularVestsAMPRigs_651834C8D77BF86B/addon.gproj' guid: '651834C8D77BF86B' (packed)
17:12:40.222    ENGINE       : gproj: 'C:/Users/jaco5/Documents/My Games/ArmaReforger/addons/GRS-Patches_657B064AE0E231DF/addon.gproj' guid: '657B064AE0E231DF' (packed)
17:12:40.222    ENGINE       : gproj: 'C:/Users/jaco5/Documents/My Games/ArmaReforger/addons/GRS-ShadowsCore_68821D86AF3AE823/addon.gproj' guid: '68821D86AF3AE823' (packed)
17:12:40.222    ENGINE       : gproj: 'C:/Users/jaco5/Documents/My Games/ArmaReforger/addons/GRS-ShadowsPistolPack_66D45442A2D79E40/addon.gproj' guid: '66D45442A2D79E40' (packed)
17:12:40.222    ENGINE       : gproj: 'C:/Users/jaco5/Documents/My Games/ArmaReforger/addons/GRSATAK-RiptideMQ9Plugin_6A206D52FF406968/addon.gproj' guid: '6A206D52FF406968' (packed)
17:12:40.223    ENGINE       : gproj: 'C:/Users/jaco5/Documents/My Games/ArmaReforger/addons/GRSLoadoutsbyRelaxo_6884A83BA6946CFD/addon.gproj' guid: '6884A83BA6946CFD' (packed)
17:12:40.223    ENGINE       : gproj: 'C:/Users/jaco5/Documents/My Games/ArmaReforger/addons/GRSNVGS_6A2A460F6FE4B59A/addon.gproj' guid: '6A2A460F6FE4B59A' (packed)
17:12:40.223    ENGINE       : gproj: 'C:/Users/jaco5/Documents/My Games/ArmaReforger/addons/HmmwvVariants_69F415A5B15EC350/addon.gproj' guid: '69F415A5B15EC350' (packed)
17:12:40.223    ENGINE       : gproj: 'C:/Users/jaco5/Documents/My Games/ArmaReforger/addons/INFNoMapAssists_68C8814DB8F259A7/addon.gproj' guid: '68C8814DB8F259A7' (packed)
17:12:40.223    ENGINE       : gproj: 'C:/Users/jaco5/Documents/My Games/ArmaReforger/addons/InventoryBoxes_A1E6470C8DBF3952/addon.gproj' guid: 'A1E6470C8DBF3952' (packed)
17:12:40.223    ENGINE       : gproj: 'C:/Users/jaco5/Documents/My Games/ArmaReforger/addons/KeepGunWhenUncon_6088A3044B7ECBFD/addon.gproj' guid: '6088A3044B7ECBFD' (packed)
17:12:40.223    ENGINE       : gproj: 'C:/Users/jaco5/Documents/My Games/ArmaReforger/addons/LunacyAudio_64DE57C0A1601D14/addon.gproj' guid: '64DE57C0A1601D14' (packed)
17:12:40.223    ENGINE       : gproj: 'C:/Users/jaco5/Documents/My Games/ArmaReforger/addons/M1Abrams_5D1880C4AD410C14/addon.gproj' guid: '5D1880C4AD410C14' (packed)
17:12:40.224    ENGINE       : gproj: 'C:/Users/jaco5/Documents/My Games/ArmaReforger/addons/M2BradleyFightingVehicle_63120AE07E6C0966/addon.gproj' guid: '63120AE07E6C0966' (packed)
17:12:40.224    ENGINE       : gproj: 'C:/Users/jaco5/Documents/My Games/ArmaReforger/addons/MapDrawing_656AC01634459D8D/addon.gproj' guid: '656AC01634459D8D' (packed)
17:12:40.224    ENGINE       : gproj: 'C:/Users/jaco5/Documents/My Games/ArmaReforger/addons/MiddleEastInsurgents_64CEC8E005828E5D/addon.gproj' guid: '64CEC8E005828E5D' (packed)
17:12:40.224    ENGINE       : gproj: 'C:/Users/jaco5/Documents/My Games/ArmaReforger/addons/MikesUI_B3F91C6A4E275D08/addon.gproj' guid: 'B3F91C6A4E275D08' (packed)
17:12:40.224    ENGINE       : gproj: 'C:/Users/jaco5/Documents/My Games/ArmaReforger/addons/ModularVoiceRange_648297C0F03CE43A/addon.gproj' guid: '648297C0F03CE43A' (packed)
17:12:40.224    ENGINE       : gproj: 'C:/Users/jaco5/Documents/My Games/ArmaReforger/addons/NoWeaponDropUnconscious_60612C225328522E/addon.gproj' guid: '60612C225328522E' (packed)
17:12:40.224    ENGINE       : gproj: 'C:/Users/jaco5/Documents/My Games/ArmaReforger/addons/NTFBasic_65A104ABB3A3AA92/addon.gproj' guid: '65A104ABB3A3AA92' (packed)
17:12:40.224    ENGINE       : gproj: 'C:/Users/jaco5/Documents/My Games/ArmaReforger/addons/NTFServerTracker-New_69AEB37757AE2239/NTF_ServerTracker.gproj' guid: '69AEB37757AE2239' (packed)
17:12:40.224    ENGINE       : gproj: 'C:/Users/jaco5/Documents/My Games/ArmaReforger/addons/NTFVoice_689D68CAD25BC03D/addon.gproj' guid: '689D68CAD25BC03D' (packed)
17:12:40.224    ENGINE       : gproj: 'C:/Users/jaco5/Documents/My Games/ArmaReforger/addons/OpsTrack_6660ABEECE887CC5/addon.gproj' guid: '6660ABEECE887CC5' (packed)
17:12:40.224    ENGINE       : gproj: 'C:/Users/jaco5/Documents/My Games/ArmaReforger/addons/OPZargabadRaid_6A126ADCB39EECB3/addon.gproj' guid: '6A126ADCB39EECB3' (packed)
17:12:40.224    ENGINE       : gproj: 'C:/Users/jaco5/Documents/My Games/ArmaReforger/addons/OutsideTerrainCore_61F0D506562D9BC9/addon.gproj' guid: '61F0D506562D9BC9' (packed)
17:12:40.225    ENGINE       : gproj: 'C:/Users/jaco5/Documents/My Games/ArmaReforger/addons/PlayerMapMarkers_5E92F5A4A1B75A75/addon.gproj' guid: '5E92F5A4A1B75A75' (packed)
17:12:40.225    ENGINE       : gproj: 'C:/Users/jaco5/Documents/My Games/ArmaReforger/addons/RHS-ContentPack01_1337C0DE5DABBEEF/addon.gproj' guid: '1337C0DE5DABBEEF' (packed)
17:12:40.225    ENGINE       : gproj: 'C:/Users/jaco5/Documents/My Games/ArmaReforger/addons/RHS-ContentPack02_BADC0DEDABBEDA5E/addon.gproj' guid: 'BADC0DEDABBEDA5E' (packed)
17:12:40.225    ENGINE       : gproj: 'C:/Users/jaco5/Documents/My Games/ArmaReforger/addons/RHS-StatusQuo_595F2BF2F44836FB/addon.gproj' guid: '595F2BF2F44836FB' (packed)
17:12:40.225    ENGINE       : gproj: 'C:/Users/jaco5/Documents/My Games/ArmaReforger/addons/RiptideMQ9_6A06151E0B217C93/addon.gproj' guid: '6A06151E0B217C93' (packed)
17:12:40.225    ENGINE       : gproj: 'C:/Users/jaco5/Documents/My Games/ArmaReforger/addons/SagesFramework_8CBB11B3B769A055/SagesFramework.gproj' guid: '8CBB11B3B769A055' (packed)
17:12:40.225    ENGINE       : gproj: 'C:/Users/jaco5/Documents/My Games/ArmaReforger/addons/ServerAdminTools_5AAAC70D754245DD/addon.gproj' guid: '5AAAC70D754245DD' (packed)
17:12:40.226    ENGINE       : gproj: 'C:/Users/jaco5/Documents/My Games/ArmaReforger/addons/ServerRulesQuiz_5C3B9E8A7D1F4C2B/addon.gproj' guid: '5C3B9E8A7D1F4C2B' (packed)
17:12:40.226    ENGINE       : gproj: 'C:/Users/jaco5/Documents/My Games/ArmaReforger/addons/SHEnhancedCombatEffects_69C34933FD556CEF/addon.gproj' guid: '69C34933FD556CEF' (packed)
17:12:40.226    ENGINE       : gproj: 'C:/Users/jaco5/Documents/My Games/ArmaReforger/addons/SpaceCore_5E389BB9F58B79A6/addon.gproj' guid: '5E389BB9F58B79A6' (packed)
17:12:40.226    ENGINE       : gproj: 'C:/Users/jaco5/Documents/My Games/ArmaReforger/addons/T-72MainBattleTank_5E0AB16BEB16D6A4/addon.gproj' guid: '5E0AB16BEB16D6A4' (packed)
17:12:40.226    ENGINE       : gproj: 'C:/Users/jaco5/Documents/My Games/ArmaReforger/addons/Takistan_615EEBD9BDFEEE9B/addon.gproj' guid: '615EEBD9BDFEEE9B' (packed)
17:12:40.226    ENGINE       : gproj: 'C:/Users/jaco5/Documents/My Games/ArmaReforger/addons/TFUDisableGMBudgets_657E2435156A097F/addon.gproj' guid: '657E2435156A097F' (packed)
17:12:40.226    ENGINE       : gproj: 'C:/Users/jaco5/Documents/My Games/ArmaReforger/addons/TraceVehCore_632F64CB7D65D1FC/addon.gproj' guid: '632F64CB7D65D1FC' (packed)
17:12:40.226    ENGINE       : gproj: 'C:/Users/jaco5/Documents/My Games/ArmaReforger/addons/WalkingSpeedIndicator_6A1E9F43B2C74D18/addon.gproj' guid: '6A1E9F43B2C74D18' (packed)
17:12:40.226    ENGINE       : gproj: 'C:/Users/jaco5/Documents/My Games/ArmaReforger/addons/WCS_AH-6M_6273146ADFE8241D/addon.gproj' guid: '6273146ADFE8241D' (packed)
17:12:40.227    ENGINE       : gproj: 'C:/Users/jaco5/Documents/My Games/ArmaReforger/addons/WCS_Armaments_629B2BA37EFFD577/addon.gproj' guid: '629B2BA37EFFD577' (packed)
17:12:40.227    ENGINE       : gproj: 'C:/Users/jaco5/Documents/My Games/ArmaReforger/addons/WCS_Attachments_61C74A8B647617DA/addon.gproj' guid: '61C74A8B647617DA' (packed)
17:12:40.227    ENGINE       : gproj: 'C:/Users/jaco5/Documents/My Games/ArmaReforger/addons/WCS_Earplugs_612F512CD4CB21D5/addon.gproj' guid: '612F512CD4CB21D5' (packed)
17:12:40.227    ENGINE       : gproj: 'C:/Users/jaco5/Documents/My Games/ArmaReforger/addons/WCS_NATO_615806DC6C57AF02/addon.gproj' guid: '615806DC6C57AF02' (packed)
17:12:40.227    ENGINE       : gproj: 'C:/Users/jaco5/Documents/My Games/ArmaReforger/addons/WCS_RU_615818DA7C0343FD/addon.gproj' guid: '615818DA7C0343FD' (packed)
17:12:40.227    ENGINE       : gproj: 'C:/Users/jaco5/Documents/My Games/ArmaReforger/addons/WCS_Scopes_62A668F513428630/addon.gproj' guid: '62A668F513428630' (packed)
17:12:40.227    ENGINE       : gproj: 'C:/Users/jaco5/Documents/My Games/ArmaReforger/addons/WCS_Sounds_631C3C1AEE9C90BC/addon.gproj' guid: '631C3C1AEE9C90BC' (packed)
17:12:40.227    ENGINE       : gproj: 'C:/Users/jaco5/Documents/My Games/ArmaReforger/addons/WCS_VehicleLock_61BA4EB5C886D396/addon.gproj' guid: '61BA4EB5C886D396' (packed)
17:12:40.228    ENGINE       : gproj: 'C:/Users/jaco5/Documents/My Games/ArmaReforger/addons/WCS_Weapons_65CF7AE8574E06D2/addon.gproj' guid: '65CF7AE8574E06D2' (packed)
17:12:40.228    ENGINE       : gproj: 'C:/Users/jaco5/Documents/My Games/ArmaReforger/addons/WCS_Weapon_Scripts_68F006D910E7546F/addon.gproj' guid: '68F006D910E7546F' (packed)
17:12:40.228    ENGINE       : gproj: 'C:/Users/jaco5/Documents/My Games/ArmaReforger/addons/XimsInsurgents_69A6E371DAA7BCFC/addon.gproj' guid: '69A6E371DAA7BCFC' (packed)
17:12:40.228    ENGINE       : gproj: 'C:/Users/jaco5/Documents/My Games/ArmaReforger/addons/XimsLoadoutEditor_68909A97C613D81C/addon.gproj' guid: '68909A97C613D81C' (packed)
17:12:40.228    ENGINE       : gproj: 'C:/Users/jaco5/Documents/My Games/ArmaReforger/addons/Zargabad_662B602B3F823F27/addon.gproj' guid: '662B602B3F823F27' (packed)
17:12:40.228    ENGINE       : gproj: 'C:/Users/jaco5/Documents/My Games/ArmaReforger/addons/ZSU-23-4Shilka_62D15D0025AE021B/addon.gproj' guid: '62D15D0025AE021B' (packed)
17:12:40.228    ENGINE       : gproj: 'C:/Users/jaco5/Documents/My Games/ArmaReforgerWorkbench/addons/Expanded Saline Bags - AMF/addon.gproj' guid: '6A0D301D193ECB25'
17:12:40.228    ENGINE       : gproj: 'C:/Users/jaco5/Documents/My Games/ArmaReforgerWorkbench/addons/Expanded Saline Bags - RHS/addon.gproj' guid: '6A0D35D2B4808E62'
17:12:40.229    ENGINE       : gproj: 'C:/Users/jaco5/Documents/My Games/ArmaReforgerWorkbench/addons/Expanded Saline Bags - UK/addon.gproj' guid: '6A0D3D1BA4CE288F'
17:12:40.229    ENGINE       : gproj: 'C:/Users/jaco5/Documents/My Games/ArmaReforgerWorkbench/addons/France Loadouts by Relaxo/addon.gproj' guid: '687B06328B577A98'
17:12:40.229    ENGINE       : gproj: 'C:/Users/jaco5/Documents/My Games/ArmaReforgerWorkbench/addons/GMVehicleLock/addon.gproj' guid: 'A83D91C74F2E6B50'
17:12:40.229    ENGINE       : gproj: 'C:/Users/jaco5/Documents/My Games/ArmaReforgerWorkbench/addons/In God We Trust/addon.gproj' guid: '69770C017B580714'
17:12:40.229    ENGINE       : gproj: 'C:/Users/jaco5/Documents/My Games/ArmaReforgerWorkbench/addons/OperationKitKat/addon.gproj' guid: '6A231C34A4CF289E'
17:12:40.229   ENGINE       : FileSystem: Adding relative directory 'C:\Users\jaco5\Documents\My Games\ArmaReforgerWorkbench\addons\Oaschloch\RAMI_AdvancedMedicalInterface' to filesystem under name RAMI_AdvancedMedicalInterface
17:12:40.230   ENGINE       : FileSystem: Adding package 'C:/Users/jaco5/Documents/My Games/ArmaReforger/addons/ExpandedSalineBags_6A05287AF042071B/' (pak count: 1) to filesystem under name ExpandedSalineBags
17:12:40.230   ENGINE       : FileSystem: Adding package 'C:/Users/jaco5/Documents/My Games/ArmaReforger/addons/ACECarryingDev_65AD7C379CBD394D/' (pak count: 1) to filesystem under name ACE_Carrying_Dev
17:12:40.232   ENGINE       : FileSystem: Adding package 'C:/Users/jaco5/Documents/My Games/ArmaReforger/addons/ACEMedicalHitzonesDev_65B343F799FB521B/' (pak count: 1) to filesystem under name ACE_Medical_Hitzones_Dev
17:12:40.233   ENGINE       : FileSystem: Adding package 'C:/Users/jaco5/Documents/My Games/ArmaReforger/addons/ACEMedicalCirculationDev_65AD7D4F994EA327/' (pak count: 1) to filesystem under name ACE_Medical_Circulation_Dev
17:12:40.234   ENGINE       : FileSystem: Adding package 'C:/Users/jaco5/Documents/My Games/ArmaReforger/addons/ACEMedicalCoreDev_6586079789278413/' (pak count: 1) to filesystem under name ACE_Medical_Core_Dev
17:12:40.235   ENGINE       : FileSystem: Adding package 'C:/Users/jaco5/Documents/My Games/ArmaReforger/addons/ACECoreDev_65AD7D0D9941A380/' (pak count: 1) to filesystem under name ACE_Core_Dev
17:12:40.374   ENGINE       : FileSystem: Adding package 'C:/Program Files (x86)/Steam/steamapps/common/Arma Reforger/addons/data/' (pak count: 14) to filesystem under name ArmaReforger
17:12:40.380   ENGINE       : FileSystem: Adding package 'C:/Program Files (x86)/Steam/steamapps/common/Arma Reforger/addons/core/' (pak count: 2) to filesystem under name core
17:12:40.380   ENGINE       : CPU vendor         : GenuineIntel
17:12:40.381   ENGINE       : CPU type           : 1
17:12:40.381   ENGINE       : CPU name           : Intel(R) Core(TM) i7-9750H CPU @ 2.60GHz
17:12:40.381   ENGINE       : CPU cache info     : L1 [Inst 32KB, Data 32KB], L2 [Unif 256KB], L3 [Unif 12288KB]
17:12:40.381   ENGINE       : CPU count logical  : 12
17:12:40.381   ENGINE       : CPU count physical : 6
17:12:40.381   ENGINE       : CPU features       : mmx sse sse2 sse3 ssse3 sse4_1 sse4_2 popcnt aesni pclmulqdq osxsave avx avx2
17:12:40.381   RESOURCES    : ResourceDB: loading cache (id=0 name=RAMI_AdvancedMedicalInterface path=C:\Users\jaco5\Documents\My Games\ArmaReforgerWorkbench\addons\Oaschloch\RAMI_AdvancedMedicalInterface/resourceDatabase.rdb)
17:12:40.382   RESOURCES    : ResourceDB: loading cache (id=1 name=ExpandedSalineBags path=C:/Users/jaco5/Documents/My Games/ArmaReforger/addons/ExpandedSalineBags_6A05287AF042071B/resourceDatabase.rdb)
17:12:40.382   RESOURCES    : ResourceDB: loading cache (id=2 name=ACE_Carrying_Dev path=C:/Users/jaco5/Documents/My Games/ArmaReforger/addons/ACECarryingDev_65AD7C379CBD394D/resourceDatabase.rdb)
17:12:40.383   RESOURCES    : ResourceDB: loading cache (id=3 name=ACE_Medical_Hitzones_Dev path=C:/Users/jaco5/Documents/My Games/ArmaReforger/addons/ACEMedicalHitzonesDev_65B343F799FB521B/resourceDatabase.rdb)
17:12:40.383   RESOURCES    : ResourceDB: loading cache (id=4 name=ACE_Medical_Circulation_Dev path=C:/Users/jaco5/Documents/My Games/ArmaReforger/addons/ACEMedicalCirculationDev_65AD7D4F994EA327/resourceDatabase.rdb)
17:12:40.384   RESOURCES    : ResourceDB: loading cache (id=5 name=ACE_Medical_Core_Dev path=C:/Users/jaco5/Documents/My Games/ArmaReforger/addons/ACEMedicalCoreDev_6586079789278413/resourceDatabase.rdb)
17:12:40.384   RESOURCES    : ResourceDB: loading cache (id=6 name=ACE_Core_Dev path=C:/Users/jaco5/Documents/My Games/ArmaReforger/addons/ACECoreDev_65AD7D0D9941A380/resourceDatabase.rdb)
17:12:40.385   RESOURCES    : ResourceDB: loading cache (id=7 name=ArmaReforger path=C:/Program Files (x86)/Steam/steamapps/common/Arma Reforger/addons/data/resourceDatabase.rdb)
17:12:40.524   RESOURCES    : ResourceDB: loading cache (id=8 name=core path=C:/Program Files (x86)/Steam/steamapps/common/Arma Reforger/addons/core/resourceDatabase.rdb)
17:12:40.526   RESOURCES    : ResourceDB: loading cache (id=9 name=profile path=C:\Users\jaco5\Documents\My Games\ArmaReforgerWorkbench\profile/resourceDatabase.rdb)
17:12:40.692    RESOURCES    : RESOURCES    : ResourceDB: full scan
17:12:40.696     RESOURCES    : RESOURCES    : scanning...
17:12:40.696      RESOURCES    : RESOURCES    : scanning @"RAMI_AdvancedMedicalInterface"
17:12:40.699      RESOURCES    : RESOURCES    : scanning @"ExpandedSalineBags"
17:12:40.700      RESOURCES    : RESOURCES    : scanning @"ACE_Carrying_Dev"
17:12:40.702      RESOURCES    : RESOURCES    : scanning @"ACE_Medical_Hitzones_Dev"
17:12:40.704      RESOURCES    : RESOURCES    : scanning @"ACE_Medical_Circulation_Dev"
17:12:40.706      RESOURCES    : RESOURCES    : scanning @"ACE_Medical_Core_Dev"
17:12:40.709      RESOURCES    : RESOURCES    : scanning @"ACE_Core_Dev"
17:12:40.711      RESOURCES    : RESOURCES    : scanning @"ArmaReforger"
17:12:40.836      RESOURCES    : RESOURCES    : scanning @"core"
17:12:40.839      RESOURCES    : RESOURCES    : scanning @"profile"
17:12:40.840     RESOURCES    : RESOURCES    : processing meta-files...
17:12:40.841 INIT         : Workbench startup
17:12:40.841  INIT         : Workbench Init Engine
17:12:40.841   RESOURCES    : ResourceDB: full scan
17:12:40.841    RESOURCES    : processing meta-files...
17:12:40.842     RESOURCES (E): metafile without corresponding resource: '$RAMI_AdvancedMedicalInterface:UI/Textures/RAMI_BodyZones/RAMI_Tourniquet.edds.meta'
17:12:40.902     RESOURCES    : RESOURCES    : processing files...
17:12:40.906    RESOURCES    : processing files...
17:12:40.906     RESOURCES (W): resource not registered: @"$profile:AmbientSpawnConfig/config.json". Setting null GUID
17:12:40.907     RESOURCES (W): resource not registered: @"$profile:AmbientSpawnConfig/Templates/conflict_pve_ravage.json". Setting null GUID
17:12:40.907     RESOURCES (W): resource not registered: @"$profile:AmbientSpawnConfig/Templates/conflict_pve_robots.json". Setting null GUID
17:12:40.907     RESOURCES (W): resource not registered: @"$profile:AmbientSpawnConfig/Templates/conflict_ravage_as_fia.json". Setting null GUID
17:12:40.907     RESOURCES (W): resource not registered: @"$profile:AmbientSpawnConfig/Templates/default.json". Setting null GUID
17:12:40.908     RESOURCES (W): resource not registered: @"$profile:AmbientSpawnConfig/Templates/default_pve.json". Setting null GUID
17:12:40.908     RESOURCES (W): resource not registered: @"$profile:ArmaStatsBot/config.json". Setting null GUID
17:12:40.908     RESOURCES (W): resource not registered: @"$profile:ArmaStatsBot/global_2026_02.json". Setting null GUID
17:12:40.908     RESOURCES (W): resource not registered: @"$profile:ArmaStatsBot/global_2026_03.json". Setting null GUID
17:12:40.908     RESOURCES (W): resource not registered: @"$profile:ArmaStatsBot/global_2026_04.json". Setting null GUID
17:12:40.908     RESOURCES (W): resource not registered: @"$profile:ArmaStatsBot/playerstats.json". Setting null GUID
17:12:40.909     RESOURCES (W): resource not registered: @"$profile:CMPlayerStatsHUD/16e0b884-a2f2-49c5-a722-3b44148f8b26_playerstats.json". Setting null GUID
17:12:40.909     RESOURCES (W): resource not registered: @"$profile:CMPlayerStatsHUD/AdminServerSettings/AdminCanPromoteDemote.json". Setting null GUID
17:12:40.909     RESOURCES (W): resource not registered: @"$profile:CMPlayerStatsHUD/AdminServerSettings/AdminCanPromoteDemoteExemptions.json". Setting null GUID
17:12:40.909     RESOURCES (W): resource not registered: @"$profile:CMPlayerStatsHUD/AdminServerSettings/AdminCanPromoteDemoteExemptionsList.json". Setting null GUID
17:12:40.910     RESOURCES (W): resource not registered: @"$profile:CMPlayerStatsHUD/AdminServerSettings/OneTimeWipeAllPlayerXP.json". Setting null GUID
17:12:40.910     RESOURCES (W): resource not registered: @"$profile:CMPlayerStatsHUD/AdminServerSettings/PersistentRanks.json". Setting null GUID
17:12:40.910     RESOURCES (W): resource not registered: @"$profile:CMPlayerStatsHUD/AdminServerSettings/PlayerStatsSubMenuVisibility.json". Setting null GUID
17:12:40.910     RESOURCES (W): resource not registered: @"$profile:CMPlayerStatsHUD/AdminServerSettings/PunishAdminsForTeamKills.json". Setting null GUID
17:12:40.911     RESOURCES (W): resource not registered: @"$profile:CMPlayerStatsHUD/AdminServerSettings/RemoveVehicleKillsFromKDRatio.json". Setting null GUID
17:12:40.911     RESOURCES (W): resource not registered: @"$profile:CMPlayerStatsHUD/AdminServerSettings/SavingMethod.json". Setting null GUID
17:12:40.911     RESOURCES (W): resource not registered: @"$profile:CMPlayerStatsHUD/AdminServerSettings/ScenarioEndWipePlayerStats.json". Setting null GUID
17:12:40.911     RESOURCES (W): resource not registered: @"$profile:CMPlayerStatsHUD/AdminServerSettings/ScenarioEndWipePlayerXP.json". Setting null GUID
17:12:40.911     RESOURCES (W): resource not registered: @"$profile:CMPlayerStatsHUD/AdminServerSettings/ServerStartWipePlayerXP.json". Setting null GUID
17:12:40.911     RESOURCES (W): resource not registered: @"$profile:CMPlayerStatsHUD/AdminServerSettings/StatsAreOnlyVisibleInOwnHQ.json". Setting null GUID
17:12:40.912     RESOURCES (W): resource not registered: @"$profile:CMPlayerStatsHUD/AdminServerSettings/WipePlayerStatsExemptions.json". Setting null GUID
17:12:40.912     RESOURCES (W): resource not registered: @"$profile:CMPlayerStatsHUD/AdminServerSettings/WipeXPExemptions.json". Setting null GUID
17:12:40.912     RESOURCES (W): resource not registered: @"$profile:CMSquadRadioSound/player_ui_settings.json". Setting null GUID
17:12:40.912     RESOURCES (W): resource not registered: @"$profile:DEH_RealTimeSyncConfig.json". Setting null GUID
17:12:40.912     RESOURCES (W): resource not registered: @"$profile:GM_Tools/gm_tools_config.json". Setting null GUID
17:12:40.912     RESOURCES (W): resource not registered: @"$profile:GRS_ATAK/grs_atak.json". Setting null GUID
17:12:40.914     RESOURCES (W): resource not registered: @"$profile:GRS_ATAK/players/16e0b884-a2f2-49c5-a722-3b44148f8b26.json". Setting null GUID
17:12:40.914     RESOURCES (W): resource not registered: @"$profile:GRS_ATAK/profile.json". Setting null GUID
17:12:40.914     RESOURCES (W): resource not registered: @"$profile:GRS_ATAK/server_config.json". Setting null GUID
17:12:40.914     RESOURCES (W): resource not registered: @"$profile:IRRU_RFPropagation.json". Setting null GUID
17:12:40.914     RESOURCES (W): resource not registered: @"$profile:LAG_server_restarter_config.json". Setting null GUID
17:12:40.915     RESOURCES (W): resource not registered: @"$profile:LinearConflictPVEConfig/LCPConfig.json". Setting null GUID
17:12:40.915     RESOURCES (W): resource not registered: @"$profile:LinearConflictPVEConfig/LCPProgress.json". Setting null GUID
17:12:40.915     RESOURCES (W): resource not registered: @"$profile:OpsTrackSettings.json". Setting null GUID
17:12:40.915     RESOURCES (W): resource not registered: @"$profile:PlayerStatsList/PlayerStats.json". Setting null GUID
17:12:40.915     RESOURCES (W): resource not registered: @"$profile:PlayerStatsList/WebHook_config.json". Setting null GUID
17:12:40.915     RESOURCES (W): resource not registered: @"$profile:PlayerStatsList/WH_killFeed.json". Setting null GUID
17:12:40.915     RESOURCES (W): resource not registered: @"$profile:PlayerStatsList/WH_livestats.json". Setting null GUID
17:12:40.917     RESOURCES (W): resource not registered: @"$profile:PlayerStatsList/WH_status&chat.json". Setting null GUID
17:12:40.917     RESOURCES (W): resource not registered: @"$profile:RadioData.json". Setting null GUID
17:12:40.917     RESOURCES (W): resource not registered: @"$profile:SavingMarkers/SM_Drawings_default.json". Setting null GUID
17:12:40.917     RESOURCES (W): resource not registered: @"$profile:SavingMarkers/SM_Markers2_default.json". Setting null GUID
17:12:40.917     RESOURCES (W): resource not registered: @"$profile:ServerAdminTools_Config.json". Setting null GUID
17:12:40.917     RESOURCES (W): resource not registered: @"$profile:ServerAdminTools_Stats.json". Setting null GUID
17:12:40.917     RESOURCES (W): resource not registered: @"$profile:ServerRulesQuiz/ServerRulesConfig.json". Setting null GUID
17:12:40.918     RESOURCES (W): resource not registered: @"$profile:VONData.json". Setting null GUID
17:12:40.918     RESOURCES (W): resource not registered: @"$profile:VONServerData.json". Setting null GUID
17:12:40.918     RESOURCES (W): resource not registered: @"$profile:vPad/Settings.json". Setting null GUID
17:12:40.918     RESOURCES (W): resource not registered: @"$profile:WalkingSpeedIndicator/WalkingSpeedIndicatorConfig.json". Setting null GUID
17:12:40.918     RESOURCES    : RESOURCES    : processing folders...
17:12:40.925     RESOURCES    : RESOURCES    : creating GUID-item mapping...
17:12:40.939     RESOURCES    : RESOURCES    : building tree...
17:12:40.986   PROFILING    : ResourceDB: full scan took: 293.780600 ms
17:12:40.988   RESOURCES    : ResourceDB: saving cache (id=0 name=RAMI_AdvancedMedicalInterface path=C:\Users\jaco5\Documents\My Games\ArmaReforgerWorkbench\addons\Oaschloch\RAMI_AdvancedMedicalInterface/resourceDatabase.rdb)
17:12:40.992   RESOURCES    : ResourceDB: written 6277/6277 bytes
17:12:40.992   RESOURCES    : ResourceDB: cache successfully saved
17:12:40.993   RESOURCES    : ResourceDB: saving cache (id=9 name=profile path=C:\Users\jaco5\Documents\My Games\ArmaReforgerWorkbench\profile/resourceDatabase.rdb)
17:12:40.994   RESOURCES (E): ResourceDB: could not open cache file
17:12:40.994   ENGINE       : GameProject load
17:12:40.995    ENGINE       : Loaded addons:
17:12:40.995     ENGINE       : gproj: 'C:/Program Files (x86)/Steam/steamapps/common/Arma Reforger/addons/core/core.gproj' guid: '5614BBCCBB55ED1C'
17:12:40.995     ENGINE       : gproj: 'C:/Program Files (x86)/Steam/steamapps/common/Arma Reforger/addons/data/ArmaReforger.gproj' guid: '58D0FB3206B6F859'
17:12:40.995     ENGINE       : gproj: 'C:/Users/jaco5/Documents/My Games/ArmaReforger/addons/ACECoreDev_65AD7D0D9941A380/dev.gproj' guid: '65AD7D0D9941A380'
17:12:40.995     ENGINE       : gproj: 'C:/Users/jaco5/Documents/My Games/ArmaReforger/addons/ACEMedicalCoreDev_6586079789278413/dev.gproj' guid: '6586079789278413'
17:12:40.995     ENGINE       : gproj: 'C:/Users/jaco5/Documents/My Games/ArmaReforger/addons/ACEMedicalCirculationDev_65AD7D4F994EA327/dev.gproj' guid: '65AD7D4F994EA327'
17:12:40.995     ENGINE       : gproj: 'C:/Users/jaco5/Documents/My Games/ArmaReforger/addons/ACEMedicalHitzonesDev_65B343F799FB521B/dev.gproj' guid: '65B343F799FB521B'
17:12:40.995     ENGINE       : gproj: 'C:/Users/jaco5/Documents/My Games/ArmaReforger/addons/ACECarryingDev_65AD7C379CBD394D/dev.gproj' guid: '65AD7C379CBD394D'
17:12:40.996     ENGINE       : gproj: 'C:/Users/jaco5/Documents/My Games/ArmaReforger/addons/ExpandedSalineBags_6A05287AF042071B/addon.gproj' guid: '6A05287AF042071B'
17:12:40.996     ENGINE       : gproj: 'C:/Users/jaco5/Documents/My Games/ArmaReforgerWorkbench/addons/Oaschloch/RAMI_AdvancedMedicalInterface/RAMI_AdvancedMedicalInterface.gproj' guid: 'D36C5B996922FFDE'
17:12:41.005   ENGINE       : GameProject load
17:12:41.005    INIT         : GameProject load project data @"C:/Users/jaco5/Documents/My Games/ArmaReforger/addons/ACECoreDev_65AD7D0D9941A380/dev.gproj"
17:12:41.005     RESOURCES (E): Wrong GUID/name for resource @"{DE0B68C7B4B0E89C}Language/ACE_localization.st" in property "StringTableSource"
17:12:41.006    INIT         : GameProject load project data @"C:/Users/jaco5/Documents/My Games/ArmaReforger/addons/ACEMedicalCoreDev_6586079789278413/dev.gproj"
17:12:41.006     RESOURCES (E): Wrong GUID/name for resource @"{D393C26C894B1404}Language/ACE_Medical_Core_localization.st" in property "StringTableSource"
17:12:41.007    INIT         : GameProject load project data @"C:/Users/jaco5/Documents/My Games/ArmaReforger/addons/ACEMedicalCirculationDev_65AD7D4F994EA327/dev.gproj"
17:12:41.007     RESOURCES (E): Wrong GUID/name for resource @"{0780D43A82968920}Language/ACE_Medical_Circulation_localization.st" in property "StringTableSource"
17:12:41.008    INIT         : GameProject load project data @"C:/Users/jaco5/Documents/My Games/ArmaReforger/addons/ACECarryingDev_65AD7C379CBD394D/dev.gproj"
17:12:41.008     RESOURCES (E): Wrong GUID/name for resource @"{2E272B1D21C4446A}Language/ACE_Carrying_localization.st" in property "StringTableSource"
17:12:41.008   ENGINE       : No Enfusion settings file loaded. Continuing with defaults
17:12:41.181   RENDER       : (OK) Adapter 'NVIDIA GeForce RTX 2060' supports feature level 12_0
17:12:41.194   RENDER       : (OK) Adapter 'Intel(R) UHD Graphics 630' supports feature level 12_0
17:12:41.195   RENDER       : Adapter 1 (Intel(R) UHD Graphics 630) failed to provide some output
17:12:41.196   RENDER       : Basic screen setup:
17:12:41.196   RENDER       :   Back buffer format	       : TEXFMT_R8G8B8A8_SRGB (29)
17:12:41.196   RENDER       :   MSAA                      : none
17:12:41.202   RENDER       : Driver for NVIDIA GeForce RTX 2060 is from 22.7.2026 (1 month, 2 days old)
17:12:41.202   RENDER       : GPU_NVIDIA (0x10DE) (NVIDIA GeForce RTX 2060) with 1 GPU detected, VRAM 5955MB (fast 0MB), shared 8116MB, driver version 610.88
17:12:41.204   RENDER       : Detected output devices:
17:12:41.204   RENDER       :  * 1 device/s connected to NVIDIA GeForce RTX 2060:
17:12:41.204   RENDER       :    Generic PnP Monitor (\\.\DISPLAY1), 1920x1080 (offset 0x0), 144Hz
17:12:41.204   RENDER       :  * no output device connected to Intel(R) UHD Graphics 630
17:12:41.204   RENDER       :   Concurrent frames limit 2
17:12:44.027   RENDER       : Graphics device features
17:12:44.027   RENDER       :  Needed:
17:12:44.027   RENDER       :  * Highest supported shader model: 6.8 (6.0 needed)
17:12:44.027   RENDER       :  Optional:
17:12:44.027   RENDER       :  * Allow tearing (VSYNC) : 1
17:12:44.027   RENDER       :  * 16 bits : 1
17:12:44.028   RENDER       :  * Resource heap tier : 3
17:12:44.028   RENDER       :  * Persistent heaps (DRED) : 1
17:12:44.028   RENDER       :  * DRED 1.2 is supported by compiler
17:12:44.116   RENDER       : Main RT format setup.
17:12:44.116   RENDER       :   Main RT format for quality 0	: TEXFMT_R11G11B10_FLOAT (26)
17:12:44.116   RENDER       :   Main RT format for quality 1	: TEXFMT_R16G16B16A16_FLOAT (10)
17:12:44.141   ENGINE       : Job system settings: coreCount=12, shortJobContextCount=12, shortJobThreadCount=11, longJobThreadCount=12
17:12:44.166   PROFILING    : Settings changed took: 0.017800 ms
17:12:44.191 AUDIO        : Endpoint: Kopfhörer (Sound Blaster G3)
17:12:44.191 AUDIO        :  Format: Channels: 2, Sample rate: 48kHz, Avg. bytes: 384kB, Sample bits: 32, Block align: 8B
17:12:44.191 AUDIO        : Audio client:
17:12:44.191 AUDIO        :  Format: Channels: 2, Sample rate: 48kHz, Buffer size: 1536B, Frame: 512
17:12:44.197    RENDER       : RENDER       : Reload shaders
17:12:44.197    RENDER       : Enfusion shader version 10
17:12:44.197     INIT         : INIT         : ShaderListReload
17:12:44.199    PROFILING    : ShaderListReload took: 0.000700 ms
17:12:44.322 AUDIO        : Endpoint: Kopfhörer (Sound Blaster G3)
17:12:44.322 AUDIO        :  Format: Channels: 2, Sample rate: 48kHz, Avg. bytes: 384kB, Sample bits: 32, Block align: 8B
17:12:44.323 AUDIO        : Audio client:
17:12:44.323 AUDIO        :  Format: Channels: 2, Sample rate: 48kHz, Buffer size: 1536B, Frame: 512
17:12:44.450    RENDER       : Loaded 3746 newer shader binaries
17:12:44.450   PROFILING    : Reload shaders took: 252.720200 ms
17:12:44.450   ENGINE       : Initializing inputs.
17:12:44.478   NETWORK      : Initializing networking.
17:12:44.479   NETWORK      : Using new GameRplScheduler.
17:12:44.479    SCRIPT       : SCRIPT       : Initializing scripts
17:12:44.479     SCRIPT       : SCRIPT       : ScriptProjectManager init
17:12:44.755    PROFILING    : ScriptProjectManager init took: 276.299900 ms
17:12:44.779   PROFILING    : Initializing scripts took: 299.326200 ms
17:12:44.795   ENGINE       : Enfusion engine successfully created.
17:12:44.795  PROFILING    : Workbench Init Engine took: 4625.887500 ms
17:12:44.795   INIT         : INIT         : Workbench Create Game
17:12:44.813   GUI          : Using default language (en_us)
17:12:44.813   GUI          : Loading 'en_us' localization file.
17:12:44.814    INIT         : INIT         : Loading StringTable
17:12:44.840   PROFILING    : Loading StringTable took: 27.095200 ms
17:12:44.841    SCRIPT       : SCRIPT       : Compiling GameLib scripts
17:12:44.894    SCRIPT       : Module: Workbench; loaded 18x files; 36x classes; used 125K of static memory; defines: "ENF_WB,WORKBENCH,PLATFORM_WINDOWS,ENABLE_DIAG,ENF_ENABLE_VHC_OVERRIDE,ENF_ENABLE_RPLCOMPONENT_IN_GAMECODE"; CRC32: 90ce0460
17:12:44.895    SCRIPT       : Module: GameLib; loaded 465x files; 648x classes; used 828K of static memory; defines: "ENF_WB,WORKBENCH,PLATFORM_WINDOWS,ENABLE_DIAG,ENF_ENABLE_VHC_OVERRIDE,ENF_ENABLE_RPLCOMPONENT_IN_GAMECODE"; CRC32: 4507af04
17:12:44.896   PROFILING    : Compiling GameLib scripts took: 54.822000 ms
17:12:44.896    SCRIPT       : SCRIPT       : Compiling Game scripts
17:12:45.734  INIT         : Workbench Create Game
17:12:45.734   SCRIPT       : Compiling Game scripts
17:12:45.734    SCRIPT    (W): @"Scripts/Game/ACE_Core/FSM/ACE_FSM_Machine.c,187": Implicit conversion of 'ACE_FSM_IState<ACE_Medical_CharacterContext>' to 'int' yields a conditional expression result of either 0 or 1.
17:12:45.985    SCRIPT    (W): @"Scripts/Game/Editor/Components/EditableEntity/SCR_EditableEntityComponent.c,785": 'GetPlayerPlatformKind' is obsolete
17:12:45.986    SCRIPT    (W): @"Scripts/Game/Editor/Components/EditableEntity/SCR_EditableEntityComponent.c,786": 'GetPlayerPlatformId' is obsolete
17:12:46.249    SCRIPT    (W): @"Scripts/Game/Workshop/SCR_AddonManager.c,876": 'GetRefCount' is obsolete: Will be removed
17:12:46.282    SCRIPT    (W): @"Scripts/Game/Campaign/SCR_PlayerProfileManagerComponent.c,142": 'PlayerData' is obsolete
17:12:46.376    SCRIPT    (W): @"Scripts/Game/UI/Backend/CareerBackend.c,159": 'GetDSSession' is obsolete
17:12:46.376    SCRIPT    (W): @"Scripts/Game/UI/Backend/CareerBackend.c,162": 'RoomID' is obsolete
17:12:46.376    SCRIPT    (W): @"Scripts/Game/UI/Backend/CareerBackend.c,197": 'GetDSSession' is obsolete
17:12:46.377    SCRIPT    (W): @"Scripts/Game/UI/Backend/CareerBackend.c,201": 'RoomID' is obsolete
17:12:46.469    SCRIPT    (W): @"Scripts/Game/DataCollection/SCR_DataCollectorComponent.c,481": 'GetStorage' is obsolete
17:12:46.471    SCRIPT    (W): @"Scripts/Game/DataCollection/SCR_DataCollectorComponent.c,483": 'GetOnlineWritePrivilege' is obsolete
17:12:46.472    SCRIPT    (W): @"Scripts/Game/Utilities/SCR_PlayerIdentityUtils.c,20": 'GetPlayerIdentityId' is obsolete
17:12:46.514    SCRIPT    (W): @"Scripts/Game/UI/Menu/MainMenuUI.c,643": 'GetNotifyCount' is obsolete: Will be substitued by Notification Api.
17:12:46.515    SCRIPT    (W): @"Scripts/Game/UI/Menu/MainMenuUI.c,645": 'GetNotifyItem' is obsolete: Will be substitued by Notification Api.
17:12:46.570    SCRIPT    (W): @"Scripts/Game/DataCollection/PlayerData/SCR_PlayerData.c,210": 'PlayerData' is obsolete
17:12:46.589    RESOURCES    : GetResourceObject @"{37578B1666981FCE}Prefabs/Characters/Core/Character_Base.et"
17:12:46.589     WORLD        : Entity prefab load @"{37578B1666981FCE}Prefabs/Characters/Core/Character_Base.et"
17:12:46.589      WORLD     (E): Unknown class 'SCR_ChimeraCharacter' at offset 21(0x15)
17:12:46.590      ENGINE    (W): Can't load prefab Prefabs/Characters/Core/Character_Base.et
17:12:46.590     RESOURCES (E): Failed to load
17:12:46.846    SCRIPT       : Module: WorkbenchGame; loaded 170x files; 615x classes; used 2477K of static memory; defines: "ENF_WB,WORKBENCH,PLATFORM_WINDOWS,ENABLE_DIAG,ENF_ENABLE_VHC_OVERRIDE,ENF_ENABLE_RPLCOMPONENT_IN_GAMECODE"; CRC32: 8db9d524
17:12:46.852    SCRIPT       : Module: Game; loaded 5951x files; 11486x classes; used 33051K of static memory; defines: "ENF_WB,WORKBENCH,PLATFORM_WINDOWS,ENABLE_DIAG,ENF_ENABLE_VHC_OVERRIDE,ENF_ENABLE_RPLCOMPONENT_IN_GAMECODE,ENABLE_BASE_DESTRUCTION,BUDGET_OPTIMIZATION_CHECKS,SHOW_DISCLAIMER,DEBUG,RESPAWN_TIMER_COMPONENT_DEBUG,GAME_MODE_DEBUG,DEBUG_CONFIGURABLE_DIALOGS,DISABLE_WEAPON_SWITCHING,SCRIPTED_AIM_MODIFIER_DEBUG"; CRC32: a07294dc
17:12:46.909   PROFILING    : Compiling Game scripts took: 2012.991700 ms
17:12:46.917   INIT         : Creating game instance(ArmaReforgerScripted), version 1.8.0.10 built 2026-07-31 15:18:14 UTC.
17:12:46.932   ENGINE    (E): BackendDebug:: cannot create directory ($logs:.backend/)
17:12:46.998   ENGINE       : Game successfully created.
17:12:46.998   PLATFORM  (E): Steamworks: SteamAPI_Init failed. Is Steam running?
17:12:46.999   PLATFORM  (E): Could not initialize platform services.
17:12:46.999  PROFILING    : Workbench Create Game took: 2203.985400 ms
17:27:56.741   ENGINE       : FileSystem: Adding relative directory 'C:\Users\jaco5\Documents\My Games\ArmaReforgerWorkbench\profile' to filesystem under name profile
17:27:56.741   ENGINE       : FileSystem: Current working directory: 'C:\Users\jaco5\Documents\My Games\ArmaReforgerWorkbench\addons\Oaschloch\RAMI_AdvancedMedicalInterface\'
17:27:56.743  PROFILING    : Workbench Create Engine took: 7.767900 ms
17:27:57.760   INIT         : INIT         : Workbench Init Engine
17:27:57.761   DEFAULT      : Change in Qt version detected (unknown -> 6.8.3). Clearing layouts registry.
17:27:57.763   ENGINE       : Initializing engine, version 191843
17:27:57.764   ENGINE       : CLI Params: -gproj C:\Users\jaco5\Documents\My Games\ArmaReforgerWorkbench\addons\Oaschloch\RAMI_AdvancedMedicalInterface\RAMI_AdvancedMedicalInterface.gproj -addonsDir C:\Program Files (x86)\Steam\steamapps\common\Arma Reforger\addons,C:\Users\jaco5\Documents\My Games\ArmaReforger\addons,C:\Users\jaco5\Documents\My Games\ArmaReforgerWorkbench\addons 
17:27:57.805   ENGINE       : Addon dirs:
17:27:57.805    ENGINE       : dir: 'C:/Users/jaco5/Documents/My Games/ArmaReforgerWorkbench/addons/Oaschloch/RAMI_AdvancedMedicalInterface/'
17:27:57.805    ENGINE       : dir: 'C:/Program Files (x86)/Steam/steamapps/common/Arma Reforger/addons'
17:27:57.806    ENGINE       : dir: 'C:/Users/jaco5/Documents/My Games/ArmaReforger/addons'
17:27:57.806    ENGINE       : dir: './addons'
17:27:57.806    ENGINE       : dir: 'C:/Users/jaco5/Documents/My Games/ArmaReforgerWorkbench/addons'
17:27:57.806   ENGINE       : Available addons:
17:27:57.806    ENGINE       : gproj: 'C:/Users/jaco5/Documents/My Games/ArmaReforgerWorkbench/addons/Oaschloch/RAMI_AdvancedMedicalInterface/RAMI_AdvancedMedicalInterface.gproj' guid: 'D36C5B996922FFDE'
17:27:57.806    ENGINE       : gproj: 'C:/Program Files (x86)/Steam/steamapps/common/Arma Reforger/addons/core/core.gproj' guid: '5614BBCCBB55ED1C' (packed)
17:27:57.806    ENGINE       : gproj: 'C:/Program Files (x86)/Steam/steamapps/common/Arma Reforger/addons/data/ArmaReforger.gproj' guid: '58D0FB3206B6F859' (packed)
17:27:57.806    ENGINE       : gproj: 'C:/Users/jaco5/Documents/My Games/ArmaReforger/addons/15thMEUTeleporter_6858E3C74D3CB594/addon.gproj' guid: '6858E3C74D3CB594' (packed)
17:27:57.807    ENGINE       : gproj: 'C:/Users/jaco5/Documents/My Games/ArmaReforger/addons/506IRRU-EnhancedRadio_672B0395726428B6/addon.gproj' guid: '672B0395726428B6' (packed)
17:27:57.807    ENGINE       : gproj: 'C:/Users/jaco5/Documents/My Games/ArmaReforger/addons/506IRRU-GMContactView_684E4A9994D415E5/addon.gproj' guid: '684E4A9994D415E5' (packed)
17:27:57.807    ENGINE       : gproj: 'C:/Users/jaco5/Documents/My Games/ArmaReforger/addons/AccurateMapMarkers_670C26EAB7B57C77/addon.gproj' guid: '670C26EAB7B57C77' (packed)
17:27:57.807    ENGINE       : gproj: 'C:/Users/jaco5/Documents/My Games/ArmaReforger/addons/ACEAllinOneDev_65AD7BE594439A52/dev.gproj' guid: '65AD7BE594439A52' (packed)
17:27:57.807    ENGINE       : gproj: 'C:/Users/jaco5/Documents/My Games/ArmaReforger/addons/ACEBackblastDev_65AD7C139EB4C1A1/dev.gproj' guid: '65AD7C139EB4C1A1' (packed)
17:27:57.807    ENGINE       : gproj: 'C:/Users/jaco5/Documents/My Games/ArmaReforger/addons/ACEBallisticsDev_68F77A54920B80AF/dev.gproj' guid: '68F77A54920B80AF' (packed)
17:27:57.807    ENGINE       : gproj: 'C:/Users/jaco5/Documents/My Games/ArmaReforger/addons/ACECaptivesDev_65AD7C249E4ECDFB/dev.gproj' guid: '65AD7C249E4ECDFB' (packed)
17:27:57.808    ENGINE       : gproj: 'C:/Users/jaco5/Documents/My Games/ArmaReforger/addons/ACECarryingDev_65AD7C379CBD394D/dev.gproj' guid: '65AD7C379CBD394D' (packed)
17:27:57.808    ENGINE       : gproj: 'C:/Users/jaco5/Documents/My Games/ArmaReforger/addons/ACEChoppingDev_65AD7BCC9F6B3B4E/dev.gproj' guid: '65AD7BCC9F6B3B4E' (packed)
17:27:57.808    ENGINE       : gproj: 'C:/Users/jaco5/Documents/My Games/ArmaReforger/addons/ACECompassDev_65AD7CF69FAF1FDD/dev.gproj' guid: '65AD7CF69FAF1FDD' (packed)
17:27:57.808    ENGINE       : gproj: 'C:/Users/jaco5/Documents/My Games/ArmaReforger/addons/ACECook-OffDev_664AFDC993C9CE1A/dev.gproj' guid: '664AFDC993C9CE1A' (packed)
17:27:57.808    ENGINE       : gproj: 'C:/Users/jaco5/Documents/My Games/ArmaReforger/addons/ACECoreDev_65AD7D0D9941A380/dev.gproj' guid: '65AD7D0D9941A380' (packed)
17:27:57.808    ENGINE       : gproj: 'C:/Users/jaco5/Documents/My Games/ArmaReforger/addons/ACEExplosivesDev_65AD7D1E9EEAFA53/dev.gproj' guid: '65AD7D1E9EEAFA53' (packed)
17:27:57.808    ENGINE       : gproj: 'C:/Users/jaco5/Documents/My Games/ArmaReforger/addons/ACEFacepaintDev_68EAA4B96976D557/dev.gproj' guid: '68EAA4B96976D557' (packed)
17:27:57.808    ENGINE       : gproj: 'C:/Users/jaco5/Documents/My Games/ArmaReforger/addons/ACEFingerDev_65AD7D2E9866FA6E/dev.gproj' guid: '65AD7D2E9866FA6E' (packed)
17:27:57.809    ENGINE       : gproj: 'C:/Users/jaco5/Documents/My Games/ArmaReforger/addons/ACEMagazineRepackDev_65AD7D4099944EBD/dev.gproj' guid: '65AD7D4099944EBD' (packed)
17:27:57.809    ENGINE       : gproj: 'C:/Users/jaco5/Documents/My Games/ArmaReforger/addons/ACEMedicalBreathingDev_671F73D99978B4F2/dev.gproj' guid: '671F73D99978B4F2' (packed)
17:27:57.809    ENGINE       : gproj: 'C:/Users/jaco5/Documents/My Games/ArmaReforger/addons/ACEMedicalCirculationDev_65AD7D4F994EA327/dev.gproj' guid: '65AD7D4F994EA327' (packed)
17:27:57.809    ENGINE       : gproj: 'C:/Users/jaco5/Documents/My Games/ArmaReforger/addons/ACEMedicalCoreDev_6586079789278413/dev.gproj' guid: '6586079789278413' (packed)
17:27:57.809    ENGINE       : gproj: 'C:/Users/jaco5/Documents/My Games/ArmaReforger/addons/ACEMedicalHitzonesDev_65B343F799FB521B/dev.gproj' guid: '65B343F799FB521B' (packed)
17:27:57.809    ENGINE       : gproj: 'C:/Users/jaco5/Documents/My Games/ArmaReforger/addons/ACEOverheatingDev_65B8EA178A3E94E3/dev.gproj' guid: '65B8EA178A3E94E3' (packed)
17:27:57.809    ENGINE       : gproj: 'C:/Users/jaco5/Documents/My Games/ArmaReforger/addons/ACERadioDev_65AD7C75826B46C6/dev.gproj' guid: '65AD7C75826B46C6' (packed)
17:27:57.809    ENGINE       : gproj: 'C:/Users/jaco5/Documents/My Games/ArmaReforger/addons/ACEScopesDev_68FC0EDE9F677A3C/dev.gproj' guid: '68FC0EDE9F677A3C' (packed)
17:27:57.810    ENGINE       : gproj: 'C:/Users/jaco5/Documents/My Games/ArmaReforger/addons/ACETacticalLadderDev_65AD7CB89F219E38/dev.gproj' guid: '65AD7CB89F219E38' (packed)
17:27:57.810    ENGINE       : gproj: 'C:/Users/jaco5/Documents/My Games/ArmaReforger/addons/ACETacticalPeriscopeDev_65AD7CD09CAEC4E2/dev.gproj' guid: '65AD7CD09CAEC4E2' (packed)
17:27:57.810    ENGINE       : gproj: 'C:/Users/jaco5/Documents/My Games/ArmaReforger/addons/ACETrenchesDev_65AD7CE59E8DB349/dev.gproj' guid: '65AD7CE59E8DB349' (packed)
17:27:57.810    ENGINE       : gproj: 'C:/Users/jaco5/Documents/My Games/ArmaReforger/addons/ACEWeatherDev_667B230F9505C8BA/dev.gproj' guid: '667B230F9505C8BA' (packed)
17:27:57.810    ENGINE       : gproj: 'C:/Users/jaco5/Documents/My Games/ArmaReforger/addons/AIHornyMute_6877455D094BA18C/addon.gproj' guid: '6877455D094BA18C' (packed)
17:27:57.810    ENGINE       : gproj: 'C:/Users/jaco5/Documents/My Games/ArmaReforger/addons/AKI_Core_62CCD69DD17E4F2F/addon.gproj' guid: '62CCD69DD17E4F2F' (packed)
17:27:57.810    ENGINE       : gproj: 'C:/Users/jaco5/Documents/My Games/ArmaReforger/addons/AnarchyMarkersxGRS-ATAKDEV_69DA0119707F0354/addon.gproj' guid: '69DA0119707F0354' (packed)
17:27:57.811    ENGINE       : gproj: 'C:/Users/jaco5/Documents/My Games/ArmaReforger/addons/AnarchyMarkers_69A510CE600D1126/addon.gproj' guid: '69A510CE600D1126' (packed)
17:27:57.811    ENGINE       : gproj: 'C:/Users/jaco5/Documents/My Games/ArmaReforger/addons/ArmaTerrainCore_60B524F7A5AE96A8/addon.gproj' guid: '60B524F7A5AE96A8' (packed)
17:27:57.811    ENGINE       : gproj: 'C:/Users/jaco5/Documents/My Games/ArmaReforger/addons/BaconLoadoutEditor_606B100247F5C709/addon.gproj' guid: '606B100247F5C709' (packed)
17:27:57.811    ENGINE       : gproj: 'C:/Users/jaco5/Documents/My Games/ArmaReforger/addons/BMP-1IFV_5E524E4FEECCA92B/addon.gproj' guid: '5E524E4FEECCA92B' (packed)
17:27:57.811    ENGINE       : gproj: 'C:/Users/jaco5/Documents/My Games/ArmaReforger/addons/bonz_Core_671B4DD7897732BC/addon.gproj' guid: '671B4DD7897732BC' (packed)
17:27:57.811    ENGINE       : gproj: 'C:/Users/jaco5/Documents/My Games/ArmaReforger/addons/bonz_UnitLoadout_671B4B88A1397B9D/addon.gproj' guid: '671B4B88A1397B9D' (packed)
17:27:57.811    ENGINE       : gproj: 'C:/Users/jaco5/Documents/My Games/ArmaReforger/addons/BundeswehrMod_59673B087BFF710C/addon.gproj' guid: '59673B087BFF710C' (packed)
17:27:57.811    ENGINE       : gproj: 'C:/Users/jaco5/Documents/My Games/ArmaReforger/addons/COALITIONSquadInterface_5B0D1E4380971EBD/addon.gproj' guid: '5B0D1E4380971EBD' (packed)
17:27:57.812    ENGINE       : gproj: 'C:/Users/jaco5/Documents/My Games/ArmaReforger/addons/CRXEnfusionA.I._5F268647F8A1A1F4/addon.gproj' guid: '5F268647F8A1A1F4' (packed)
17:27:57.812    ENGINE       : gproj: 'C:/Users/jaco5/Documents/My Games/ArmaReforger/addons/Deathsoundeffect_69D4B8A05C764676/addon.gproj' guid: '69D4B8A05C764676' (packed)
17:27:57.812    ENGINE       : gproj: 'C:/Users/jaco5/Documents/My Games/ArmaReforger/addons/DisableAIVoice_65254226BB9B318C/addon.gproj' guid: '65254226BB9B318C' (packed)
17:27:57.812    ENGINE       : gproj: 'C:/Users/jaco5/Documents/My Games/ArmaReforger/addons/DisableGameMasterBudgets_5F2944B7474F043F/addon.gproj' guid: '5F2944B7474F043F' (packed)
17:27:57.812    ENGINE       : gproj: 'C:/Users/jaco5/Documents/My Games/ArmaReforger/addons/DisableVONunconscious_5EF8AADD3B3C81F2/addon.gproj' guid: '5EF8AADD3B3C81F2' (packed)
17:27:57.812    ENGINE       : gproj: 'C:/Users/jaco5/Documents/My Games/ArmaReforger/addons/EchoesofHellCombatUniform_6938932990A07E9A/addon.gproj' guid: '6938932990A07E9A' (packed)
17:27:57.812    ENGINE       : gproj: 'C:/Users/jaco5/Documents/My Games/ArmaReforger/addons/EnfusionDatabaseFramework_5D6EA74A94173EDF/EnfusionDatabaseFramework.gproj' guid: '5D6EA74A94173EDF' (packed)
17:27:57.812    ENGINE       : gproj: 'C:/Users/jaco5/Documents/My Games/ArmaReforger/addons/ExpandedSalineBags_6A05287AF042071B/addon.gproj' guid: '6A05287AF042071B' (packed)
17:27:57.813    ENGINE       : gproj: 'C:/Users/jaco5/Documents/My Games/ArmaReforger/addons/FMTV_65B60A48AEC31157/addon.gproj' guid: '65B60A48AEC31157' (packed)
17:27:57.813    ENGINE       : gproj: 'C:/Users/jaco5/Documents/My Games/ArmaReforger/addons/GameMasterCopyPaste_60CC94C046837439/addon.gproj' guid: '60CC94C046837439' (packed)
17:27:57.813    ENGINE       : gproj: 'C:/Users/jaco5/Documents/My Games/ArmaReforger/addons/GCSuppression_684CE8AA3B1D6573/addon.gproj' guid: '684CE8AA3B1D6573' (packed)
17:27:57.814    ENGINE       : gproj: 'C:/Users/jaco5/Documents/My Games/ArmaReforger/addons/GMTools_64F10E068D5880A6/addon.gproj' guid: '64F10E068D5880A6' (packed)
17:27:57.814    ENGINE       : gproj: 'C:/Users/jaco5/Documents/My Games/ArmaReforger/addons/GMVONFIXES_6954C37737DD56C8/addon.gproj' guid: '6954C37737DD56C8' (packed)
17:27:57.814    ENGINE       : gproj: 'C:/Users/jaco5/Documents/My Games/ArmaReforger/addons/GRS-Apparel_65157D09F042428A/addon.gproj' guid: '65157D09F042428A' (packed)
17:27:57.814    ENGINE       : gproj: 'C:/Users/jaco5/Documents/My Games/ArmaReforger/addons/GRS-ATAKDEV_69397BEDF03981C8/addon.gproj' guid: '69397BEDF03981C8' (packed)
17:27:57.814    ENGINE       : gproj: 'C:/Users/jaco5/Documents/My Games/ArmaReforger/addons/GRS-ATAKPluginCore_69F76987DB9F2214/addon.gproj' guid: '69F76987DB9F2214' (packed)
17:27:57.814    ENGINE       : gproj: 'C:/Users/jaco5/Documents/My Games/ArmaReforger/addons/GRS-BeltsAMPBagsAMPDroplegs_65183608D6DA5728/addon.gproj' guid: '65183608D6DA5728' (packed)
17:27:57.814    ENGINE       : gproj: 'C:/Users/jaco5/Documents/My Games/ArmaReforger/addons/GRS-DevFramework_65DACC64CE785B6C/addon.gproj' guid: '65DACC64CE785B6C' (packed)
17:27:57.814    ENGINE       : gproj: 'C:/Users/jaco5/Documents/My Games/ArmaReforger/addons/GRS-Essentials_6515672F96701110/addon.gproj' guid: '6515672F96701110' (packed)
17:27:57.814    ENGINE       : gproj: 'C:/Users/jaco5/Documents/My Games/ArmaReforger/addons/GRS-ModularVestsAMPRigs_651834C8D77BF86B/addon.gproj' guid: '651834C8D77BF86B' (packed)
17:27:57.814    ENGINE       : gproj: 'C:/Users/jaco5/Documents/My Games/ArmaReforger/addons/GRS-Patches_657B064AE0E231DF/addon.gproj' guid: '657B064AE0E231DF' (packed)
17:27:57.814    ENGINE       : gproj: 'C:/Users/jaco5/Documents/My Games/ArmaReforger/addons/GRS-ShadowsCore_68821D86AF3AE823/addon.gproj' guid: '68821D86AF3AE823' (packed)
17:27:57.814    ENGINE       : gproj: 'C:/Users/jaco5/Documents/My Games/ArmaReforger/addons/GRS-ShadowsPistolPack_66D45442A2D79E40/addon.gproj' guid: '66D45442A2D79E40' (packed)
17:27:57.815    ENGINE       : gproj: 'C:/Users/jaco5/Documents/My Games/ArmaReforger/addons/GRSATAK-RiptideMQ9Plugin_6A206D52FF406968/addon.gproj' guid: '6A206D52FF406968' (packed)
17:27:57.815    ENGINE       : gproj: 'C:/Users/jaco5/Documents/My Games/ArmaReforger/addons/GRSLoadoutsbyRelaxo_6884A83BA6946CFD/addon.gproj' guid: '6884A83BA6946CFD' (packed)
17:27:57.815    ENGINE       : gproj: 'C:/Users/jaco5/Documents/My Games/ArmaReforger/addons/GRSNVGS_6A2A460F6FE4B59A/addon.gproj' guid: '6A2A460F6FE4B59A' (packed)
17:27:57.815    ENGINE       : gproj: 'C:/Users/jaco5/Documents/My Games/ArmaReforger/addons/HmmwvVariants_69F415A5B15EC350/addon.gproj' guid: '69F415A5B15EC350' (packed)
17:27:57.815    ENGINE       : gproj: 'C:/Users/jaco5/Documents/My Games/ArmaReforger/addons/INFNoMapAssists_68C8814DB8F259A7/addon.gproj' guid: '68C8814DB8F259A7' (packed)
17:27:57.815    ENGINE       : gproj: 'C:/Users/jaco5/Documents/My Games/ArmaReforger/addons/InventoryBoxes_A1E6470C8DBF3952/addon.gproj' guid: 'A1E6470C8DBF3952' (packed)
17:27:57.815    ENGINE       : gproj: 'C:/Users/jaco5/Documents/My Games/ArmaReforger/addons/KeepGunWhenUncon_6088A3044B7ECBFD/addon.gproj' guid: '6088A3044B7ECBFD' (packed)
17:27:57.815    ENGINE       : gproj: 'C:/Users/jaco5/Documents/My Games/ArmaReforger/addons/LunacyAudio_64DE57C0A1601D14/addon.gproj' guid: '64DE57C0A1601D14' (packed)
17:27:57.816    ENGINE       : gproj: 'C:/Users/jaco5/Documents/My Games/ArmaReforger/addons/M1Abrams_5D1880C4AD410C14/addon.gproj' guid: '5D1880C4AD410C14' (packed)
17:27:57.816    ENGINE       : gproj: 'C:/Users/jaco5/Documents/My Games/ArmaReforger/addons/M2BradleyFightingVehicle_63120AE07E6C0966/addon.gproj' guid: '63120AE07E6C0966' (packed)
17:27:57.816    ENGINE       : gproj: 'C:/Users/jaco5/Documents/My Games/ArmaReforger/addons/MapDrawing_656AC01634459D8D/addon.gproj' guid: '656AC01634459D8D' (packed)
17:27:57.816    ENGINE       : gproj: 'C:/Users/jaco5/Documents/My Games/ArmaReforger/addons/MiddleEastInsurgents_64CEC8E005828E5D/addon.gproj' guid: '64CEC8E005828E5D' (packed)
17:27:57.816    ENGINE       : gproj: 'C:/Users/jaco5/Documents/My Games/ArmaReforger/addons/MikesUI_B3F91C6A4E275D08/addon.gproj' guid: 'B3F91C6A4E275D08' (packed)
17:27:57.816    ENGINE       : gproj: 'C:/Users/jaco5/Documents/My Games/ArmaReforger/addons/ModularVoiceRange_648297C0F03CE43A/addon.gproj' guid: '648297C0F03CE43A' (packed)
17:27:57.817    ENGINE       : gproj: 'C:/Users/jaco5/Documents/My Games/ArmaReforger/addons/NoWeaponDropUnconscious_60612C225328522E/addon.gproj' guid: '60612C225328522E' (packed)
17:27:57.817    ENGINE       : gproj: 'C:/Users/jaco5/Documents/My Games/ArmaReforger/addons/NTFBasic_65A104ABB3A3AA92/addon.gproj' guid: '65A104ABB3A3AA92' (packed)
17:27:57.817    ENGINE       : gproj: 'C:/Users/jaco5/Documents/My Games/ArmaReforger/addons/NTFServerTracker-New_69AEB37757AE2239/NTF_ServerTracker.gproj' guid: '69AEB37757AE2239' (packed)
17:27:57.817    ENGINE       : gproj: 'C:/Users/jaco5/Documents/My Games/ArmaReforger/addons/NTFVoice_689D68CAD25BC03D/addon.gproj' guid: '689D68CAD25BC03D' (packed)
17:27:57.817    ENGINE       : gproj: 'C:/Users/jaco5/Documents/My Games/ArmaReforger/addons/OpsTrack_6660ABEECE887CC5/addon.gproj' guid: '6660ABEECE887CC5' (packed)
17:27:57.817    ENGINE       : gproj: 'C:/Users/jaco5/Documents/My Games/ArmaReforger/addons/OPZargabadRaid_6A126ADCB39EECB3/addon.gproj' guid: '6A126ADCB39EECB3' (packed)
17:27:57.817    ENGINE       : gproj: 'C:/Users/jaco5/Documents/My Games/ArmaReforger/addons/OutsideTerrainCore_61F0D506562D9BC9/addon.gproj' guid: '61F0D506562D9BC9' (packed)
17:27:57.818    ENGINE       : gproj: 'C:/Users/jaco5/Documents/My Games/ArmaReforger/addons/PlayerMapMarkers_5E92F5A4A1B75A75/addon.gproj' guid: '5E92F5A4A1B75A75' (packed)
17:27:57.818    ENGINE       : gproj: 'C:/Users/jaco5/Documents/My Games/ArmaReforger/addons/RHS-ContentPack01_1337C0DE5DABBEEF/addon.gproj' guid: '1337C0DE5DABBEEF' (packed)
17:27:57.818    ENGINE       : gproj: 'C:/Users/jaco5/Documents/My Games/ArmaReforger/addons/RHS-ContentPack02_BADC0DEDABBEDA5E/addon.gproj' guid: 'BADC0DEDABBEDA5E' (packed)
17:27:57.818    ENGINE       : gproj: 'C:/Users/jaco5/Documents/My Games/ArmaReforger/addons/RHS-StatusQuo_595F2BF2F44836FB/addon.gproj' guid: '595F2BF2F44836FB' (packed)
17:27:57.818    ENGINE       : gproj: 'C:/Users/jaco5/Documents/My Games/ArmaReforger/addons/RiptideMQ9_6A06151E0B217C93/addon.gproj' guid: '6A06151E0B217C93' (packed)
17:27:57.818    ENGINE       : gproj: 'C:/Users/jaco5/Documents/My Games/ArmaReforger/addons/SagesFramework_8CBB11B3B769A055/SagesFramework.gproj' guid: '8CBB11B3B769A055' (packed)
17:27:57.818    ENGINE       : gproj: 'C:/Users/jaco5/Documents/My Games/ArmaReforger/addons/ServerAdminTools_5AAAC70D754245DD/addon.gproj' guid: '5AAAC70D754245DD' (packed)
17:27:57.819    ENGINE       : gproj: 'C:/Users/jaco5/Documents/My Games/ArmaReforger/addons/ServerRulesQuiz_5C3B9E8A7D1F4C2B/addon.gproj' guid: '5C3B9E8A7D1F4C2B' (packed)
17:27:57.819    ENGINE       : gproj: 'C:/Users/jaco5/Documents/My Games/ArmaReforger/addons/SHEnhancedCombatEffects_69C34933FD556CEF/addon.gproj' guid: '69C34933FD556CEF' (packed)
17:27:57.819    ENGINE       : gproj: 'C:/Users/jaco5/Documents/My Games/ArmaReforger/addons/SpaceCore_5E389BB9F58B79A6/addon.gproj' guid: '5E389BB9F58B79A6' (packed)
17:27:57.819    ENGINE       : gproj: 'C:/Users/jaco5/Documents/My Games/ArmaReforger/addons/T-72MainBattleTank_5E0AB16BEB16D6A4/addon.gproj' guid: '5E0AB16BEB16D6A4' (packed)
17:27:57.819    ENGINE       : gproj: 'C:/Users/jaco5/Documents/My Games/ArmaReforger/addons/Takistan_615EEBD9BDFEEE9B/addon.gproj' guid: '615EEBD9BDFEEE9B' (packed)
17:27:57.819    ENGINE       : gproj: 'C:/Users/jaco5/Documents/My Games/ArmaReforger/addons/TFUDisableGMBudgets_657E2435156A097F/addon.gproj' guid: '657E2435156A097F' (packed)
17:27:57.820    ENGINE       : gproj: 'C:/Users/jaco5/Documents/My Games/ArmaReforger/addons/TraceVehCore_632F64CB7D65D1FC/addon.gproj' guid: '632F64CB7D65D1FC' (packed)
17:27:57.820    ENGINE       : gproj: 'C:/Users/jaco5/Documents/My Games/ArmaReforger/addons/WalkingSpeedIndicator_6A1E9F43B2C74D18/addon.gproj' guid: '6A1E9F43B2C74D18' (packed)
17:27:57.820    ENGINE       : gproj: 'C:/Users/jaco5/Documents/My Games/ArmaReforger/addons/WCS_AH-6M_6273146ADFE8241D/addon.gproj' guid: '6273146ADFE8241D' (packed)
17:27:57.820    ENGINE       : gproj: 'C:/Users/jaco5/Documents/My Games/ArmaReforger/addons/WCS_Armaments_629B2BA37EFFD577/addon.gproj' guid: '629B2BA37EFFD577' (packed)
17:27:57.820    ENGINE       : gproj: 'C:/Users/jaco5/Documents/My Games/ArmaReforger/addons/WCS_Attachments_61C74A8B647617DA/addon.gproj' guid: '61C74A8B647617DA' (packed)
17:27:57.820    ENGINE       : gproj: 'C:/Users/jaco5/Documents/My Games/ArmaReforger/addons/WCS_Earplugs_612F512CD4CB21D5/addon.gproj' guid: '612F512CD4CB21D5' (packed)
17:27:57.820    ENGINE       : gproj: 'C:/Users/jaco5/Documents/My Games/ArmaReforger/addons/WCS_NATO_615806DC6C57AF02/addon.gproj' guid: '615806DC6C57AF02' (packed)
17:27:57.821    ENGINE       : gproj: 'C:/Users/jaco5/Documents/My Games/ArmaReforger/addons/WCS_RU_615818DA7C0343FD/addon.gproj' guid: '615818DA7C0343FD' (packed)
17:27:57.821    ENGINE       : gproj: 'C:/Users/jaco5/Documents/My Games/ArmaReforger/addons/WCS_Scopes_62A668F513428630/addon.gproj' guid: '62A668F513428630' (packed)
17:27:57.821    ENGINE       : gproj: 'C:/Users/jaco5/Documents/My Games/ArmaReforger/addons/WCS_Sounds_631C3C1AEE9C90BC/addon.gproj' guid: '631C3C1AEE9C90BC' (packed)
17:27:57.821    ENGINE       : gproj: 'C:/Users/jaco5/Documents/My Games/ArmaReforger/addons/WCS_VehicleLock_61BA4EB5C886D396/addon.gproj' guid: '61BA4EB5C886D396' (packed)
17:27:57.821    ENGINE       : gproj: 'C:/Users/jaco5/Documents/My Games/ArmaReforger/addons/WCS_Weapons_65CF7AE8574E06D2/addon.gproj' guid: '65CF7AE8574E06D2' (packed)
17:27:57.821    ENGINE       : gproj: 'C:/Users/jaco5/Documents/My Games/ArmaReforger/addons/WCS_Weapon_Scripts_68F006D910E7546F/addon.gproj' guid: '68F006D910E7546F' (packed)
17:27:57.821    ENGINE       : gproj: 'C:/Users/jaco5/Documents/My Games/ArmaReforger/addons/XimsInsurgents_69A6E371DAA7BCFC/addon.gproj' guid: '69A6E371DAA7BCFC' (packed)
17:27:57.822    ENGINE       : gproj: 'C:/Users/jaco5/Documents/My Games/ArmaReforger/addons/XimsLoadoutEditor_68909A97C613D81C/addon.gproj' guid: '68909A97C613D81C' (packed)
17:27:57.822    ENGINE       : gproj: 'C:/Users/jaco5/Documents/My Games/ArmaReforger/addons/Zargabad_662B602B3F823F27/addon.gproj' guid: '662B602B3F823F27' (packed)
17:27:57.822    ENGINE       : gproj: 'C:/Users/jaco5/Documents/My Games/ArmaReforger/addons/ZSU-23-4Shilka_62D15D0025AE021B/addon.gproj' guid: '62D15D0025AE021B' (packed)
17:27:57.822    ENGINE       : gproj: 'C:/Users/jaco5/Documents/My Games/ArmaReforgerWorkbench/addons/Expanded Saline Bags - AMF/addon.gproj' guid: '6A0D301D193ECB25'
17:27:57.822    ENGINE       : gproj: 'C:/Users/jaco5/Documents/My Games/ArmaReforgerWorkbench/addons/Expanded Saline Bags - RHS/addon.gproj' guid: '6A0D35D2B4808E62'
17:27:57.822    ENGINE       : gproj: 'C:/Users/jaco5/Documents/My Games/ArmaReforgerWorkbench/addons/Expanded Saline Bags - UK/addon.gproj' guid: '6A0D3D1BA4CE288F'
17:27:57.822    ENGINE       : gproj: 'C:/Users/jaco5/Documents/My Games/ArmaReforgerWorkbench/addons/France Loadouts by Relaxo/addon.gproj' guid: '687B06328B577A98'
17:27:57.822    ENGINE       : gproj: 'C:/Users/jaco5/Documents/My Games/ArmaReforgerWorkbench/addons/GMVehicleLock/addon.gproj' guid: 'A83D91C74F2E6B50'
17:27:57.823    ENGINE       : gproj: 'C:/Users/jaco5/Documents/My Games/ArmaReforgerWorkbench/addons/In God We Trust/addon.gproj' guid: '69770C017B580714'
17:27:57.823    ENGINE       : gproj: 'C:/Users/jaco5/Documents/My Games/ArmaReforgerWorkbench/addons/OperationKitKat/addon.gproj' guid: '6A231C34A4CF289E'
17:27:57.823   ENGINE       : FileSystem: Adding relative directory 'C:\Users\jaco5\Documents\My Games\ArmaReforgerWorkbench\addons\Oaschloch\RAMI_AdvancedMedicalInterface' to filesystem under name RAMI_AdvancedMedicalInterface
17:27:57.824   ENGINE       : FileSystem: Adding package 'C:/Users/jaco5/Documents/My Games/ArmaReforger/addons/ExpandedSalineBags_6A05287AF042071B/' (pak count: 1) to filesystem under name ExpandedSalineBags
17:27:57.825   ENGINE       : FileSystem: Adding package 'C:/Users/jaco5/Documents/My Games/ArmaReforger/addons/ACECarryingDev_65AD7C379CBD394D/' (pak count: 1) to filesystem under name ACE_Carrying_Dev
17:27:57.826   ENGINE       : FileSystem: Adding package 'C:/Users/jaco5/Documents/My Games/ArmaReforger/addons/ACEMedicalHitzonesDev_65B343F799FB521B/' (pak count: 1) to filesystem under name ACE_Medical_Hitzones_Dev
17:27:57.829   ENGINE       : FileSystem: Adding package 'C:/Users/jaco5/Documents/My Games/ArmaReforger/addons/ACEMedicalCirculationDev_65AD7D4F994EA327/' (pak count: 1) to filesystem under name ACE_Medical_Circulation_Dev
17:27:57.831   ENGINE       : FileSystem: Adding package 'C:/Users/jaco5/Documents/My Games/ArmaReforger/addons/ACEMedicalCoreDev_6586079789278413/' (pak count: 1) to filesystem under name ACE_Medical_Core_Dev
17:27:57.832   ENGINE       : FileSystem: Adding package 'C:/Users/jaco5/Documents/My Games/ArmaReforger/addons/ACECoreDev_65AD7D0D9941A380/' (pak count: 1) to filesystem under name ACE_Core_Dev
17:27:57.982   ENGINE       : FileSystem: Adding package 'C:/Program Files (x86)/Steam/steamapps/common/Arma Reforger/addons/data/' (pak count: 14) to filesystem under name ArmaReforger
17:27:57.987   ENGINE       : FileSystem: Adding package 'C:/Program Files (x86)/Steam/steamapps/common/Arma Reforger/addons/core/' (pak count: 2) to filesystem under name core
17:27:57.987   ENGINE       : CPU vendor         : GenuineIntel
17:27:57.988   ENGINE       : CPU type           : 1
17:27:57.988   ENGINE       : CPU name           : Intel(R) Core(TM) i7-9750H CPU @ 2.60GHz
17:27:57.988   ENGINE       : CPU cache info     : L1 [Inst 32KB, Data 32KB], L2 [Unif 256KB], L3 [Unif 12288KB]
17:27:57.988   ENGINE       : CPU count logical  : 12
17:27:57.988   ENGINE       : CPU count physical : 6
17:27:57.988   ENGINE       : CPU features       : mmx sse sse2 sse3 ssse3 sse4_1 sse4_2 popcnt aesni pclmulqdq osxsave avx avx2
17:27:57.988   RESOURCES    : ResourceDB: loading cache (id=0 name=RAMI_AdvancedMedicalInterface path=C:\Users\jaco5\Documents\My Games\ArmaReforgerWorkbench\addons\Oaschloch\RAMI_AdvancedMedicalInterface/resourceDatabase.rdb)
17:27:57.988   RESOURCES    : ResourceDB: loading cache (id=1 name=ExpandedSalineBags path=C:/Users/jaco5/Documents/My Games/ArmaReforger/addons/ExpandedSalineBags_6A05287AF042071B/resourceDatabase.rdb)
17:27:57.990   RESOURCES    : ResourceDB: loading cache (id=2 name=ACE_Carrying_Dev path=C:/Users/jaco5/Documents/My Games/ArmaReforger/addons/ACECarryingDev_65AD7C379CBD394D/resourceDatabase.rdb)
17:27:57.990   RESOURCES    : ResourceDB: loading cache (id=3 name=ACE_Medical_Hitzones_Dev path=C:/Users/jaco5/Documents/My Games/ArmaReforger/addons/ACEMedicalHitzonesDev_65B343F799FB521B/resourceDatabase.rdb)
17:27:57.991   RESOURCES    : ResourceDB: loading cache (id=4 name=ACE_Medical_Circulation_Dev path=C:/Users/jaco5/Documents/My Games/ArmaReforger/addons/ACEMedicalCirculationDev_65AD7D4F994EA327/resourceDatabase.rdb)
17:27:57.991   RESOURCES    : ResourceDB: loading cache (id=5 name=ACE_Medical_Core_Dev path=C:/Users/jaco5/Documents/My Games/ArmaReforger/addons/ACEMedicalCoreDev_6586079789278413/resourceDatabase.rdb)
17:27:57.992   RESOURCES    : ResourceDB: loading cache (id=6 name=ACE_Core_Dev path=C:/Users/jaco5/Documents/My Games/ArmaReforger/addons/ACECoreDev_65AD7D0D9941A380/resourceDatabase.rdb)
17:27:57.993   RESOURCES    : ResourceDB: loading cache (id=7 name=ArmaReforger path=C:/Program Files (x86)/Steam/steamapps/common/Arma Reforger/addons/data/resourceDatabase.rdb)
17:27:58.182   RESOURCES    : ResourceDB: loading cache (id=8 name=core path=C:/Program Files (x86)/Steam/steamapps/common/Arma Reforger/addons/core/resourceDatabase.rdb)
17:27:58.183   RESOURCES    : ResourceDB: loading cache (id=9 name=profile path=C:\Users\jaco5\Documents\My Games\ArmaReforgerWorkbench\profile/resourceDatabase.rdb)
17:27:58.391    RESOURCES    : RESOURCES    : ResourceDB: full scan
17:27:58.396     RESOURCES    : RESOURCES    : scanning...
17:27:58.396      RESOURCES    : RESOURCES    : scanning @"RAMI_AdvancedMedicalInterface"
17:27:58.398      RESOURCES    : RESOURCES    : scanning @"ExpandedSalineBags"
17:27:58.400      RESOURCES    : RESOURCES    : scanning @"ACE_Carrying_Dev"
17:27:58.403      RESOURCES    : RESOURCES    : scanning @"ACE_Medical_Hitzones_Dev"
17:27:58.405      RESOURCES    : RESOURCES    : scanning @"ACE_Medical_Circulation_Dev"
17:27:58.408      RESOURCES    : RESOURCES    : scanning @"ACE_Medical_Core_Dev"
17:27:58.410      RESOURCES    : RESOURCES    : scanning @"ACE_Core_Dev"
17:27:58.412      RESOURCES    : RESOURCES    : scanning @"ArmaReforger"
17:27:58.563      RESOURCES    : RESOURCES    : scanning @"core"
17:27:58.567      RESOURCES    : RESOURCES    : scanning @"profile"
17:27:58.570     RESOURCES    : RESOURCES    : processing meta-files...
17:27:58.570 INIT         : Workbench startup
17:27:58.570  INIT         : Workbench Init Engine
17:27:58.571   RESOURCES    : ResourceDB: full scan
17:27:58.571    RESOURCES    : processing meta-files...
17:27:58.571     RESOURCES (E): metafile without corresponding resource: '$RAMI_AdvancedMedicalInterface:UI/Textures/RAMI_BodyZones/RAMI_Tourniquet.edds.meta'
17:27:58.642     RESOURCES    : RESOURCES    : processing files...
17:27:58.647    RESOURCES    : processing files...
17:27:58.647     RESOURCES (W): resource not registered: @"$profile:AmbientSpawnConfig/config.json". Setting null GUID
17:27:58.647     RESOURCES (W): resource not registered: @"$profile:AmbientSpawnConfig/Templates/conflict_pve_ravage.json". Setting null GUID
17:27:58.648     RESOURCES (W): resource not registered: @"$profile:AmbientSpawnConfig/Templates/conflict_pve_robots.json". Setting null GUID
17:27:58.648     RESOURCES (W): resource not registered: @"$profile:AmbientSpawnConfig/Templates/conflict_ravage_as_fia.json". Setting null GUID
17:27:58.648     RESOURCES (W): resource not registered: @"$profile:AmbientSpawnConfig/Templates/default.json". Setting null GUID
17:27:58.648     RESOURCES (W): resource not registered: @"$profile:AmbientSpawnConfig/Templates/default_pve.json". Setting null GUID
17:27:58.650     RESOURCES (W): resource not registered: @"$profile:ArmaStatsBot/config.json". Setting null GUID
17:27:58.650     RESOURCES (W): resource not registered: @"$profile:ArmaStatsBot/global_2026_02.json". Setting null GUID
17:27:58.650     RESOURCES (W): resource not registered: @"$profile:ArmaStatsBot/global_2026_03.json". Setting null GUID
17:27:58.650     RESOURCES (W): resource not registered: @"$profile:ArmaStatsBot/global_2026_04.json". Setting null GUID
17:27:58.651     RESOURCES (W): resource not registered: @"$profile:ArmaStatsBot/playerstats.json". Setting null GUID
17:27:58.651     RESOURCES (W): resource not registered: @"$profile:CMPlayerStatsHUD/16e0b884-a2f2-49c5-a722-3b44148f8b26_playerstats.json". Setting null GUID
17:27:58.651     RESOURCES (W): resource not registered: @"$profile:CMPlayerStatsHUD/AdminServerSettings/AdminCanPromoteDemote.json". Setting null GUID
17:27:58.652     RESOURCES (W): resource not registered: @"$profile:CMPlayerStatsHUD/AdminServerSettings/AdminCanPromoteDemoteExemptions.json". Setting null GUID
17:27:58.652     RESOURCES (W): resource not registered: @"$profile:CMPlayerStatsHUD/AdminServerSettings/AdminCanPromoteDemoteExemptionsList.json". Setting null GUID
17:27:58.652     RESOURCES (W): resource not registered: @"$profile:CMPlayerStatsHUD/AdminServerSettings/OneTimeWipeAllPlayerXP.json". Setting null GUID
17:27:58.653     RESOURCES (W): resource not registered: @"$profile:CMPlayerStatsHUD/AdminServerSettings/PersistentRanks.json". Setting null GUID
17:27:58.653     RESOURCES (W): resource not registered: @"$profile:CMPlayerStatsHUD/AdminServerSettings/PlayerStatsSubMenuVisibility.json". Setting null GUID
17:27:58.653     RESOURCES (W): resource not registered: @"$profile:CMPlayerStatsHUD/AdminServerSettings/PunishAdminsForTeamKills.json". Setting null GUID
17:27:58.654     RESOURCES (W): resource not registered: @"$profile:CMPlayerStatsHUD/AdminServerSettings/RemoveVehicleKillsFromKDRatio.json". Setting null GUID
17:27:58.654     RESOURCES (W): resource not registered: @"$profile:CMPlayerStatsHUD/AdminServerSettings/SavingMethod.json". Setting null GUID
17:27:58.654     RESOURCES (W): resource not registered: @"$profile:CMPlayerStatsHUD/AdminServerSettings/ScenarioEndWipePlayerStats.json". Setting null GUID
17:27:58.655     RESOURCES (W): resource not registered: @"$profile:CMPlayerStatsHUD/AdminServerSettings/ScenarioEndWipePlayerXP.json". Setting null GUID
17:27:58.655     RESOURCES (W): resource not registered: @"$profile:CMPlayerStatsHUD/AdminServerSettings/ServerStartWipePlayerXP.json". Setting null GUID
17:27:58.655     RESOURCES (W): resource not registered: @"$profile:CMPlayerStatsHUD/AdminServerSettings/StatsAreOnlyVisibleInOwnHQ.json". Setting null GUID
17:27:58.656     RESOURCES (W): resource not registered: @"$profile:CMPlayerStatsHUD/AdminServerSettings/WipePlayerStatsExemptions.json". Setting null GUID
17:27:58.656     RESOURCES (W): resource not registered: @"$profile:CMPlayerStatsHUD/AdminServerSettings/WipeXPExemptions.json". Setting null GUID
17:27:58.656     RESOURCES (W): resource not registered: @"$profile:CMSquadRadioSound/player_ui_settings.json". Setting null GUID
17:27:58.657     RESOURCES (W): resource not registered: @"$profile:DEH_RealTimeSyncConfig.json". Setting null GUID
17:27:58.657     RESOURCES (W): resource not registered: @"$profile:GM_Tools/gm_tools_config.json". Setting null GUID
17:27:58.658     RESOURCES (W): resource not registered: @"$profile:GRS_ATAK/grs_atak.json". Setting null GUID
17:27:58.658     RESOURCES (W): resource not registered: @"$profile:GRS_ATAK/players/16e0b884-a2f2-49c5-a722-3b44148f8b26.json". Setting null GUID
17:27:58.658     RESOURCES (W): resource not registered: @"$profile:GRS_ATAK/profile.json". Setting null GUID
17:27:58.658     RESOURCES (W): resource not registered: @"$profile:GRS_ATAK/server_config.json". Setting null GUID
17:27:58.659     RESOURCES (W): resource not registered: @"$profile:IRRU_RFPropagation.json". Setting null GUID
17:27:58.659     RESOURCES (W): resource not registered: @"$profile:LAG_server_restarter_config.json". Setting null GUID
17:27:58.659     RESOURCES (W): resource not registered: @"$profile:LinearConflictPVEConfig/LCPConfig.json". Setting null GUID
17:27:58.659     RESOURCES (W): resource not registered: @"$profile:LinearConflictPVEConfig/LCPProgress.json". Setting null GUID
17:27:58.660     RESOURCES (W): resource not registered: @"$profile:OpsTrackSettings.json". Setting null GUID
17:27:58.660     RESOURCES (W): resource not registered: @"$profile:PlayerStatsList/PlayerStats.json". Setting null GUID
17:27:58.660     RESOURCES (W): resource not registered: @"$profile:PlayerStatsList/WebHook_config.json". Setting null GUID
17:27:58.660     RESOURCES (W): resource not registered: @"$profile:PlayerStatsList/WH_killFeed.json". Setting null GUID
17:27:58.661     RESOURCES (W): resource not registered: @"$profile:PlayerStatsList/WH_livestats.json". Setting null GUID
17:27:58.661     RESOURCES (W): resource not registered: @"$profile:PlayerStatsList/WH_status&chat.json". Setting null GUID
17:27:58.661     RESOURCES (W): resource not registered: @"$profile:RadioData.json". Setting null GUID
17:27:58.661     RESOURCES (W): resource not registered: @"$profile:SavingMarkers/SM_Drawings_default.json". Setting null GUID
17:27:58.661     RESOURCES (W): resource not registered: @"$profile:SavingMarkers/SM_Markers2_default.json". Setting null GUID
17:27:58.662     RESOURCES (W): resource not registered: @"$profile:ServerAdminTools_Config.json". Setting null GUID
17:27:58.662     RESOURCES (W): resource not registered: @"$profile:ServerAdminTools_Stats.json". Setting null GUID
17:27:58.662     RESOURCES (W): resource not registered: @"$profile:ServerRulesQuiz/ServerRulesConfig.json". Setting null GUID
17:27:58.662     RESOURCES (W): resource not registered: @"$profile:VONData.json". Setting null GUID
17:27:58.663     RESOURCES (W): resource not registered: @"$profile:VONServerData.json". Setting null GUID
17:27:58.663     RESOURCES (W): resource not registered: @"$profile:vPad/Settings.json". Setting null GUID
17:27:58.663     RESOURCES (W): resource not registered: @"$profile:WalkingSpeedIndicator/WalkingSpeedIndicatorConfig.json". Setting null GUID
17:27:58.663     RESOURCES    : RESOURCES    : processing folders...
17:27:58.671     RESOURCES    : RESOURCES    : creating GUID-item mapping...
17:27:58.694     RESOURCES    : RESOURCES    : building tree...
17:27:58.821   PROFILING    : ResourceDB: full scan took: 428.996300 ms
17:27:58.824   RESOURCES    : ResourceDB: saving cache (id=0 name=RAMI_AdvancedMedicalInterface path=C:\Users\jaco5\Documents\My Games\ArmaReforgerWorkbench\addons\Oaschloch\RAMI_AdvancedMedicalInterface/resourceDatabase.rdb)
17:27:58.828   RESOURCES    : ResourceDB: written 6277/6277 bytes
17:27:58.828   RESOURCES    : ResourceDB: cache successfully saved
17:27:58.829   RESOURCES    : ResourceDB: saving cache (id=9 name=profile path=C:\Users\jaco5\Documents\My Games\ArmaReforgerWorkbench\profile/resourceDatabase.rdb)
17:27:58.834   RESOURCES (E): ResourceDB: could not open cache file
17:27:58.834   ENGINE       : GameProject load
17:27:58.835    ENGINE       : Loaded addons:
17:27:58.836     ENGINE       : gproj: 'C:/Program Files (x86)/Steam/steamapps/common/Arma Reforger/addons/core/core.gproj' guid: '5614BBCCBB55ED1C'
17:27:58.836     ENGINE       : gproj: 'C:/Program Files (x86)/Steam/steamapps/common/Arma Reforger/addons/data/ArmaReforger.gproj' guid: '58D0FB3206B6F859'
17:27:58.836     ENGINE       : gproj: 'C:/Users/jaco5/Documents/My Games/ArmaReforger/addons/ACECoreDev_65AD7D0D9941A380/dev.gproj' guid: '65AD7D0D9941A380'
17:27:58.836     ENGINE       : gproj: 'C:/Users/jaco5/Documents/My Games/ArmaReforger/addons/ACEMedicalCoreDev_6586079789278413/dev.gproj' guid: '6586079789278413'
17:27:58.837     ENGINE       : gproj: 'C:/Users/jaco5/Documents/My Games/ArmaReforger/addons/ACEMedicalCirculationDev_65AD7D4F994EA327/dev.gproj' guid: '65AD7D4F994EA327'
17:27:58.837     ENGINE       : gproj: 'C:/Users/jaco5/Documents/My Games/ArmaReforger/addons/ACEMedicalHitzonesDev_65B343F799FB521B/dev.gproj' guid: '65B343F799FB521B'
17:27:58.838     ENGINE       : gproj: 'C:/Users/jaco5/Documents/My Games/ArmaReforger/addons/ACECarryingDev_65AD7C379CBD394D/dev.gproj' guid: '65AD7C379CBD394D'
17:27:58.838     ENGINE       : gproj: 'C:/Users/jaco5/Documents/My Games/ArmaReforger/addons/ExpandedSalineBags_6A05287AF042071B/addon.gproj' guid: '6A05287AF042071B'
17:27:58.840     ENGINE       : gproj: 'C:/Users/jaco5/Documents/My Games/ArmaReforgerWorkbench/addons/Oaschloch/RAMI_AdvancedMedicalInterface/RAMI_AdvancedMedicalInterface.gproj' guid: 'D36C5B996922FFDE'
17:27:58.849   ENGINE       : GameProject load
17:27:58.850    INIT         : GameProject load project data @"C:/Users/jaco5/Documents/My Games/ArmaReforger/addons/ACECoreDev_65AD7D0D9941A380/dev.gproj"
17:27:58.850     RESOURCES (E): Wrong GUID/name for resource @"{DE0B68C7B4B0E89C}Language/ACE_localization.st" in property "StringTableSource"
17:27:58.851    INIT         : GameProject load project data @"C:/Users/jaco5/Documents/My Games/ArmaReforger/addons/ACEMedicalCoreDev_6586079789278413/dev.gproj"
17:27:58.851     RESOURCES (E): Wrong GUID/name for resource @"{D393C26C894B1404}Language/ACE_Medical_Core_localization.st" in property "StringTableSource"
17:27:58.852    INIT         : GameProject load project data @"C:/Users/jaco5/Documents/My Games/ArmaReforger/addons/ACEMedicalCirculationDev_65AD7D4F994EA327/dev.gproj"
17:27:58.852     RESOURCES (E): Wrong GUID/name for resource @"{0780D43A82968920}Language/ACE_Medical_Circulation_localization.st" in property "StringTableSource"
17:27:58.853    INIT         : GameProject load project data @"C:/Users/jaco5/Documents/My Games/ArmaReforger/addons/ACECarryingDev_65AD7C379CBD394D/dev.gproj"
17:27:58.853     RESOURCES (E): Wrong GUID/name for resource @"{2E272B1D21C4446A}Language/ACE_Carrying_localization.st" in property "StringTableSource"
17:27:58.854   ENGINE       : No Enfusion settings file loaded. Continuing with defaults
17:27:59.054   RENDER       : (OK) Adapter 'NVIDIA GeForce RTX 2060' supports feature level 12_0
17:27:59.071   RENDER       : (OK) Adapter 'Intel(R) UHD Graphics 630' supports feature level 12_0
17:27:59.074   RENDER       : Adapter 1 (Intel(R) UHD Graphics 630) failed to provide some output
17:27:59.074   RENDER       : Basic screen setup:
17:27:59.074   RENDER       :   Back buffer format	       : TEXFMT_R8G8B8A8_SRGB (29)
17:27:59.074   RENDER       :   MSAA                      : none
17:27:59.083   RENDER       : Driver for NVIDIA GeForce RTX 2060 is from 22.7.2026 (1 month, 2 days old)
17:27:59.083   RENDER       : GPU_NVIDIA (0x10DE) (NVIDIA GeForce RTX 2060) with 1 GPU detected, VRAM 5955MB (fast 0MB), shared 8116MB, driver version 610.88
17:27:59.083   RENDER       : Detected output devices:
17:27:59.083   RENDER       :  * 1 device/s connected to NVIDIA GeForce RTX 2060:
17:27:59.083   RENDER       :    Generic PnP Monitor (\\.\DISPLAY1), 1920x1080 (offset 0x0), 144Hz
17:27:59.083   RENDER       :  * no output device connected to Intel(R) UHD Graphics 630
17:27:59.083   RENDER       :   Concurrent frames limit 2
17:28:01.916   RENDER       : Graphics device features
17:28:01.916   RENDER       :  Needed:
17:28:01.916   RENDER       :  * Highest supported shader model: 6.8 (6.0 needed)
17:28:01.916   RENDER       :  Optional:
17:28:01.916   RENDER       :  * Allow tearing (VSYNC) : 1
17:28:01.916   RENDER       :  * 16 bits : 1
17:28:01.916   RENDER       :  * Resource heap tier : 3
17:28:01.917   RENDER       :  * Persistent heaps (DRED) : 1
17:28:01.917   RENDER       :  * DRED 1.2 is supported by compiler
17:28:01.995   RENDER       : Main RT format setup.
17:28:01.995   RENDER       :   Main RT format for quality 0	: TEXFMT_R11G11B10_FLOAT (26)
17:28:01.995   RENDER       :   Main RT format for quality 1	: TEXFMT_R16G16B16A16_FLOAT (10)
17:28:02.014   ENGINE       : Job system settings: coreCount=12, shortJobContextCount=12, shortJobThreadCount=11, longJobThreadCount=12
17:28:02.039   PROFILING    : Settings changed took: 0.018100 ms
17:28:02.064 AUDIO        : Endpoint: Kopfhörer (Sound Blaster G3)
17:28:02.065 AUDIO        :  Format: Channels: 2, Sample rate: 48kHz, Avg. bytes: 384kB, Sample bits: 32, Block align: 8B
17:28:02.065 AUDIO        : Audio client:
17:28:02.065 AUDIO        :  Format: Channels: 2, Sample rate: 48kHz, Buffer size: 1536B, Frame: 512
17:28:02.070    RENDER       : RENDER       : Reload shaders
17:28:02.071    RENDER       : Enfusion shader version 10
17:28:02.071     INIT         : INIT         : ShaderListReload
17:28:02.071    PROFILING    : ShaderListReload took: 0.000500 ms
17:28:02.190 AUDIO        : Endpoint: Kopfhörer (Sound Blaster G3)
17:28:02.190 AUDIO        :  Format: Channels: 2, Sample rate: 48kHz, Avg. bytes: 384kB, Sample bits: 32, Block align: 8B
17:28:02.191 AUDIO        : Audio client:
17:28:02.191 AUDIO        :  Format: Channels: 2, Sample rate: 48kHz, Buffer size: 1536B, Frame: 512
17:28:02.322    RENDER       : Loaded 3746 newer shader binaries
17:28:02.323   PROFILING    : Reload shaders took: 252.642700 ms
17:28:02.323   ENGINE       : Initializing inputs.
17:28:02.351   NETWORK      : Initializing networking.
17:28:02.351   NETWORK      : Using new GameRplScheduler.
17:28:02.352    SCRIPT       : SCRIPT       : Initializing scripts
17:28:02.352     SCRIPT       : SCRIPT       : ScriptProjectManager init
17:28:02.627    PROFILING    : ScriptProjectManager init took: 274.437900 ms
17:28:02.658   PROFILING    : Initializing scripts took: 305.115300 ms
17:28:02.673   ENGINE       : Enfusion engine successfully created.
17:28:02.673  PROFILING    : Workbench Init Engine took: 4912.972300 ms
17:28:02.673   INIT         : INIT         : Workbench Create Game
17:28:02.692   GUI          : Using default language (en_us)
17:28:02.692   GUI          : Loading 'en_us' localization file.
17:28:02.692    INIT         : INIT         : Loading StringTable
17:28:02.721   PROFILING    : Loading StringTable took: 27.634300 ms
17:28:02.721    SCRIPT       : SCRIPT       : Compiling GameLib scripts
17:28:02.773    SCRIPT       : Module: Workbench; loaded 18x files; 36x classes; used 125K of static memory; defines: "ENF_WB,WORKBENCH,PLATFORM_WINDOWS,ENABLE_DIAG,ENF_ENABLE_VHC_OVERRIDE,ENF_ENABLE_RPLCOMPONENT_IN_GAMECODE"; CRC32: 90ce0460
17:28:02.773    SCRIPT       : Module: GameLib; loaded 465x files; 648x classes; used 828K of static memory; defines: "ENF_WB,WORKBENCH,PLATFORM_WINDOWS,ENABLE_DIAG,ENF_ENABLE_VHC_OVERRIDE,ENF_ENABLE_RPLCOMPONENT_IN_GAMECODE"; CRC32: 4507af04
17:28:02.774   PROFILING    : Compiling GameLib scripts took: 53.433900 ms
17:28:02.774    SCRIPT       : SCRIPT       : Compiling Game scripts
17:28:03.535  INIT         : Workbench Create Game
17:28:03.535   SCRIPT       : Compiling Game scripts
17:28:03.536    SCRIPT    (W): @"Scripts/Game/ACE_Core/FSM/ACE_FSM_Machine.c,187": Implicit conversion of 'ACE_FSM_IState<ACE_Medical_CharacterContext>' to 'int' yields a conditional expression result of either 0 or 1.
17:28:03.771    SCRIPT    (W): @"Scripts/Game/Editor/Components/EditableEntity/SCR_EditableEntityComponent.c,785": 'GetPlayerPlatformKind' is obsolete
17:28:03.771    SCRIPT    (W): @"Scripts/Game/Editor/Components/EditableEntity/SCR_EditableEntityComponent.c,786": 'GetPlayerPlatformId' is obsolete
17:28:04.031    SCRIPT    (W): @"Scripts/Game/Workshop/SCR_AddonManager.c,876": 'GetRefCount' is obsolete: Will be removed
17:28:04.064    SCRIPT    (W): @"Scripts/Game/Campaign/SCR_PlayerProfileManagerComponent.c,142": 'PlayerData' is obsolete
17:28:04.158    SCRIPT    (W): @"Scripts/Game/UI/Backend/CareerBackend.c,159": 'GetDSSession' is obsolete
17:28:04.160    SCRIPT    (W): @"Scripts/Game/UI/Backend/CareerBackend.c,162": 'RoomID' is obsolete
17:28:04.160    SCRIPT    (W): @"Scripts/Game/UI/Backend/CareerBackend.c,197": 'GetDSSession' is obsolete
17:28:04.160    SCRIPT    (W): @"Scripts/Game/UI/Backend/CareerBackend.c,201": 'RoomID' is obsolete
17:28:04.254    SCRIPT    (W): @"Scripts/Game/DataCollection/SCR_DataCollectorComponent.c,481": 'GetStorage' is obsolete
17:28:04.254    SCRIPT    (W): @"Scripts/Game/DataCollection/SCR_DataCollectorComponent.c,483": 'GetOnlineWritePrivilege' is obsolete
17:28:04.257    SCRIPT    (W): @"Scripts/Game/Utilities/SCR_PlayerIdentityUtils.c,20": 'GetPlayerIdentityId' is obsolete
17:28:04.300    SCRIPT    (W): @"Scripts/Game/UI/Menu/MainMenuUI.c,643": 'GetNotifyCount' is obsolete: Will be substitued by Notification Api.
17:28:04.301    SCRIPT    (W): @"Scripts/Game/UI/Menu/MainMenuUI.c,645": 'GetNotifyItem' is obsolete: Will be substitued by Notification Api.
17:28:04.356    SCRIPT    (W): @"Scripts/Game/DataCollection/PlayerData/SCR_PlayerData.c,210": 'PlayerData' is obsolete
17:28:04.376    RESOURCES    : GetResourceObject @"{37578B1666981FCE}Prefabs/Characters/Core/Character_Base.et"
17:28:04.376     WORLD        : Entity prefab load @"{37578B1666981FCE}Prefabs/Characters/Core/Character_Base.et"
17:28:04.376      WORLD     (E): Unknown class 'SCR_ChimeraCharacter' at offset 21(0x15)
17:28:04.377      ENGINE    (W): Can't load prefab Prefabs/Characters/Core/Character_Base.et
17:28:04.377     RESOURCES (E): Failed to load
17:28:04.624    SCRIPT       : Module: WorkbenchGame; loaded 170x files; 615x classes; used 2477K of static memory; defines: "ENF_WB,WORKBENCH,PLATFORM_WINDOWS,ENABLE_DIAG,ENF_ENABLE_VHC_OVERRIDE,ENF_ENABLE_RPLCOMPONENT_IN_GAMECODE"; CRC32: 8db9d524
17:28:04.631    SCRIPT       : Module: Game; loaded 5951x files; 11486x classes; used 33052K of static memory; defines: "ENF_WB,WORKBENCH,PLATFORM_WINDOWS,ENABLE_DIAG,ENF_ENABLE_VHC_OVERRIDE,ENF_ENABLE_RPLCOMPONENT_IN_GAMECODE,ENABLE_BASE_DESTRUCTION,BUDGET_OPTIMIZATION_CHECKS,SHOW_DISCLAIMER,DEBUG,RESPAWN_TIMER_COMPONENT_DEBUG,GAME_MODE_DEBUG,DEBUG_CONFIGURABLE_DIALOGS,DISABLE_WEAPON_SWITCHING,SCRIPTED_AIM_MODIFIER_DEBUG"; CRC32: 33ec58c6
17:28:04.694   PROFILING    : Compiling Game scripts took: 1920.514400 ms
17:28:04.700   INIT         : Creating game instance(ArmaReforgerScripted), version 1.8.0.10 built 2026-07-31 15:18:14 UTC.
17:28:04.715   ENGINE    (E): BackendDebug:: cannot create directory ($logs:.backend/)
17:28:04.772   ENGINE       : Game successfully created.
17:28:04.772   PLATFORM  (E): Steamworks: SteamAPI_Init failed. Is Steam running?
17:28:04.772   PLATFORM  (E): Could not initialize platform services.
17:28:04.772  PROFILING    : Workbench Create Game took: 2098.253400 ms
